Survey,Version,Item Concept,Form Name,Section Header,Field Type,Field Label,"Choices, Calculations, OR Slider Labels",Text Validation Type OR Show Slider Number,Text Validation Min,Text Validation Max,Branching Logic (Show field only if...),Required Field?,Custom Alignment,Field Annotation,Generalized Answer Codes,Registered Tier Rules,Controlled Tier Rules
Basics,,thebasics,the_basics,,descriptive,The Basics,,,,,,,,,,,
Basics,,thebasics_birthplace,the_basics,The first 9 questions ask about basic background information.,radio,In what country were you born?,"Birthplace_USA, USA | PMI_Other, Other",,,,,,LV,REGISTERED_ANSWERS_BUCKETED,PMI_other,REGISTERED_ANSWERS_BUCKETED,
Basics,,thebasics_countryborntextbox,the_basics,,text,Please specify.,,,,,[thebasics_birthplace] = 'PMI_Other',,LV,REGISTERED_QUESTION_SUPPRESSED,,REGISTERED_QUESTION_SUPPRESSED,CONTROLLED_QUESTION_SUPPRESSED
Basics,,race_whatraceethnicity,the_basics,,checkbox,"Which categories describe you? Select all that apply. Note, you may select more than one group. ","WhatRaceEthnicity_AIAN, American Indian or Alaska Native (For example: Aztec, Blackfeet Tribe, Mayan, Navajo Nation, Native Village of Barrow Inupiat Traditional Government, Nome Eskimo Community, etc.) | WhatRaceEthnicity_Asian, Asian (For example: Asian Indian, Chinese, Filipino, Japanese, Korean, Vietnamese, etc.) | WhatRaceEthnicity_Black, Black, African American or African (For example: African American, Ethiopian, Haitian, Jamaican, Nigerian, Somali, etc.) | WhatRaceEthnicity_Hispanic, Hispanic, Latino, or Spanish  (For example: Columbian, Cuban, Dominican, Mexican or Mexican American, Puerto Rican, Salvadoran, etc.) | WhatRaceEthnicity_MENA, Middle Eastern or North African (For example: Algerian, Egyptian, Iranian, Lebanese, Moroccan, Syrian, etc.) | WhatRaceEthnicity_NHPI, Native Hawaiian or other Pacific Islander (For example: Chamorro, Fijian, Marshallese, Native Hawaiian, Tongan, etc.) | WhatRaceEthnicity_White, White (For example: English, European, French, German, Irish, Italian, Polish, etc.) | WhatRaceEthnicity_RaceEthnicityNoneOfThese, None of these fully describe me | PMI_PreferNotToAnswer, Prefer not to answer",,,,,,LV," @NONEOFTHEABOVE=PMI_PreferNotToAnswer, REGISTERED_ANSWERS_BUCKETED","WhatRaceEthnicity_GeneralizedPopulation, WhatRaceEthnicity_GeneralizedMultPopulations",,
Basics,,whatraceethnicity_raceethnicitynoneofthese,the_basics,,text,Please specify.,,,,,[race_whatraceethnicity(WhatRaceEthnicity_RaceEthnicityNoneOfThese)] = '1',,LV,REGISTERED_QUESTION_SUPPRESSED,,REGISTERED_QUESTION_SUPPRESSED,CONTROLLED_QUESTION_SUPPRESSED
Basics,,aian_aianspecific,the_basics,,checkbox,American Indian or Alaska Native (Select all that apply),"AIANSpecific_AmericanIndian, American Indian | AIANSpecific_AlaskaNative, Alaska Native | AIANSpecific_CentralSouthAmericanIndian, Central or South American Indian | AIANSpecific_AIANNoneOfTheseDescribeMe, None of these fully describe me",,,,[race_whatraceethnicity(WhatRaceEthnicity_AIAN)] = '1',,LV,@NONEOFTHEABOVE=AIANSpecific_AIANNoneOfTheseDescribeMe REGISTERED_QUESTION_SUPPRESSED,,REGISTERED_QUESTION_SUPPRESSED,CONTROLLED_QUESTION_SUPPRESSED
Basics,,aian_tribe,the_basics,,text,"Provide the name of the tribe in which you are enrolled  or affiliated or your tribal descent. (for example, Navajo Nation, Blackfeet Tribe, Mayan, Aztec, Native Village of Barrow Inupiat Traditional Government, Nome Eskimo Community, etc.)
",,,,,[aian_aianspecific(AIANSpecific_AmericanIndian)] = '1' or [aian_aianspecific(AIANSpecific_AlaskaNative)] = '1' or [aian_aianspecific(AIANSpecific_CentralSouthAmericanIndian)] = '1',,LV,REGISTERED_QUESTION_SUPPRESSED,,REGISTERED_QUESTION_SUPPRESSED,CONTROLLED_QUESTION_SUPPRESSED
Basics,,aiannoneofthesedescribeme_aianfreetext,the_basics,,text,Please specify.,,,,,[aian_aianspecific(AIANSpecific_AIANNoneOfTheseDescribeMe)] = '1',,LV,REGISTERED_QUESTION_SUPPRESSED,,REGISTERED_QUESTION_SUPPRESSED,CONTROLLED_QUESTION_SUPPRESSED
Basics,,asian_asianspecific,the_basics,,checkbox,Asian (Select all that apply),"AsianSpecific_AsianSpecificIndian, Asian Indian | AsianSpecific_Cambodian, Cambodian | AsianSpecific_Chinese, Chinese | AsianSpecific_Filipino, Filipino | AsianSpecific_Hmong, Hmong | AsianSpecific_Japanese, Japanese | AsianSpecific_Korean, Korean | AsianSpecific_Pakistani, Pakistani | AsianSpecific_Vietnamese, Vietnamese | AsianSpecific_NoneOfTheseDescribeMe, None of these fully describe me",,,,[race_whatraceethnicity(WhatRaceEthnicity_Asian)] = '1',,LV,@NONEOFTHEABOVE=AsianSpecific_NoneOfTheseDescribeMe REGISTERED_QUESTION_SUPPRESSED,,REGISTERED_QUESTION_SUPPRESSED,CONTROLLED_QUESTION_SUPPRESSED
Basics,,noneofthesedescribeme_asianfreetext,the_basics,,text,Please specify.,,,,,[asian_asianspecific(AsianSpecific_NoneOfTheseDescribeMe)] = '1',,LV,REGISTERED_QUESTION_SUPPRESSED,,REGISTERED_QUESTION_SUPPRESSED,CONTROLLED_QUESTION_SUPPRESSED
Basics,,black_blackspecific,the_basics,,checkbox,"Black, African American or African (Select all that apply)","BlackSpecific_AfricanAmerican, African American | BlackSpecific_Barbadian, Barbadian | BlackSpecific_Caribbean, Caribbean | BlackSpecific_Ethiopian, Ethiopian | BlackSpecific_Ghanaian, Ghanaian | BlackSpecific_Haitian, Haitian | BlackSpecific_Jamaican, Jamaican | BlackSpecific_Liberian, Liberian | BlackSpecific_Nigerian, Nigerian | BlackSpecific_Somali, Somali | BlackSpecific_SouthAfrican, South African | BlackSpecific_BlackNoneOfTheseDescribeMe, None of these fully describe me",,,,[race_whatraceethnicity(WhatRaceEthnicity_Black)] = '1',,LV,@NONEOFTHEABOVE=BlackSpecific_BlackNoneOfTheseDescribeMe REGISTERED_QUESTION_SUPPRESSED,,REGISTERED_QUESTION_SUPPRESSED,CONTROLLED_QUESTION_SUPPRESSED
Basics,,blacknoneofthesedescribeme_blackfreetext,the_basics,,text,Please specify.,,,,,[black_blackspecific(BlackSpecific_BlackNoneOfTheseDescribeMe)] = '1',,LV,REGISTERED_QUESTION_SUPPRESSED,,REGISTERED_QUESTION_SUPPRESSED,CONTROLLED_QUESTION_SUPPRESSED
Basics,,hispanic_hispanicspecific,the_basics,,checkbox,"Hispanic, Latino, or Spanish (Select all that apply)","HispanicSpecific_Colombian, Colombian | HispanicSpecific_Cuban, Cuban | HispanicSpecific_Dominican, Dominican | HispanicSpecific_Ecuadorian, Ecuadorian | HispanicSpecific_Honduran, Honduran | HispanicSpecific_Mexican, Mexican or Mexican American | HispanicSpecific_PuertoRican, Puerto Rican | HispanicSpecific_Salvadoran, Salvadoran | HispanicSpecific_Spanish, Spanish | HispanicSpecific_HispanicNoneOfTheseDescribeMe, None of these fully describe me",,,,[race_whatraceethnicity(WhatRaceEthnicity_Hispanic)] = '1',,LV,@NONEOFTHEABOVE=HispanicSpecific_HispanicNoneOfTheseDescribeMe REGISTERED_QUESTION_SUPPRESSED,,REGISTERED_QUESTION_SUPPRESSED,CONTROLLED_QUESTION_SUPPRESSED
Basics,,hispanicnoneofthesedescribeme_hispanicfreetext,the_basics,,text,Please specify.,,,,,[hispanic_hispanicspecific(HispanicSpecific_HispanicNoneOfTheseDescribeMe)] = '1',,LV,REGISTERED_QUESTION_SUPPRESSED,,REGISTERED_QUESTION_SUPPRESSED,CONTROLLED_QUESTION_SUPPRESSED
Basics,,mena_menaspecific,the_basics,,checkbox,Middle Eastern or North African (Select all that apply),"MENASpecific_Afghan, Afghan | MENASpecific_Algerian, Algerian | MENASpecific_Egypt, Egyptian | MENASpecific_Iranian, Iranian | MENASpecific_Iraqi, Iraqi | MENASpecific_Israeli, Israeli | MENASpecific_Lebanese, Lebanese | MENASpecific_Moroccan, Moroccan | MENASpecific_Syrian, Syrian | MENASpecific_Tunisian, Tunisian | MENASpecific_MENANoneOfTheseDescribeMe, None of these fully describe me",,,,[race_whatraceethnicity(WhatRaceEthnicity_MENA)] = '1',,LV,@NONEOFTHEABOVE=MENASpecific_MENANoneOfTheseDescribeMe REGISTERED_QUESTION_SUPPRESSED,,REGISTERED_QUESTION_SUPPRESSED,CONTROLLED_QUESTION_SUPPRESSED
Basics,,menanoneofthesedescribeme_menafreetext,the_basics,,text,Please specify.,,,,,[mena_menaspecific(MENASpecific_MENANoneOfTheseDescribeMe)] = '1',,LV,REGISTERED_QUESTION_SUPPRESSED,,REGISTERED_QUESTION_SUPPRESSED,CONTROLLED_QUESTION_SUPPRESSED
Basics,,nhpi_nhpispecific,the_basics,,checkbox,Native Hawaiian or other Pacific Islander (Select all that apply),"NHPISpecific_Chamorro, Chamorro | NHPISpecific_Chuukese, Chuukese | NHPISpecific_Fijian, Fijian | NHPISpecific_Marshallese, Marshallese | NHPISpecific_NativeHawaiian, Native Hawaiian | NHPISpecific_Palauan, Palauan | NHPISpecific_Samoan, Samoan | NHPISpecific_Tahitian, Tahitian | NHPISpecific_Tongan, Tongan | NHPISpecific_NHPINoneOfTheseDescribeMe, None of these fully describe me",,,,[race_whatraceethnicity(WhatRaceEthnicity_NHPI)] = '1',,LV,@NONEOFTHEABOVE=NHPISpecific_NHPINoneOfTheseDescribeMe REGISTERED_QUESTION_SUPPRESSED,,REGISTERED_QUESTION_SUPPRESSED,CONTROLLED_QUESTION_SUPPRESSED
Basics,,nhpinoneofthesedescribeme_nhpifreetext,the_basics,,text,Please specify.,,,,,[nhpi_nhpispecific(NHPISpecific_NHPINoneOfTheseDescribeMe)] = '1',,LV,REGISTERED_QUESTION_SUPPRESSED,,REGISTERED_QUESTION_SUPPRESSED,CONTROLLED_QUESTION_SUPPRESSED
Basics,,white_whitespecific,the_basics,,checkbox,White (Select all that apply),"WhiteSpecific_Dutch, Dutch | WhiteSpecific_English, English | WhiteSpecific_European, European | WhiteSpecific_French, French | WhiteSpecific_German, German | WhiteSpecific_Irish, Irish | WhiteSpecific_Italian, Italian | WhiteSpecific_Norwegian, Norwegian | WhiteSpecific_Polish, Polish | WhiteSpecific_Scottish, Scottish | WhiteSpecific_Spanish, Spanish | WhiteSpecific_WhiteNoneOfTheseDescribeMe, None of these fully describe me",,,,[race_whatraceethnicity(WhatRaceEthnicity_White)] = '1',,LV,@NONEOFTHEABOVE=WhiteSpecific_WhiteNoneOfTheseDescribeMe REGISTERED_QUESTION_SUPPRESSED,,REGISTERED_QUESTION_SUPPRESSED,CONTROLLED_QUESTION_SUPPRESSED
Basics,,whitenoneofthesedescribeme_whitefreetext,the_basics,,text,Please specify.,,,,,[white_whitespecific(WhiteSpecific_WhiteNoneOfTheseDescribeMe)] = '1',,LV,REGISTERED_QUESTION_SUPPRESSED,,REGISTERED_QUESTION_SUPPRESSED,CONTROLLED_QUESTION_SUPPRESSED
Basics,,gender_genderidentity,the_basics,,checkbox,What terms best express how you describe your gender identity? (Check all that apply),"GenderIdentity_Man, Man | GenderIdentity_Woman, Woman | GenderIdentity_NonBinary, Non-binary | GenderIdentity_Transgender, Transgender | GenderIdentity_AdditionalOptions, None of these describe me, and I'd like to consider additional options | PMI_PreferNotToAnswer, Prefer not to answer",,,,,,LV," @NONEOFTHEABOVE='PMI_PreferNotToAnswer,GenderIdentity_AdditionalOptions' REGISTERED_ANSWERS_BUCKETED",GenderIdentity_GeneralizedDiffGender,REGISTERED_ANSWERS_BUCKETED,
Basics,,gender_closergenderdescription,the_basics,,checkbox,Are any of these a closer description to your gender identity? (Check all that apply),"CloserGenderDescription_TransMan, Trans man/Transgender Man/FTM | CloserGenderDescription_TransWoman, Trans woman/Transgender Woman/MTF | CloserGenderDescription_Genderqueer, Genderqueer | CloserGenderDescription_Genderfluid, Genderfluid | CloserGenderDescription_GenderVariant, Gender variant | SexualityCloserDescription_TwoSpirit, Two-spirit | CloserGenderDescription_Unsure, Questioning or unsure of your gender identity | CloserGenderDescription_SpecifiedGender, None of these describe me, and I want to specify",,,,[gender_genderidentity(GenderIdentity_NonBinary)] = '1' or [gender_genderidentity(GenderIdentity_Transgender)] = '1' or [gender_genderidentity(GenderIdentity_AdditionalOptions)] = '1',,LV,@NONEOFTHEABOVE=CloserGenderDescription_SpecifiedGender REGISTERED_QUESTION_SUPPRESSED,,REGISTERED_QUESTION_SUPPRESSED,
Basics,,specifiedgender_specifiedgendertextbox,the_basics,,text,Please specify.,,,,,[gender_closergenderdescription(CloserGenderDescription_SpecifiedGender)] = '1',,LV,REGISTERED_QUESTION_SUPPRESSED,,REGISTERED_QUESTION_SUPPRESSED,CONTROLLED_QUESTION_SUPPRESSED
Basics,,biologicalsexatbirth_sexatbirth,the_basics,,radio,What was your biological sex assigned at birth?,"SexAtBirth_Male, Male | SexAtBirth_Female, Female | SexAtBirth_Intersex, Intersex | SexAtBirth_SexAtBirthNoneOfThese, None of these describe me | PMI_PreferNotToAnswer, Prefer not to answer",,,,,,LV,REGISTERED_ANSWERS_BUCKETED,SexAtBirth_GeneralizedDiffSex,REGISTERED_ANSWERS_BUCKETED,
Basics,,sexatbirthnoneofthese_sexatbirthtextbox,the_basics,,text,Please specify.,,,,,[biologicalsexatbirth_sexatbirth] = 'SexAtBirth_SexAtBirthNoneOfThese',,LV,REGISTERED_QUESTION_SUPPRESSED,,REGISTERED_QUESTION_SUPPRESSED,CONTROLLED_QUESTION_SUPPRESSED
Basics,,thebasics_sexualorientation,the_basics,,checkbox,Which of the following best represents how you think of yourself? (Check all that apply),"SexualOrientation_Gay, Gay | SexualOrientation_Lesbian, Lesbian | SexualOrientation_Straight, Straight; that is, not gay or lesbian, etc. | SexualOrientation_Bisexual, Bisexual | SexualOrientation_None, None of these describe me and I'd like to see additional options | PMI_PreferNotToAnswer, Prefer not to answer",,,,,,LV," @NONEOFTHEABOVE='PMI_PreferNotToAnswer,SexualOrientation_None' REGISTERED_ANSWERS_BUCKETED",SexualOrientation_GeneralizedNotStraight,REGISTERED_ANSWERS_BUCKETED,
Basics,,genderidentity_sexualitycloserdescription,the_basics,,radio,Are any of these a closer description of how you think of yourself?,"SexualityCloserDescription_Queer, Queer | SexualityCloserDescription_PolyOmniSapioPansexual, Polysexual, omnisexual, sapiosexual or pansexual | SexualityCloserDescription_Asexual, Asexual | SexualityCloserDescription_TwoSpirit, Two-spirit | SexualityCloserDescription_NotFiguredOut, Have not figured out or are in the process of figuring our your sexuality | SexualityCloserDescription_MostlyStraight, Mostly straight, but  sometimes attracted to people of your own sex | SexualityCloserDescription_NoSexuality, Do not think of yourself as having sexuality | SexualityCloserDescription_NoLabels, Do not use labels to identity yourself | SexualityCloserDescription_DontKnow, Don't know the answer | SexualityCloserDescription_SomethingElse, No, I mean something else",,,,[thebasics_sexualorientation(SexualOrientation_None)] = '1',,LV,REGISTERED_QUESTION_SUPPRESSED,,REGISTERED_QUESTION_SUPPRESSED,
Basics,,somethingelse_sexualitysomethingelsetextbox,the_basics,,text,Please specify.,,,,,[genderidentity_sexualitycloserdescription] = 'SexualityCloserDescription_SomethingElse',,LV,REGISTERED_QUESTION_SUPPRESSED,,REGISTERED_QUESTION_SUPPRESSED,CONTROLLED_QUESTION_SUPPRESSED
Basics,,educationlevel_highestgrade,the_basics,,radio,What is the highest grade or year of school you completed?,"HighestGrade_NeverAttended, Never attended school or only attended kindergarten | HighestGrade_OneThroughFour, Grades 1 through 4 (Primary school) | HighestGrade_FiveThroughEight, Grades 5 through 8 (Middle school) | HighestGrade_NineThroughEleven, Grades 9 through 11 (Some high school) | HighestGrade_TwelveOrGED, Grade 12 or GED (High school graduate) | HighestGrade_CollegeOnetoThree, 1 to 3 years after high school (Some college, Associate's Degree, or technical school) | HighestGrade_CollegeGraduate, College 4 years or more (College graduate) | HighestGrade_AdvancedDegree, Advanced degree (Master's, Doctorate, etc.) | PMI_PreferNotToAnswer, Prefer not to answer",,,,,,LV,REGISTERED_ANSWERS_BUCKETED,"HighestGrade_GeneralizedNoHighSchoolDegree, HighestGrade_GeneralizedCollegeAndAbove",REGISTERED_ANSWERS_BUCKETED,
Basics,,activeduty_activedutyservestatus,the_basics,,radio,"Have you ever served on active duty in the United States Armed Forces, either in the regular military or in a National Guard or military reserve unit? 

Note: Active duty does not include training for the Reserves or National Guard, but DOES include activation, for example, for the Persian Gulf War.","AvtiveDutyServeStatus_Yes, Yes | AvtiveDutyServeStatus_No, No | PMI_PreferNotToAnswer, Prefer not to answer",,,,,,LV,"REGISTERED_QUESTION_SUPPRESSED, activeduty_activedutyservestatus=ActiveDuty_AvtiveDutyServeStatus",,REGISTERED_QUESTION_SUPPRESSED,
Basics,,maritalstatus_currentmaritalstatus,the_basics,,radio,What is your current marital status?,"CurrentMaritalStatus_Married, Married | CurrentMaritalStatus_Divorced, Divorced | CurrentMaritalStatus_Widowed, Widowed | CurrentMaritalStatus_Separated, Separated | CurrentMaritalStatus_NeverMarried, Never married | CurrentMaritalStatus_LivingWithPartner, Living with partner | PMI_PreferNotToAnswer, Prefer not to answer",,,,,,LV,,,,
Basics,,livingsituation_howmanypeople,the_basics,The next 2 questions ask about any people who live with you.,text,"Not including yourself, how many other people live at home with you?",,integer,0,20,,,LV,REGISTERED_ANSWERS_BUCKETED,Generalized above 11,REGISTERED_ANSWERS_BUCKETED,CONTROLLED_ANSWERS_BUCKETED
Basics,,livingsituation_peopleunder18,the_basics,,text,Think of other people who live with you. How many are under the age of 18 years?,,integer,1,20,[livingsituation_howmanypeople] > '0',,LV,REGISTERED_ANSWERS_BUCKETED,Generalized above 5,REGISTERED_ANSWERS_BUCKETED,CONTROLLED_ANSWERS_BUCKETED
Basics,,insurance_healthinsurance,the_basics,The next questions are about health insurance. Include health insurance obtained through employment or purchased directly as well as government programs like Medicare and Medicaid that provide medical care or help pay medical bills.,radio,Are you covered by health insurance or some other kind of health care plan?,"HealthInsurance_Yes, Yes | HealthInsurance_No, No | PMI_PreferNotToAnswer, Prefer not to answer | PMI_Dontknow, Don't know",,,,,,LV,,,,
Basics,,healthinsurance_insurancetypeupdate,the_basics,,checkbox,Are you currently covered by any of the following types of health insurance or health coverage plans? Select all that apply from one group.,"InsuranceTypeUpdate_Purchased, Insurance purchased directly from an insurance company (by you or another family member) | InsuranceTypeUpdate_EmployerOrUnion, Insurance through a current or former employer or union (by you or another family member) | InsuranceTypeUpdate_Medicare, Medicare, for people 65 and older or people with certain disabilities | InsuranceTypeUpdate_Medicaid, Medicaid, Medical Assistance, or any kind of government-assistance plan for those with low incomes or disability | InsuranceTypeUpdate_Military, TRICARE or other military health care | InsuranceTypeUpdate_VA, Veterans Affairs (VA) (including those who have ever used or enrolled for VA health care) | InsuranceTypeUpdate_Indian, Indian Health Service | InsuranceTypeUpdate_OtherHealthPlan, Any other type of health insurance or health coverage plan | InsuranceTypeUpdate_None, I don't have health insurance, self-pay",,,,[insurance_healthinsurance] = 'HealthInsurance_Yes',,LV," @NONEOFTHEABOVE=InsuranceTypeUpdate_None, I don't have health insurance",,,
Basics,,otherhealthplan_freetext,the_basics,,text,Please specify.,,,,,[healthinsurance_insurancetypeupdate(InsuranceTypeUpdate_OtherHealthPlan)] = '1',,LV,REGISTERED_QUESTION_SUPPRESSED,,REGISTERED_QUESTION_SUPPRESSED,CONTROLLED_QUESTION_SUPPRESSED
Basics,,disability_deaf,the_basics,"The next questions ask if you have a disability. Some questions will ask you about more than one disability at a time. Please answer ""Yes"" if you have any one of them.

Info button text: In 1990, Congress passed a civil rights law to protect people with disabilities. The name of that law is the ADA (Americans with Disabilities Act). Having a disability means you might have a physical or mental problem. That problem might make it hard to do certain things. You might have a problem with: walking, breathing, learning, reading, communicating, seeing, hearing, or thinking.)",radio,Are you deaf or do you have serious difficulty hearing?,"Deaf_Yes, Yes | Deaf_No, No | Deaf_PreferNotToAnswer, Prefer not to answer",,,,,,,,,,
Basics,,disability_blind,the_basics,,radio,"Are you blind or do you have serious difficulty seeing, even when wearing glasses?","Blind_Yes, Yes | Blind_No, No | Blind_PreferNotToAnswer, Prefer not to answer",,,,,,,,,,
Basics,,disability_difficultyconcentrating,the_basics,,radio,"Because of a physical, mental, or emotional condition, do you have serious difficulty concentrating, remembering or making decisions?","DifficultyConcentrating_Yes, Yes | DifficultyConcentrating_No, No | DifficultyConcentrating_PreferNotToAnswer, Prefer not to answer",,,,,,,,,,
Basics,,disability_walkingclimbing,the_basics,,radio,Do you have serious difficulty walking or climbing stairs?,"WalkingClimbing_Yes, Yes | WalkingClimbing_No, No | WalkingClimbing_PreferNotToAnswer, Prefer not to answer",,,,,,,,,,
Basics,,disability_dressingbathing,the_basics,,radio,Do you have difficulty dressing or bathing?,"DressingBathing_Yes, Yes | DressingBathing_No, No | DressingBathing_PreferNotToAnswer, Prefer not to answer",,,,,,,,,,
Basics,,disability_errandsalone,the_basics,,radio,"Because of a physical, mental, or emotional condition, do you have difficulty doing errands alone such as visiting doctor's office or shopping?","ErrandsAlone_Yes, Yes | ErrandsAlone_No, No | ErrandsAlone_PreferNotToAnswer, Prefer not to answer",,,,,,,,,,
Basics,,employment_employmentstatus,the_basics,"The next questions are about your job, income, and where you live.",checkbox,What is your current employment status? Please select 1 or more of these categories.,"EmploymentStatus_EmployedForWages, Employed for wages (part-time or full-time) | EmploymentStatus_SelfEmployed, Self-employed | EmploymentStatus_OutOfWorkOneOrMore, Out of work for 1 year or more | EmploymentStatus_OutOfWorkLessThanOne, Out of work for less than 1 year | EmploymentStatus_Homemaker, A homemaker | EmploymentStatus_Student, A student | EmploymentStatus_Retired, Retired | EmploymentStatus_UnableToWork, Unable to work (disabled) | PMI_PreferNotToAnswer, Prefer not to answer",,,,,,LV,@NONEOFTHEABOVE=PMI_PreferNotToAnswer REGISTERED_ANSWERS_BUCKETED,"EmploymentStatus_GeneralizedEmployed, EmploymentStatus_GeneralizedNotEmployed",REGISTERED_ANSWERS_BUCKETED,
Basics,,employment_employmentworkaddress,the_basics,,radio,"Sharing where you work may help us learn about how the environment affects health. Sharing your work address is your choice. You can say no and still take part in the program. 

What is your work street address?","employment_employmentworkaddress, Enter address | PMI_PreferNotToAnswer, Prefer not to answer",,,,[employment_employmentstatus(EmploymentStatus_EmployedForWages)] = '1' or [employment_employmentstatus(EmploymentStatus_SelfEmployed)] = '1',,LV,REGISTERED_QUESTION_SUPPRESSED,,REGISTERED_QUESTION_SUPPRESSED,CONTROLLED_QUESTION_SUPPRESSED
Basics,,employmentworkaddress_addresslineone,the_basics,,text,Address 1,,,,,[employment_employmentworkaddress] = 'employment_employmentworkaddress',,LV,REGISTERED_QUESTION_SUPPRESSED,,REGISTERED_QUESTION_SUPPRESSED,CONTROLLED_QUESTION_SUPPRESSED
Basics,,employmentworkaddress_addresslinetwo,the_basics,,text,Address 2,,,,,[employment_employmentworkaddress] = 'employment_employmentworkaddress',,LV,REGISTERED_QUESTION_SUPPRESSED,,REGISTERED_QUESTION_SUPPRESSED,CONTROLLED_QUESTION_SUPPRESSED
Basics,,employmentworkaddress_city,the_basics,,text,City,,,,,[employment_employmentworkaddress] = 'employment_employmentworkaddress',,LV,REGISTERED_QUESTION_SUPPRESSED,,REGISTERED_QUESTION_SUPPRESSED,CONTROLLED_QUESTION_SUPPRESSED
Basics,,employmentworkaddress_state,the_basics,,dropdown,State,"State_AL, Alabama | State_AK, Alaska | State_AZ, Arizona | State_AR, Arkansas | State_CA, California | State_CO, Colorado | State_CT, Connecticut | State_DE, Delaware | State_FL, Florida | State_GA, Georgia | State_HI, Hawaii | State_ID, Idaho | State_IL, Illinois | State_IN, Indiana | State_IA, Iowa | State_KS, Kansas | State_KY, Kentucky | State_LA, Louisiana | State_ME, Maine | State_MD, Maryland | State_MA, Massachusetts | State_MI, Michigan | State_MN, Minnesota | State_MS, Mississippi | State_MO, Missouri | State_MT, Montana | State_NE, Nebraska | State_NV, Nevada | State_NH, New Hampshire | State_NJ, New Jersey | State_NM, New Mexico | State_NY, New York | State_NC, North Carolina | State_ND, North Dakota | State_OH, Ohio | State_OK, Oklahoma | State_OR, Oregon | State_PA, Pennsylvania | State_RI, Rhode Island | State_SC, South Carolina | State_SD, South Dakota | State_TN, Tennessee | State_TX, Texas | State_UT, Utah | State_VT, Vermont | State_VA, Virginia | State_WA, Washington | State_WV, West Virginia | State_WI, Wisconsin | State_WY, Wyoming | State_DC, District of Columbia",,,,[employment_employmentworkaddress] = 'employment_employmentworkaddress',,LV,REGISTERED_QUESTION_SUPPRESSED,,REGISTERED_QUESTION_SUPPRESSED,CONTROLLED_QUESTION_SUPPRESSED
Basics,,employmentworkaddress_zipcode,the_basics,,text,Zip Code,,zipcode,,,[employment_employmentworkaddress] = 'employment_employmentworkaddress',,LV,REGISTERED_QUESTION_SUPPRESSED,,REGISTERED_QUESTION_SUPPRESSED,CONTROLLED_QUESTION_SUPPRESSED
Basics,,employmentworkaddress_country,the_basics,,text,Country,,,,,[employment_employmentworkaddress] = 'employment_employmentworkaddress',,LV,REGISTERED_QUESTION_SUPPRESSED,,REGISTERED_QUESTION_SUPPRESSED,CONTROLLED_QUESTION_SUPPRESSED
Basics,,income_annualincome,the_basics,,radio,"One of the things we're trying to understand is how people's income may affect their use of health services.  Household income includes your income plus the income of all family members in your household for the last calendar year.  Include all wages and other sources of income.

What is your annual household income from all sources?","AnnualIncome_less10k, Less than $10,000 | AnnualIncome_10k25k, $10,000- $24,999 | AnnualIncome_25k35k, $25,000- $34,999 | AnnualIncome_35k50k, $35,000- $49,999 | AnnualIncome_50k75k, $50,000- $74,999 | AnnualIncome_75k100k, $75,000-$99,999 | AnnualIncome_100k150k, $100,000- $149,999 | AnnualIncome_150k200k, $150,000- $199,999 | AnnualIncome_more200k, $200,000 or more | PMI_PreferNotToAnswer, Prefer not to answer",,,,,,LV,,,,
Basics,,homeown_currenthomeown,the_basics,,radio,Do you own or rent the place where you live?,"CurrentHomeOwn_Own, Own | CurrentHomeOwn_Rent, Rent | CurrentHomeOwn_OtherArrangement, Other arrangement | PMI_PreferNotToAnswer, Prefer not to answer",,,,,,LV,,,,
Basics,,livingsituation_currentliving,the_basics,,radio,Where are you currently living?,"CurrentLiving_CollegeCamp, On a college campus | CurrentLiving_Friend, With a friend/roommate | CurrentLiving_Family, With family | CurrentLiving_MotelHotel, Motel/hotel | CurrentLiving_TemporaryInstitute, Hospital, rehabilitation center, drug treatment center, or other temporary institution | CurrentLiving_ResidentialFacility, In a group home, nursing home, or other residential facility | CurrentLiving_Transitional, Transitional housing | CurrentLiving_Shelter, Emergency shelter or homeless shelter | CurrentLiving_Outside, Anywhere outside (e.g., street, vehicle, abandoned building) | PMI_Other, Other",,,,[homeown_currenthomeown] = 'CurrentHomeOwn_OtherArrangement',,LV,REGISTERED_QUESTION_SUPPRESSED,,REGISTERED_QUESTION_SUPPRESSED,
Basics,,livingsituation_livingsituationfreetext,the_basics,,text,Please specify where you are currently living.,,,,,[homeown_currenthomeown] = 'PMI_Other',,LV,REGISTERED_QUESTION_SUPPRESSED,,REGISTERED_QUESTION_SUPPRESSED,CONTROLLED_QUESTION_SUPPRESSED
Basics,,livingsituation_howmanylivingyears,the_basics,,radio,How many years have you lived at your current address?,"HowManyLivingYears_less1, Less than 1 year | HowManyLivingYears_1to2, 1-2 years | HowManyLivingYears_3to5, 3-5 years | HowManyLivingYears_6to10, 6-10 years | HowManyLivingYears_11to20, 11-20 years | HowManyLivingYears_more20, More than 20 years",,,,,,LV,,,,
Basics,,livingsituation_stablehouseconcern,the_basics,The next question is about stress you may feel about money.,radio,"In the past 6 months, have you been worried or concerned about NOT having a place to live?","StableHouseConcern_Yes, Yes | StableHouseConcern_No, No",,,,,,LV,,,,
Basics,,socialsecurity_socialsecuritynumber,the_basics,"If you have a Social Security Number, sharing it with us may help add extra data to the All of Us database.  This extra data may come from places like your health care provider or pharmacy.

Sharing your Social Security Number is your choice. You can say no and still take part in the program.",radio,What is your Social Security Number?,"socialsecurity_socialsecuritynumber, Enter Social Security Number | SocialSecurity_PreferNotToAnswer, Prefer not to answer",,,,,,LV,"REGISTERED_QUESTION_SUPPRESSED, REGISTERED_TOPIC_SUPPRESSED",,"REGISTERED_QUESTION_SUPPRESSED, REGISTERED_TOPIC_SUPPRESSED","CONTROLLED_QUESTION_SUPPRESSED, CONTROLLED_TOPIC_SUPPRESSED"
Basics,,socialsecurity_socialsecuritynumber_text,the_basics,,text,Social Security Number,,integer,9,9,[socialsecurity_socialsecuritynumber] = 'socialsecurity_socialsecuritynumber',,LV,REGISTERED_QUESTION_SUPPRESSED,,REGISTERED_QUESTION_SUPPRESSED,CONTROLLED_QUESTION_SUPPRESSED
Basics,,secondarycontactinfo_firstcontactsinfo,the_basics,"To help us stay in touch with you in the future, the last section asks for contact information for family and/or friends. This information is not required in order to participate in the program. All information will be securely stored.",descriptive,"The All of Us Research Program may contact you periodically to gather additional health related information. In case we cannot contact you, please provide the names, addresses, and telephone numbers of 2 relatives or friends who would know where you could be reached in case we have trouble reaching you. (Please give us the names of persons not currently living in the household)",,,,,,,,REGISTERED_QUESTION_SUPPRESSED,,REGISTERED_QUESTION_SUPPRESSED,
Basics,,secondarycontactinfo_persononefirstname,the_basics,Secondary Contact: Person 1,text,First Name,,,,,,,LV,"REGISTERED_QUESTION_SUPPRESSED, REGISTERED_TOPIC_SUPPRESSED
",,"REGISTERED_QUESTION_SUPPRESSED, REGISTERED_TOPIC_SUPPRESSED
","CONTROLLED_QUESTION_SUPPRESSED, CONTROLLED_TOPIC_SUPPRESSED"
Basics,,secondarycontactinfo_persononemiddleinitial,the_basics,,text,Middle Initial,,,,,,,LV,REGISTERED_QUESTION_SUPPRESSED,,REGISTERED_QUESTION_SUPPRESSED,CONTROLLED_QUESTION_SUPPRESSED
Basics,,secondarycontactinfo_persononelastname,the_basics,,text,Last Name,,,,,,,LV,REGISTERED_QUESTION_SUPPRESSED,,REGISTERED_QUESTION_SUPPRESSED,CONTROLLED_QUESTION_SUPPRESSED
Basics,,secondarycontactinfo_persononeaddressone,the_basics,,text,Address 1,,,,,,,LV,REGISTERED_QUESTION_SUPPRESSED,,REGISTERED_QUESTION_SUPPRESSED,CONTROLLED_QUESTION_SUPPRESSED
Basics,,secondarycontactinfo_persononeaddresstwo,the_basics,,text,Address 2,,,,,,,LV,REGISTERED_QUESTION_SUPPRESSED,,REGISTERED_QUESTION_SUPPRESSED,CONTROLLED_QUESTION_SUPPRESSED
Basics,,persononeaddress_persononeaddresscity,the_basics,,text,City,,,,,,,LV,REGISTERED_QUESTION_SUPPRESSED,,REGISTERED_QUESTION_SUPPRESSED,CONTROLLED_QUESTION_SUPPRESSED
Basics,,persononeaddress_persononeaddressstate,the_basics,,dropdown,State,"PersonOneAddressState_AL, Alabama | PersonOneAddressState_AK, Alaska | PersonOneAddressState_AZ, Arizona | PersonOneAddressState_AR, Arkansas | PersonOneAddressState_CA, California | PersonOneAddressState_CO, Colorado | PersonOneAddressState_CT, Connecticut | PersonOneAddressState_DE, Delaware | PersonOneAddressState_FL, Florida | PersonOneAddressState_GA, Georgia | PersonOneAddressState_HI, Hawaii | PersonOneAddressState_ID, Idaho | PersonOneAddressState_IL, Illinois | PersonOneAddressState_IN, Indiana | PersonOneAddressState_IA, Iowa | PersonOneAddressState_KS, Kansas | PersonOneAddressState_KY, Kentucky | PersonOneAddressState_LA, Louisiana | PersonOneAddressState_ME, Maine | PersonOneAddressState_MD, Maryland | PersonOneAddressState_MA, Massachusetts | PersonOneAddressState_MI, Michigan | PersonOneAddressState_MN, Minnesota | PersonOneAddressState_MS, Mississippi | PersonOneAddressState_MO, Missouri | PersonOneAddressState_MT, Montana | PersonOneAddressState_NE, Nebraska | PersonOneAddressState_NV, Nevada | PersonOneAddressState_NH, New Hampshire | PersonOneAddressState_NJ, New Jersey | PersonOneAddressState_NM, New Mexico | PersonOneAddressState_NY, New York | PersonOneAddressState_NC, North Carolina | PersonOneAddressState_ND, North Dakota | PersonOneAddressState_OH, Ohio | PersonOneAddressState_OK, Oklahoma | PersonOneAddressState_OR, Oregon | PersonOneAddressState_PA, Pennsylvania | PersonOneAddressState_RI, Rhode Island | PersonOneAddressState_SC, South Carolina | PersonOneAddressState_SD, South Dakota | PersonOneAddressState_TN, Tennessee | PersonOneAddressState_TX, Texas | PersonOneAddressState_UT, Utah | PersonOneAddressState_VT, Vermont | PersonOneAddressState_VA, Virginia | PersonOneAddressState_WA, Washington | PersonOneAddressState_WV, West Virginia | PersonOneAddressState_WI, Wisconsin | PersonOneAddressState_WY, Wyoming | PersonOneAddressState_DC, District of Columbia",,,,,,LV,REGISTERED_QUESTION_SUPPRESSED,,REGISTERED_QUESTION_SUPPRESSED,CONTROLLED_QUESTION_SUPPRESSED
Basics,,persononeaddress_persononeaddresszipcode,the_basics,,text,Zip Code,,zipcode,,,,,LV,REGISTERED_QUESTION_SUPPRESSED,,REGISTERED_QUESTION_SUPPRESSED,CONTROLLED_QUESTION_SUPPRESSED
Basics,,secondarycontactinfo_persononeemail,the_basics,,text,Email Address,,email,,,,,LV,REGISTERED_QUESTION_SUPPRESSED,,REGISTERED_QUESTION_SUPPRESSED,CONTROLLED_QUESTION_SUPPRESSED
Basics,,secondarycontactinfo_persononetelephone,the_basics,,text,Phone Number,,phone,,,,,LV,REGISTERED_QUESTION_SUPPRESSED,,REGISTERED_QUESTION_SUPPRESSED,CONTROLLED_QUESTION_SUPPRESSED
Basics,,secondarycontactinfo_persononerelationship,the_basics,,radio,Relationship to you:,"PersonOneRelationship_Child, Child | PersonOneRelationship_Friend, Friend | PersonOneRelationship_ParentGuardian, Parent or Guardian | PersonOneRelationship_Relative, Relative | PersonOneRelationship_SpousePartner, Spouse or Partner",,,,,,LV,REGISTERED_QUESTION_SUPPRESSED,,REGISTERED_QUESTION_SUPPRESSED,CONTROLLED_QUESTION_SUPPRESSED
Basics,,secondarycontactinfo_secondcontactsfirstname,the_basics,Secondary Contact: Person 2,text,First Name,,,,,,,LV,"REGISTERED_QUESTION_SUPPRESSED, REGISTERED_TOPIC_SUPPRESSED",,"REGISTERED_QUESTION_SUPPRESSED, REGISTERED_TOPIC_SUPPRESSED","CONTROLLED_QUESTION_SUPPRESSED, CONTROLLED_TOPIC_SUPPRESSED"
Basics,,secondarycontactinfo_secondcontactsmiddleinitial,the_basics,,text,Middle Initial,,,,,,,LV,REGISTERED_QUESTION_SUPPRESSED,,REGISTERED_QUESTION_SUPPRESSED,CONTROLLED_QUESTION_SUPPRESSED
Basics,,secondarycontactinfo_secondcontactslastname,the_basics,,text,Last Name,,,,,,,LV,REGISTERED_QUESTION_SUPPRESSED,,REGISTERED_QUESTION_SUPPRESSED,CONTROLLED_QUESTION_SUPPRESSED
Basics,,secondarycontactinfo_secondcontactsaddressone,the_basics,,text,Address 1,,,,,,,LV,REGISTERED_QUESTION_SUPPRESSED,,REGISTERED_QUESTION_SUPPRESSED,CONTROLLED_QUESTION_SUPPRESSED
Basics,,secondarycontactinfo_secondcontactsaddresstwo,the_basics,,text,Address 2,,,,,,,LV,REGISTERED_QUESTION_SUPPRESSED,,REGISTERED_QUESTION_SUPPRESSED,CONTROLLED_QUESTION_SUPPRESSED
Basics,,secondcontactsaddress_secondcontactcity,the_basics,,text,City,,,,,,,LV,REGISTERED_QUESTION_SUPPRESSED,,REGISTERED_QUESTION_SUPPRESSED,CONTROLLED_QUESTION_SUPPRESSED
Basics,,secondcontactsaddress_secondcontactstate,the_basics,,dropdown,State,"SecondContactState_Alabama, Alabama | SecondContactState_AK, Alaska | SecondContactState_AZ, Arizona | SecondContactState_AR, Arkansas | SecondContactState_CA, California | SecondContactState_CO, Colorado | SecondContactState_CT, Connecticut | SecondContactState_DE, Delaware | SecondContactState_FL, Florida | SecondContactState_GA, Georgia | SecondContactState_HI, Hawaii | SecondContactState_ID, Idaho | SecondContactState_IL, Illinois | SecondContactState_IN, Indiana | SecondContactState_IA, Iowa | SecondContactState_KS, Kansas | SecondContactState_KY, Kentucky | SecondContactState_LA, Louisiana | SecondContactState_ME, Maine | SecondContactState_MD, Maryland | SecondContactState_MA, Massachusetts | SecondContactState_MI, Michigan | SecondContactState_MN, Minnesota | SecondContactState_MS, Mississippi | SecondContactState_MO, Missouri | SecondContactState_MT, Montana | SecondContactState_NE, Nebraska | SecondContactState_NV, Nevada | SecondContactState_NH, New Hampshire | SecondContactState_NJ, New Jersey | SecondContactState_NM, New Mexico | SecondContactState_NY, New York | SecondContactState_NC, North Carolina | SecondContactState_ND, North Dakota | SecondContactState_OH, Ohio | SecondContactState_OK, Oklahoma | SecondContactState_OR, Oregon | SecondContactState_PA, Pennsylvania | SecondContactState_RI, Rhode Island | SecondContactState_SC, South Carolina | SecondContactState_SD, South Dakota | SecondContactState_TN, Tennessee | SecondContactState_TX, Texas | SecondContactState_UT, Utah | SecondContactState_VT, Vermont | SecondContactState_VA, Virginia | SecondContactState_WA, Washington | SecondContactState_WV, West Virginia | SecondContactState_WI, Wisconsin | SecondContactState_WY, Wyoming | SecondContactState_DC, District of Columbia",,,,,,LV,"REGISTERED_QUESTION_SUPPRESSED,
SecondContactState_AK=SecondContactState_Alaska,
SecondContactState_AZ=SecondContactState_Arizona,
SecondContactState_AR=SecondContactState_Arkansas,
SecondContactState_CA=SecondContactState_California,
SecondContactState_CO=SecondContactState_Colorado,
SecondContactState_CT=SecondContactState_Connecticut,
SecondContactState_DE=SecondContactState_Delaware,
SecondContactState_FL=SecondContactState_Florida,
SecondContactState_GA=SecondContactState_Georgia,
SecondContactState_HI=SecondContactState_Hawaii,
SecondContactState_ID=SecondContactState_Idaho,
SecondContactState_IL=SecondContactState_Illinois,
SecondContactState_IN=SecondContactState_Indiana,
SecondContactState_IA=SecondContactState_Iowa,
SecondContactState_KS=SecondContactState_Kansas,
SecondContactState_KY=SecondContactState_Kentucky,
SecondContactState_LA=SecondContactState_Louisiana,
SecondContactState_ME=SecondContactState_Maine,
SecondContactState_MD=SecondContactState_Maryland,
SecondContactState_MA=SecondContactState_Massachusetts,
SecondContactState_MI=SecondContactState_Michigan,
SecondContactState_MN=SecondContactState_Minnesota,
SecondContactState_MS=SecondContactState_Mississippi,
SecondContactState_MO=SecondContactState_Missouri,
SecondContactState_MT=SecondContactState_Montana,
SecondContactState_NE=SecondContactState_Nebraska,
SecondContactState_NV=SecondContactState_Nevada,
SecondContactState_NH=SecondContactState_NewHampshire,
SecondContactState_NJ=SecondContactState_NewJersey,
SecondContactState_NM=SecondContactState_NewMexico,
SecondContactState_NY=SecondContactState_NewYork,
SecondContactState_NC=SecondContactState_NorthCarolina,
SecondContactState_ND=SecondContactState_NorthDakota,
SecondContactState_OH=SecondContactState_Ohio,
SecondContactState_OK=SecondContactState_Oklahoma,
SecondContactState_OR=SecondContactState_Oregon,
SecondContactState_PA=SecondContactState_Pennsylvania,
SecondContactState_RI=SecondContactState_RhodeIsland,
SecondContactState_SC=SecondContactState_SouthCarolina,
SecondContactState_SD=SecondContactState_SouthDakota,
SecondContactState_TN=SecondContactState_Tennessee,
SecondContactState_TX=SecondContactState_Texas,
SecondContactState_UT=SecondContactState_Utah,
SecondContactState_VT=SecondContactState_Vermont,
SecondContactState_VA=SecondContactState_Virginia,
SecondContactState_WA=SecondContactState_Washington,
SecondContactState_WV=SecondContactState_WestVirginia,
SecondContactState_WI=SecondContactState_Wisconsin,
SecondContactState_WY=SecondContactState_Wyoming,
SecondContactState_DC=SecondContactState_DistrictofColumbia",,REGISTERED_QUESTION_SUPPRESSED,CONTROLLED_QUESTION_SUPPRESSED
Basics,,secondcontactsaddress_secondcontactzipcode,the_basics,,text,Zip Code,,zipcode,,,,,LV,REGISTERED_QUESTION_SUPPRESSED,,REGISTERED_QUESTION_SUPPRESSED,CONTROLLED_QUESTION_SUPPRESSED
Basics,,secondarycontactinfo_secondcontactsemail,the_basics,,text,Email Address,,email,,,,,LV,REGISTERED_QUESTION_SUPPRESSED,,REGISTERED_QUESTION_SUPPRESSED,CONTROLLED_QUESTION_SUPPRESSED
Basics,,secondarycontactinfo_secondcontactsnumber,the_basics,,text,Phone Number,,phone,,,,,LV,REGISTERED_QUESTION_SUPPRESSED,,REGISTERED_QUESTION_SUPPRESSED,CONTROLLED_QUESTION_SUPPRESSED
Basics,,secondarycontactinfo_secondcontactsrelationship,the_basics,,radio,Relationship to You,"SecondContactsRelationship_Child, Child | SecondContactsRelationship_Friend, Friend | SecondContactsRelationship_ParentGuardian, Parent or Guardian | SecondContactsRelationship_Relative, Relative | SecondContactsRelationship_SpousePartner, Spouse or Partner",,,,,,LV,REGISTERED_QUESTION_SUPPRESSED,,REGISTERED_QUESTION_SUPPRESSED,CONTROLLED_QUESTION_SUPPRESSED
Lifestyle,,lifestyle,lifestyle,,descriptive,Lifestyle,,,,,,,,,,,
Lifestyle,,smoking_100cigslifetime,lifestyle,,radio,Have you smoked at least 100 cigarettes in your entire life? (There are 20 cigarettes in a pack.),"100CigsLifetime_Yes, Yes | 100CigsLifetime_No, No | PMI_DontKnow, Don't know | PMI_PreferNotToAnswer, Prefer not to answer",,,,,,LV,,,,
Lifestyle,,smoking_smokefrequency,lifestyle,,radio,"Do you now smoke cigarettes every day, some days, or not at all?","SmokeFrequency_EveryDay, Every day | SmokeFrequency_SomeDays, Some days | SmokeFrequency_NotAtAll, Not at all | PMI_DontKnow, Don't know | PMI_PreferNotToAnswer, Prefer not to answer",,,,[smoking_100cigslifetime] = '100CigsLifetime_Yes',,LV,,,,
Lifestyle,,smoking_dailysmokestartingage,lifestyle,,radio,How old were you when you first started regular cigarette smoking?,"smoking_dailysmokestartingage_enterage, Enter response | Smoking_DailySmokeStartingAgeDontKnow, Don't know | Smoking_DailySmokeStartingAgePreferNotToAnswer, Prefer not to answer",,,,[smoking_100cigslifetime] = '100CigsLifetime_Yes',,LV,REGISTERED_QUESTION_SUPPRESSED,,REGISTERED_QUESTION_SUPPRESSED,CONTROLLED_QUESTION_SUPPRESSED
Lifestyle,,smoking_dailysmokestartingagenumber,lifestyle,,text,Age:,,integer,1,99,[smoking_dailysmokestartingage] = 'smoking_dailysmokestartingage_enterage',,LV,smoking_dailysmokestartingagenumber=smoking_dailysmokestartingage,,,
Lifestyle,,smoking_seriousquitattempt,lifestyle,,radio,"In the past, have you ever made a serious attempt to quit smoking? That is, have you stopped smoking for at least one day or longer because you were trying to quit?","SeriousQuitAttempt_AttemptQuitSmoking, Yes | SeriousQuitAttempt_NoAttemptQuitSmoking, No | PMI_DontKnow, Don't know | PMI_PreferNotToAnswer, Prefer not to answer",,,,[smoking_100cigslifetime] = '100CigsLifetime_Yes',,LV,,,,
Lifestyle,,attemptquitsmoking_completelyquit,lifestyle,,radio,"If you have completely stopped smoking cigarettes, how old were you when you stopped?","attemptquitsmoking_completelyquitage, Enter response | AttemptQuitSmoking_CompletelyQuitAgeDontKnow, Don't know | AttemptQuitSmoking_CompletelyQuitAgePreferNotToAnswer, Prefer not to answer",,,,[smoking_seriousquitattempt] = 'SeriousQuitAttempt_AttemptQuitSmoking',,LV,"REGISTERED_QUESTION_SUPPRESSED, AttemptQuitSmoking_CompletelyQuitAgePreferNotToAnswer=AttemptQuitSmoking_CompletelyQuitAgePreferNo",,REGISTERED_QUESTION_SUPPRESSED,CONTROLLED_QUESTION_SUPPRESSED
Lifestyle,,attemptquitsmoking_completelyquitage,lifestyle,,text,Age when you stopped smoking:,,integer,1,99,[attemptquitsmoking_completelyquit] = 'attemptquitsmoking_completelyquit_enterage',,LV,,,,
Lifestyle,,smoking_numberofyears,lifestyle,,radio,How many years have you or did you smoke cigarettes?,"smoking_numberofyears_enteryears, Enter response | Smoking_NumberOfYearsDontKnow, Don't know | Smoking_NumberOfYearsPreferNotToKnow, Prefer not to answer",,,,[smoking_100cigslifetime] = '100CigsLifetime_Yes',,LV,REGISTERED_QUESTION_SUPPRESSED,,REGISTERED_QUESTION_SUPPRESSED,CONTROLLED_QUESTION_SUPPRESSED
Lifestyle,,smoking_numberofyearsnumber,lifestyle,,text,Number of years:,,integer,1,99,[smoking_numberofyears] = 'smoking_numberofyears_enteryears',,LV,smoking_numberofyearsnumber=smoking_numberofyears,,,
Lifestyle,,smoking_currentdailycigarette,lifestyle,,radio,"On average, how many cigarettes do you smoke per day now? (There are 20 cigarettes in a pack.)","smoking_currentdailycigarette_enternumber, Enter response | Smoking_CurrentDailyCigaretteNumberDontKnow, Don't know | Smoking_CurrentDailyCigaretteNumberPreferNotToAnswer, Prefer not to answer",,,,[smoking_100cigslifetime] = '100CigsLifetime_Yes',,LV,"REGISTERED_QUESTION_SUPPRESSED, Smoking_CurrentDailyCigaretteNumberPreferNotToAnswer=Smoking_CurrentDailyCigaretteNumberPreferNo",,REGISTERED_QUESTION_SUPPRESSED,CONTROLLED_QUESTION_SUPPRESSED
Lifestyle,,smoking_currentdailycigarettenumber,lifestyle,,text,Number of cigarettes per day:,,integer,0,99,[smoking_currentdailycigarette] = 'smoking_currentdailycigarette_enternumber',,LV,,,,
Lifestyle,,smoking_averagedailycigarette,lifestyle,,radio,"On average, over the entire time that you smoked, how many cigarettes did you smoke each day? (There are 20 cigarettes in a pack.)","smoking_averagedailycigarette_enternumber, Enter response | Smoking_AverageDailyCigaretteNumberDontKnow, Don't know | Smoking_AverageDailyCigaretteNumberPreferNotToAnswer, Prefer not to answer",,,,[smoking_100cigslifetime] = '100CigsLifetime_Yes',,LV,"REGISTERED_QUESTION_SUPPRESSED, Smoking_AverageDailyCigaretteNumberPreferNotToAnswer=Smoking_AverageDailyCigaretteNumberPreferNo",,REGISTERED_QUESTION_SUPPRESSED,CONTROLLED_QUESTION_SUPPRESSED
Lifestyle,,smoking_averagedailycigarettenumber,lifestyle,,text,Number of cigarettes per day:,,integer,1,99,[smoking_averagedailycigarette] = 'smoking_averagedailycigarette_enternumber',,LV,,,,
Lifestyle,,electronicsmoking_electricsmokeparticipant,lifestyle,,radio,"Have you ever used an electronic nicotine product, even one or two times? (Electronic nicotine products include e-cigarettes, vape pens, hookah pens, personal vaporizers and mods, e-cigars, e-pipes, and e-hookahs.)","ElectricSmokeParticipant_Yes, Yes | ElectricSmokeParticipant_No, No | PMI_DontKnow, Don't know | PMI_PreferNotToAnswer, Prefer not to answer",,,,,,LV,,,,
Lifestyle,,electronicsmoking_electricsmokefrequency,lifestyle,,radio,Do you now use electronic nicotine products...,"ElectricSmokeFrequency_EveryDay, Every day | ElectricSmokeFrequency_SomeDays, Some days | ElectricSmokeFrequency_NotAtAll, Not at all | PMI_DontKnow, Don't know | PMI_PreferNotToAnswer, Prefer not to answer",,,,[electronicsmoking_electricsmokeparticipant] = 'ElectricSmokeParticipant_Yes',,LV,,,,
Lifestyle,,cigarsmoking_cigarsmokeparticipant,lifestyle,,radio,"Have you ever smoked a traditional cigar, cigarillo, or filtered cigar, even one or two puffs?","CigarSmokeParticipant_Yes, Yes | CigarSmokeParticipant_No, No | PMI_DontKnow, Don't know | PMI_PreferNotToAnswer, Prefer not to answer",,,,,,LV,,,,
Lifestyle,,cigarsmoking_currentcigarfrequency,lifestyle,,radio,"Do you now smoke a traditional cigar, cigarillo, or filtered cigar...","CurrentCigarFrequency_EveryDay, Every day | CurrentCigarFrequency_SomeDays, Some days | CurrentCigarFrequency_NotAtAll, Not at all | PMI_DontKnow, Don't know | PMI_PreferNotToAnswer, Prefer not to answer",,,,[cigarsmoking_cigarsmokeparticipant] = 'CigarSmokeParticipant_Yes',,LV,,,,
Lifestyle,,hookahsmoking_hookahsmokeparticipant,lifestyle,,radio,"Have you ever smoked tobacco in a hookah, even one or two puffs? ","HookahSmokeParticipant_Yes, Yes | HookahSmokeParticipant_No, No | PMI_DontKnow, Don't know | PMI_PreferNotToAnswer, Prefer not to answer",,,,,,LV,,,,
Lifestyle,,hookahsmoking_currenthookahfrequency,lifestyle,,radio,Do you now smoke hookah...,"CurrentHookahFrequency_EveryDay, Every day | CurrentHookahFrequency_SomeDays, Some days | CurrentHookahFrequency_NotAtAll, Not at all | PMI_DontKnow, Don't know | PMI_PreferNotToAnswer, Prefer not to answer",,,,[hookahsmoking_hookahsmokeparticipant] = 'HookahSmokeParticipant_Yes',,LV,,,,
Lifestyle,,smokelesstobacco_smokelesstobaccoparticipant,lifestyle,,radio,"Have you ever used smokeless tobacco products, even one or two times? (Smokeless tobacco products include snus pouches, Skoal Bandits, loose snus, moist snuff, dip, spit, and chewing tobacco.) ","SmokelessTobaccoParticipant_Yes, Yes | SmokelessTobaccoParticipant_No, No | PMI_DontKnow, Don't know | PMI_PreferNotToAnswer, Prefer not to answer",,,,,,LV,,,,
Lifestyle,,smokelesstobacco_smokelesstobaccofrequency,lifestyle,,radio,Do you now use smokeless tobacco products...,"SmokelessTobaccoFrequency_EveryDay, Every day | SmokelessTobaccoFrequency_SomeDays, Some days | SmokelessTobaccoFrequency_NotAtAll, Not at all | PMI_DontKnow, Don't know | PMI_PreferNotToAnswer, Prefer not to answer",,,,[smokelesstobacco_smokelesstobaccoparticipant] = 'SmokelessTobaccoParticipant_Yes',,LV,,,,
Lifestyle,,alcohol_alcoholparticipant,lifestyle,"Thanks for your answers. The next questions are about drinking alcohol. This includes coolers, beer, wine, champagne, liquor such as whiskey, rum, gin, vodka, scotch, or liqueurs, and also any other type of alcohol. This will help researchers better understand how alcohol affects health. As always, your answers are private. ",radio,"In your entire life, have you had at least 1 drink of any kind of alcohol, not counting small tastes or sips? (By a ""drink,"" we mean a can or bottle of beer, a glass of wine or a wine cooler, a shot of liquor, or a mixed drink with liquor in it.) ","AlcoholParticipant_Yes, Yes | AlcoholParticipant_No, No | PMI_PreferNotToAnswer, Prefer not to answer",,,,,,LV,,,,
Lifestyle,,alcohol_drinkfrequencypastyear,lifestyle,,radio,How often did you have a drink containing alcohol in the past year?,"DrinkFrequencyPastYear_Never, Never | DrinkFrequencyPastYear_MonthlyOrLess, Monthly or less | DrinkFrequencyPastYear_2to4PerMonth, Two to four times a month | DrinkFrequencyPastYear_2to3PerWeek, Two to three times a week | DrinkFrequencyPastYear_4orMorePerWeek, Four or more times a week | PMI_PreferNotToAnswer, Prefer not to answer",,,,[alcohol_alcoholparticipant] = 'AlcoholParticipant_Yes',,LV,,,,
Lifestyle,,alcohol_averagedailydrinkcount,lifestyle,,radio,"On a typical day when you drink, how many drinks do you have?","AverageDailyDrinkCount_1or2, 1 or 2 | AverageDailyDrinkCount_3or4, 3 or 4 | AverageDailyDrinkCount_5or6, 5 or 6 | AverageDailyDrinkCount_7to9, 7 to 9 | AverageDailyDrinkCount_10orMore, 10 or more | PMI_PreferNotToAnswer, Prefer not to answer",,,,[alcohol_drinkfrequencypastyear] = 'DrinkFrequencyPastYear_MonthlyOrLess' or [alcohol_drinkfrequencypastyear] = 'DrinkFrequencyPastYear_2to4PerMonth' or [alcohol_drinkfrequencypastyear] = 'DrinkFrequencyPastYear_2to3PerWeek' or [alcohol_drinkfrequencypastyear] = 'DrinkFrequencyPastYear_4orMorePerWeek',,LV,,,,
Lifestyle,,alcohol_6ormoredrinksoccurence,lifestyle,,radio,How often did you have six or more drinks on one occasion in the past year?,"6orMoreDrinksOccurence_LessThanMonthly, Less than monthly | 6orMoreDrinksOccurence_Monthly, Monthly | 6orMoreDrinksOccurence_Weekly, Weekly | 6orMoreDrinksOccurence_Daily, Daily or almost daily | 6orMoreDrinksOccurence_NeverInLastYear, Never in the last year | PMI_PreferNotToAnswer, Prefer not to answer",,,,[alcohol_drinkfrequencypastyear] = 'DrinkFrequencyPastYear_MonthlyOrLess' or [alcohol_drinkfrequencypastyear] = 'DrinkFrequencyPastYear_2to4PerMonth' or [alcohol_drinkfrequencypastyear] = 'DrinkFrequencyPastYear_2to3PerWeek' or [alcohol_drinkfrequencypastyear] = 'DrinkFrequencyPastYear_4orMorePerWeek',,LV,,,,
Lifestyle,,recreationaldruguse_whichdrugsused,lifestyle,"Thanks for your answers. Now we'd like to ask you about your experiences with medicines and other kinds of drugs. Some of the substances we'll talk about are prescribed by a doctor (like pain medications). We only want to know if you have taken them for reasons or in doses other than prescribed. We understand that these are sensitive questions. You may choose not to answer them. However, by providing answers, you are helping researchers better understand how these substances affect health.",checkbox,"In your LIFETIME, which of the following substances have you ever used?","WhichDrugsUsed_MarijuanaUse, Marijuana (cannabis, pot, grass, hash, weed, etc.) | WhichDrugsUsed_CocaineUse, Cocaine (coke, crack, etc.) | WhichDrugsUsed_PrescriptionStimulantsUse, Prescription stimulants for non-medical reasons (Ritalin, Concerta, Dexedrine, Adderall, diet pills, etc.) | WhichDrugsUsed_MethamphetamineUse, Other stimulants (methamphetamine, speed, crystal meth, ice, k2/spice, bath salts, etc.) | WhichDrugsUsed_InhalantsUse, Inhalants (nitrous oxide, glue, gas, paint thinner, etc.) | WhichDrugsUsed_SedativesUse, Sedatives or sleeping pills for non-medical reasons (Valium, Serepax, Ativan, Xanax, Librium, Rohypnol, GHB, etc.) | WhichDrugsUsed_HallucinogensUse, Hallucinogens (LSD, acid, mushrooms, PCP, Special K, ecstasy, etc.) | WhichDrugsUsed_StreetOpioidsUse, Street opioids (heroin, opium, etc.) | WhichDrugsUsed_PrescriptionOpioidsUse, Prescription opioids for non-medical reasons (fentanyl, oxycodone [OxyContin, Percocet], hydrocodone [Vicodin], methadone, buprenorphine, etc.) | WhichDrugsUsed_NoneOfTheseDrugs, None of these drugs | PMI_PreferNotToAnswer, Prefer not to answer | WhichDrugsUsed_OtherSpecify, Other (Specify)",,,,,,LV," @NONEOFTHEABOVE='WhichDrugsUsed_NoneOfTheseDrugs,PMI_PreferNotToAnswer'",,,
Lifestyle,,otherspecify_otherdrugstextbox,lifestyle,,text,Please specify.,,,,,[recreationaldruguse_whichdrugsused(WhichDrugsUsed_OtherSpecify)] = '1',,LV,REGISTERED_QUESTION_SUPPRESSED,,REGISTERED_QUESTION_SUPPRESSED,CONTROLLED_QUESTION_SUPPRESSED
Lifestyle,,past3monthusefrequency_marijuana3monthuse,lifestyle,,radio,"In the PAST THREE MONTHS, how often have you used marijuana (cannabis, pot, grass, hash, etc.)?","Marijuana3MonthUse_Never, Never | Marijuana3MonthUse_OneOrTwice, Once or twice | Marijuana3MonthUse_Monthly, Monthly | Marijuana3MonthUse_Weekly, Weekly | Marijuana3MonthUse_Daily, Daily or almost daily | PMI_PreferNotToAnswer, Prefer not to answer",,,,[recreationaldruguse_whichdrugsused(WhichDrugsUsed_MarijuanaUse)] = '1',,LV,,,,
Lifestyle,,past3monthusefrequency_cocaine3monthuse,lifestyle,,radio,"In the PAST THREE MONTHS, how often have you used cocaine (coke, crack, etc.)?","Cocaine3MonthUse_Never, Never | Cocaine3MonthUse_OnceOrTwice, Once or twice | Cocaine3MonthUse_Monthly, Monthly | Cocaine3MonthUse_Weekly, Weekly | Cocaine3MonthUse_Daily, Daily or almost daily | PMI_PreferNotToAnswer, Prefer not to answer",,,,[recreationaldruguse_whichdrugsused(WhichDrugsUsed_CocaineUse)] = '1',,LV,,,,
Lifestyle,,past3monthusefrequency_prescriptionstimulant3monthuse,lifestyle,,radio,"In the PAST THREE MONTHS, how often have you used prescription stimulants for non-medical reasons (Vyvanse, Ritalin, Concerta, Dexedrine, Adderall, diet pills, etc.)","PrescriptionStimulant3MonthUse_Never, Never | PrescriptionStimulant3MonthUse_OnceOrTwice, Once or twice | PrescriptionStimulant3MonthUse_Monthly, Monthly | PrescriptionStimulant3MonthUse_Weekly, Weekly | PrescriptionStimulant3MonthUse_Daily, Daily or almost daily | PMI_PreferNotToAnswer, Prefer not to answer",,,,[recreationaldruguse_whichdrugsused(WhichDrugsUsed_PrescriptionStimulantsUse)] = '1',,LV,past3monthusefrequency_prescriptionstimulant3monthuse=Past3MonthUseFrequency_Stimulant3MonthUse,,,
Lifestyle,,past3monthusefrequency_otherstimulant3monthuse,lifestyle,,radio,"In the PAST THREE MONTHS, how often have you used other stimulants (methamphetamine, speed, crystal meth, ice, k2/spice, bath salts, etc.)","OtherStimulant3MonthUse_Never, Never | OtherStimulant3MonthUse_OnceOrTwice, Once or twice | OtherStimulant3MonthUse_Monthly, Monthly | OtherStimulant3MonthUse_Weekly, Weekly | OtherStimulant3MonthUse_Daily, Daily or almost daily | PMI_PreferNotToAnswer, Prefer not to answer",,,,[recreationaldruguse_whichdrugsused(WhichDrugsUsed_MethamphetamineUse)] = '1',,LV,,,,
Lifestyle,,past3monthusefrequency_inhalant3monthuse,lifestyle,,radio,"In the PAST THREE MONTHS, how often have you used inhalants (nitrous oxide, glue, gas, paint thinner, etc.)?","Inhalant3MonthUse_Never, Never | Inhalant3MonthUse_OnceOrTwice, Once or twice | Inhalant3MonthUse_Monthly, Monthly | Inhalant3MonthUse_Weekly, Weekly | Inhalant3MonthUse_Daily, Daily or almost daily | PMI_PreferNotToAnswer, Prefer not to answer",,,,[recreationaldruguse_whichdrugsused(WhichDrugsUsed_InhalantsUse)] = '1',,LV,,,,
Lifestyle,,past3monthusefrequency_sedative3monthuse,lifestyle,,radio,"In the PAST THREE MONTHS, how often have you used sedatives or sleeping pills for non-medical reasons (Valium, Serepax, Ativan, Xanax, Librium, Rohypnol, GHB, etc.)?","Sedative3MonthUse_Never, Never | Sedative3MonthUse_OnceOrTwice, Once or twice | Sedative3MonthUse_Monthly, Monthly | Sedative3MonthUse_Weekly, Weekly | Sedative3MonthUse_Daily, Daily or almost daily | PMI_PreferNotToAnswer, Prefer not to answer",,,,[recreationaldruguse_whichdrugsused(WhichDrugsUsed_SedativesUse)] = '1',,LV,,,,
Lifestyle,,past3monthusefrequency_hallucinogen3monthuse,lifestyle,,radio,"In the PAST THREE MONTHS, how often have you used hallucinogens (LSD, acid, mushrooms, PCP, Special K, ecstasy, etc.)?","Hallucinogen3MonthUse_Never, Never | Hallucinogen3MonthUse_OnceOrTwice, Once or twice | Hallucinogen3MonthUse_Monthly, Monthly | Hallucinogen3MonthUse_Weekly, Weekly | Hallucinogen3MonthUse_Daily, Daily or almost daily | PMI_PreferNotToAnswer, Prefer not to answer",,,,[recreationaldruguse_whichdrugsused(WhichDrugsUsed_HallucinogensUse)] = '1',,LV,,,,
Lifestyle,,past3monthusefrequency_streetopioid3monthuse,lifestyle,,radio,"In the PAST THREE MONTHS, how often have you used street opioids (heroin, opium, etc.)?","StreetOpioid3MonthUse_Never, Never | StreetOpioid3MonthUse_OnceOrTwice, Once or twice | StreetOpioid3MonthUse_Monthly, Monthly | StreetOpioid3MonthUse_Weekly, Weekly | StreetOpioid3MonthUse_Daily, Daily or almost daily | PMI_PreferNotToAnswer, Prefer not to answer",,,,[recreationaldruguse_whichdrugsused(WhichDrugsUsed_StreetOpioidsUse)] = '1',,LV,,,,
Lifestyle,,past3monthusefrequency_prescriptionopiod3monthuse,lifestyle,,radio,"In the PAST THREE MONTHS, how often have you used prescription opioids for non-medical reasons (obana, fentanyl, oxycodone [OxyContin, Percocet], hydrocodone [Vicodin], methadone, buprenorphine [Suboxone], etc.)","PrescriptionOpiod3MonthUse_Never, Never | PrescriptionOpiod3MonthUse_OnceOrTwice, Once or twice | PrescriptionOpiod3MonthUse_Monthly, Monthly | PrescriptionOpiod3MonthUse_Weekly, Weekly | PrescriptionOpiod3MonthUse_Daily, Daily or almost daily | PMI_PreferNotToAnswer, Prefer not to answer",,,,[recreationaldruguse_whichdrugsused(WhichDrugsUsed_PrescriptionOpioidsUse)] = '1',,LV,,,,
Lifestyle,,past3monthusefrequency_other3monthuse,lifestyle,,radio,"In the PAST THREE MONTHS, how often have you used other drugs?","Other3MonthUse_Never, Never | Other3MonthUse_OnceOrTwice, Once or twice | Other3MonthUse_Monthly, Monthly | Other3MonthUse_Weekly, Weekly | Other3MonthUse_Daily, Daily or almost daily | PMI_PreferNotToAnswer, Prefer not to answer",,,,[recreationaldruguse_whichdrugsused(WhichDrugsUsed_OtherSpecify)] = '1',,LV,,,,
Overall Health,,overallhealth,overall_health,,descriptive,Overall Health,,,,,,,,,,,
Overall Health,,overallhealth_medicalformconfidence,overall_health,,radio,How confident are you filling out medical forms by yourself?,"MedicalFormConfidence_Extremely, Extremely | MedicalFormConfidence_QuiteABit, Quite a bit | MedicalFormConfidence_Somewhat, Somewhat | MedicalFormConfidence_ALittleBit, A little bit | MedicalFormConfidence_NotAtAll, Not at all",,,,,,LV,,,,
Overall Health,,overallhealth_healthmaterialassistance,overall_health,,radio,How often do you have someone help you read health-related materials?,"HealthMaterialAssistance_Always, Always | HealthMaterialAssistance_Often, Often | HealthMaterialAssistance_Sometimes, Sometimes | HealthMaterialAssistance_Occasionally, Occasionally | HealthMaterialAssistance_Never, Never",,,,,,LV,,,,
Overall Health,,overallhealth_difficultunderstandinfo,overall_health,,radio,How often do you have problems learning about your medical condition because of difficulty understanding written information?,"DifficultUnderstandInfo_Always, Always | DifficultUnderstandInfo_Often, Often | DifficultUnderstandInfo_Sometimes, Sometimes | DifficultUnderstandInfo_Occasionally, Occasionally | DifficultUnderstandInfo_Never, Never",,,,,,LV,,,,
Overall Health,,overallhealth_generalhealth,overall_health,The next 10 questions ask you how you feel about your health and daily activities.,radio,"In general, would you say your health is:","GeneralHealth_Excellent, Excellent | GeneralHealth_VeryGood, Very Good | GeneralHealth_Good, Good | GeneralHealth_Fair, Fair | GeneralHealth_Poor, Poor",,,,,,LV,,,,
Overall Health,,overallhealth_generalquality,overall_health,,radio,"In general, would you say your quality of life is: ","GeneralQuality_Excellent, Excellent | GeneralQuality_VeryGood, Very Good | GeneralQuality_Good, Good | GeneralQuality_Fair, Fair | GeneralQuality_Poor, Poor",,,,,,LV,,,,
Overall Health,,overallhealth_generalphysicalhealth,overall_health,,radio,"In general, how would you rate your physical health? ","GeneralPhysicalHealth_Excellent, Excellent | GeneralPhysicalHealth_VeryGood, Very Good | GeneralPhysicalHealth_Good, Good | GeneralPhysicalHealth_Fair, Fair | GeneralPhysicalHealth_Poor, Poor",,,,,,LV,,,,
Overall Health,,overallhealth_generalmentalhealth,overall_health,,radio,"In general, how would you rate your mental health, including your mood and your ability to think? ","GeneralMentalHealth_Excellent, Excellent | GeneralMentalHealth_VeryGood, Very Good | GeneralMentalHealth_Good, Good | GeneralMentalHealth_Fair, Fair | GeneralMentalHealth_Poor, Poor",,,,,,LV,,,,
Overall Health,,overallhealth_socialsatisfaction,overall_health,,radio,"In general, how would you rate your satisfaction with your social activities and relationships?","SocialSatisfaction_Excellent, Excellent | SocialSatisfaction_VeryGood, Very Good | SocialSatisfaction_Good, Good | SocialSatisfaction_Fair, Fair | SocialSatisfaction_Poor, Poor",,,,,,LV,,,,
Overall Health,,overallhealth_everydayactivities,overall_health,,radio,"To what extent are you able to carry out your everyday physical activities such as walking, climbing stairs, carrying groceries, or moving a chair?","EverydayActivities_Completely, Completely | EverydayActivities_Mostly, Mostly | EverydayActivities_Moderately, Moderately | EverydayActivities_ALittle, A little | EverydayActivities_NotAtAll, Not at all",,,,,,LV,,,,
Overall Health,,overallhealth_averagepain7days,overall_health,,slider,"In the past 7 days, how would you rate your pain on average? ",0 (No pain) |  | 10 (Worst pain imaginable),number,,,,,RH,,,,
Overall Health,,overallhealth_averagefatigue7days,overall_health,,radio,"In the past 7 days, how would you rate your fatigue?","AverageFatigue7Days_None, None | AverageFatigue7Days_Mild, Mild | AverageFatigue7Days_Moderate, Moderate | AverageFatigue7Days_Severe, Severe | AverageFatigue7Days_VerySevere, Very Severe",,,,,,LV,,,,
Overall Health,,overallhealth_generalsocial,overall_health,,radio,"In general, please rate how well you carry out your usual social roles. (This includes activities at home, at work and in your community, and responsibilities as a parent, child, spouse, employee, friend, etc.)","GeneralSocial_Excellent, Excellent | GeneralSocial_VeryGood, Very Good | GeneralSocial_Good, Good | GeneralSocial_Fair, Fair | GeneralSocial_Poor, Poor",,,,,,LV,,,,
Overall Health,,overallhealth_emotionalproblem7days,overall_health,,radio,"In the past 7 days, how often have you been bothered by emotional problems such as feeling anxious, depressed, or irritable?","EmotionalProblem7Days_Never, Never | EmotionalProblem7Days_Rarely, Rarely | EmotionalProblem7Days_Sometimes, Sometimes | EmotionalProblem7Days_Often, Often | EmotionalProblem7Days_Always, Always",,,,,,LV,,,,
Overall Health,,overallhealth_menstrualstopped,overall_health,The next few questions are about women's health issues.  Women's health is very important when considering your overall health. Answering these questions will help us get a more complete picture of your total health.,radio,Have your menstrual periods stopped permanently?,"MenstrualStopped_PeriodsHaventStopped, No | MenstrualStopped_YesNone, Yes, I have no menstrual periods | MenstrualStopped_YesButHormone, Yes, but I have periods induced by hormones | MenstrualStopped_NotSureMenstrualStopped, Not sure | PMI_PreferNotToAnswer, Prefer not to answer",,,,,,LV,,,,
Overall Health,,pregnancy_1pregnancystatus,overall_health,,radio,Are you currently pregnant?,"1PregnancyStatus_No, No | 1PregnancyStatus_Yes, Yes | 1PregnancyStatus_DontKnow, Not sure | PMI_PreferNotToAnswer, Prefer not to answer",,,,[overallhealth_menstrualstopped] = 'MenstrualStopped_NotSureMenstrualStopped' or [overallhealth_menstrualstopped] = 'MenstrualStopped_PeriodsHaventStopped',,LV,,,,
Overall Health,,yesnone_menstrualstoppedreason,overall_health,,radio,Why did your periods stop?,"MenstrualStoppedReason_NaturalMenopause, Natural menopause (change of life) | MenstrualStoppedReason_Surgery, Surgery (a hysterectomy to remove your uterus and/or an oophorectomy to remove your ovaries) | MenstrualStoppedReason_EndometrialAblation, Endometrial ablation (removal of the lining of the uterus) | MenstrualStoppedReason_MedicationTherapy, Medication, chemotherapy, or radiation | PMI_Other, Other | PMI_NotSure, Not sure | PMI_PreferNotToAnswer, Prefer not to answer",,,,[overallhealth_menstrualstopped] = 'MenstrualStopped_YesNone' or [overallhealth_menstrualstopped] = 'MenstrualStopped_YesButHormone',,LV,,,,
Overall Health,,overallhealth_hysterectomyhistory,overall_health,,radio,"Have you ever had a hysterectomy (that is, surgery to remove your uterus or womb)?","HysterectomyHistory_No, No | HysterectomyHistory_Yes, Yes | HysterectomyHistory_NotSure, Not sure | PMI_PreferNotToAnswer, Prefer not to answer",,,,,,LV,,,,
Overall Health,,overallhealth_hysterectomyhistoryage,overall_health,,text,Age of surgery:,,integer,1,99,[overallhealth_hysterectomyhistory] = 'HysterectomyHistory_Yes',,LV,,,,
Overall Health,,overallhealth_ovaryremovalhistory,overall_health,,radio,Have you ever had an ovary removed?,"OvaryRemovalHistory_No, No | OvaryRemovalHistory_YesSectioned, Yes, but only one ovary or part of one ovary | OvaryRemovalHistory_YesBoth, Yes, both ovaries | OvaryRemovalHistory_YesUnsure, Yes, but don't know whether one or both ovaries | OvaryRemovalHistory_NotSure, Not sure | PMI_PreferNotToAnswer, Prefer not to answer",,,,[overallhealth_hysterectomyhistory] = 'HysterectomyHistory_No' or [overallhealth_hysterectomyhistory] = 'HysterectomyHistory_NotSure' or [overallhealth_hysterectomyhistory] = 'PMI_PreferNotToAnswer',,LV,,,,
Overall Health,,overallhealthovaryremovalhistoryage,overall_health,,text,Age of surgery:,,integer,1,99,[overallhealth_ovaryremovalhistory] = 'OvaryRemovalHistory_YesBoth' or [overallhealth_ovaryremovalhistory] = 'OvaryRemovalHistory_YesSectioned' or [overallhealth_ovaryremovalhistory] = 'OvaryRemovalHistory_YesUnsure',,LV,,,,
Overall Health,,overallhealth_organtransplant,overall_health,"A blood sample may be drawn as part of this study.  Some conditions or prior procedures, such as a bone marrow transplant, may cause problems in using your blood sample for research.  In addition, some information about you, such as your travel history, may not generally be in your medical record but may still be helpful to researchers. Traveling outside the country may increase your risk of coming into contact with certain infections not commonly present in this country.  The following questions are asked to address two of these situations.",radio,Have you had a transplant of any type?,"OrganTransplant_Yes, Yes | OrganTransplant_No, No | PMI_DontKnow, Don't know",,,,,,LV,,,,
Overall Health,,organtransplant_organtransplantdescription,overall_health,,checkbox,Please check all that apply.,"OrganTransplantDescription_Heart, Heart | OrganTransplantDescription_Kidney, Kidney | OrganTransplantDescription_Liver, Liver | OrganTransplantDescription_Lung, Lung | OrganTransplantDescription_Pancreas, Pancreas | OrganTransplantDescription_Intestine, Intestine | OrganTransplantDescription_OtherOrgan, Other organ | OrganTransplantDescription_Cornea, Cornea | OrganTransplantDescription_Bone, Bone | OrganTransplantDescription_Valve, Valve | OrganTransplantDescription_Skin, Skin | OrganTransplantDescription_BloodVessels, Blood Vessels | OrganTransplantDescription_OtherTissue, Other Tissue",,,,[overallhealth_organtransplant] = 'OrganTransplant_Yes',,LV,"REGISTERED_ANSWER_SUPPRESSED=OrganTransplantDescription_OtherOrgan, REGISTERED_ANSWER_SUPPRESSED=OrganTransplantDescription_OtherTissue
",,"REGISTERED_ANSWER_SUPPRESSED=OrganTransplantDescription_OtherOrgan, REGISTERED_ANSWER_SUPPRESSED=OrganTransplantDescription_OtherTissue","CONTROLLED_ANSWER_SUPPRESSED=OrganTransplantDescription_OtherOrgan, CONTROLLED_ANSWER_SUPPRESSED=OrganTransplantDescription_OtherTissue"
Overall Health,,otherorgan_freetextbox,overall_health,,text,Please specify organ.,,,,,[organtransplant_organtransplantdescription(OrganTransplantDescription_OtherOrgan)] = '1',,LV,REGISTERED_QUESTION_SUPPRESSED,,REGISTERED_QUESTION_SUPPRESSED,CONTROLLED_QUESTION_SUPPRESSED
Overall Health,,othertissue_freetextbox,overall_health,,text,Please specify tissue.,,,,,[organtransplant_organtransplantdescription(OrganTransplantDescription_OtherTissue)] = '1',,LV,REGISTERED_QUESTION_SUPPRESSED,,REGISTERED_QUESTION_SUPPRESSED,CONTROLLED_QUESTION_SUPPRESSED
Overall Health,,organtransplant_hearttransplantdate,overall_health,,text,Date of heart transplant:,,date_mdy,,,[organtransplant_organtransplantdescription(OrganTransplantDescription_Heart)] = '1',,LV,REGISTERED_DATE_SHIFTED,,REGISTERED_DATE_SHIFTED,
Overall Health,,organtransplant_kidneytransplantdate,overall_health,,text,Date of kidney transplant:,,date_mdy,,,[organtransplant_organtransplantdescription(OrganTransplantDescription_Kidney)] = '1',,LV,REGISTERED_DATE_SHIFTED,,REGISTERED_DATE_SHIFTED,
Overall Health,,organtransplant_livertransplantdate,overall_health,,text,Date of liver transplant:,,date_mdy,,,[organtransplant_organtransplantdescription(OrganTransplantDescription_Liver)] = '1',,LV,REGISTERED_DATE_SHIFTED,,REGISTERED_DATE_SHIFTED,
Overall Health,,organtransplant_lungtransplantdate,overall_health,,text,Date of lung transplant:,,date_mdy,,,[organtransplant_organtransplantdescription(OrganTransplantDescription_Lung)] = '1',,LV,REGISTERED_DATE_SHIFTED,,REGISTERED_DATE_SHIFTED,
Overall Health,,organtransplant_pancreastransplantdate,overall_health,,text,Date of pancreas transplant:,,date_mdy,,,[organtransplant_organtransplantdescription(OrganTransplantDescription_Pancreas)] = '1',,LV,REGISTERED_DATE_SHIFTED,,REGISTERED_DATE_SHIFTED,
Overall Health,,organtransplant_intestinetransplantdate,overall_health,,text,Date of intestine transplant:,,date_mdy,,,[organtransplant_organtransplantdescription(OrganTransplantDescription_Intestine)] = '1',,LV,REGISTERED_DATE_SHIFTED,,REGISTERED_DATE_SHIFTED,
Overall Health,,organtransplant_otherorgantransplantdate,overall_health,,text,Date of other organ transplant:,,date_mdy,,,[organtransplant_organtransplantdescription(OrganTransplantDescription_OtherOrgan)] = '1',,LV,REGISTERED_DATE_SHIFTED,,REGISTERED_DATE_SHIFTED,
Overall Health,,organtransplant_corneatransplantdate,overall_health,,text,Date of cornea transplant:,,date_mdy,,,[organtransplant_organtransplantdescription(OrganTransplantDescription_Cornea)] = '1',,LV,REGISTERED_DATE_SHIFTED,,REGISTERED_DATE_SHIFTED,
Overall Health,,organtransplant_bonetransplantdate,overall_health,,text,Date of bone transplant:,,date_mdy,,,[organtransplant_organtransplantdescription(OrganTransplantDescription_Bone)] = '1',,LV,REGISTERED_DATE_SHIFTED,,REGISTERED_DATE_SHIFTED,
Overall Health,,organtransplant_valvetransplantdate,overall_health,,text,Date of valve transplant:,,date_mdy,,,[organtransplant_organtransplantdescription(OrganTransplantDescription_Valve)] = '1',,LV,REGISTERED_DATE_SHIFTED,,REGISTERED_DATE_SHIFTED,
Overall Health,,organtransplant_skintransplantdate,overall_health,,text,Date of skin transplant:,,date_mdy,,,[organtransplant_organtransplantdescription(OrganTransplantDescription_Skin)] = '1',,LV,REGISTERED_DATE_SHIFTED,,REGISTERED_DATE_SHIFTED,
Overall Health,,organtransplant_bloodvesseltransplantdate,overall_health,,text,Date of blood vessel transplant:,,date_mdy,,,[organtransplant_organtransplantdescription(OrganTransplantDescription_BloodVessels)] = '1',,LV,REGISTERED_DATE_SHIFTED,,REGISTERED_DATE_SHIFTED,
Overall Health,,organtransplant_othertissuetransplantdate,overall_health,,text,Date of other tissue transplant:,,date_mdy,,,[organtransplant_organtransplantdescription(OrganTransplantDescription_OtherTissue)] = '1',,LV,REGISTERED_DATE_SHIFTED,,REGISTERED_DATE_SHIFTED,
Overall Health,,overallhealth_outsidetravel6month,overall_health,,radio,Have you traveled outside of the country within the past 6 months?,"OutsideTravel6Month_Yes, Yes | OutsideTravel6Month_No, No | OutsideTravel6Month_DontKnow, Don't Know",,,,,,LV,,,,
Overall Health,,outsidetravel6month_outsidetravel6monthwheretraveled,overall_health,,text,Where?,,,,,[overallhealth_outsidetravel6month] = 'OutsideTravel6Month_Yes',,LV,"REGISTERED_QUESTION_SUPPRESSED, outsidetravel6month_outsidetravel6monthwheretraveled=OutsideTravel6Month_OutsideTravel6MonthWhere",,REGISTERED_QUESTION_SUPPRESSED,CONTROLLED_QUESTION_SUPPRESSED
Overall Health,,outsidetravel6month_outsidetravel6monthhowlong,overall_health,,text,How long were you there? Enter number of days.,,integer,1,255,[overallhealth_outsidetravel6month] = 'OutsideTravel6Month_Yes',,LV,,,,
Family Health History,,familyhistory,family_health_history,,descriptive,Family Health History,,,,,,,,,,,
Family Health History,,familyhistory_familymedicalhistoryaware,family_health_history,"Please answer each question as honestly as possible. There are no right or wrong answers to any of the questions. It is important that you answer as many questions as you can. We are looking for your own answers and not what you think your doctors, family, or friends want you to say.

Don't feel like you have to spend a long time on each question. The first answer that comes to you is usually the best one. If you aren't sure how to answer a question, choose the best answer from the available choices. Some questions also let you say if you don't know an answer or would rather not answer.

This module asks you about your family's medical history, including medical conditions that your biological parents, grandparents, siblings, or children currently have or have had in the past. Understanding your family's experiences with medical issues can tell us a lot about what kinds of medical issues might be related to your genetics. Genetics has to do with traits that are passed down from generation to generation in a family.

You will be asked questions about your family. Think only of people you are related to by blood including those living or deceased.",radio,"How much do you know about illnesses or health problems for your parents, grandparents, brothers, sisters, and/or children?","FamilyMedicalHistoryAware_Alot, A lot | FamilyMedicalHistoryAware_Some, Some | FamilyMedicalHistoryAware_None, None at all",,,,,,,,,,
Family Health History,,diagnosedhealthcondition_cancercondition,family_health_history,Cancer Conditions,checkbox,Has anyone in your family ever been diagnosed with the following cancer conditions? Think only of the people you are related to by blood. Select all that apply.,"CancerCondition_BladderCancer, Bladder cancer | CancerCondition_BoneCancer, Bone cancer | CancerCondition_BloodCancer, Blood or soft tissue cancer | CancerCondition_BrainCancer, Brain cancer | CancerCondition_BreastCancer, Breast cancer | CancerCondition_CervicalCancer, Cervical cancer | CancerCondition_ColonRectalCancer, Colon cancer/Rectal cancer | CancerCondition_EndocrineCancer, Endocrine cancer | CancerCondition_EndometrialCancer, Endometrial cancer | CancerCondition_EsophagealCancer, Esophageal cancer | CancerCondition_EyeCancer, Eye cancer | CancerCondition_HeadNeckCancer, Head and neck cancer (This includes cancers of the mouth, sinuses, nose, or throat. This does not include brain cancer.) | CancerCondition_KidneyCancer, Kidney cancer | CancerCondition_LungCancer, Lung cancer | CancerCondition_OvarianCancer, Ovarian cancer | CancerCondition_PancreaticCancer, Pancreatic cancer | CancerCondition_ProstateCancer, Prostate cancer | CancerCondition_SkinCancer, Skin cancer | CancerCondition_StomachCancer, Stomach cancer | CancerCondition_ThyroidCancer, Thyroid cancer | CancerCondition_OtherCancer, Other cancer | PMI_None, None of the above | PMI_DontKnow, Don't know | PMI_PreferNotToAnswer, Prefer not to answer",,,,,,," @NONEOFTHEABOVE='PMI_None,PMI_DontKnow,PMI_PreferNotToAnswer'",,,
Family Health History,,cancercondition_bladdercancer_yes,family_health_history,,checkbox,Who in your family has had bladder cancer? Select all that apply.,"MotherCancerCondition_BladderCancer, Mother | FatherCancerCondition_BladderCancer, Father | SiblingCancerCondition_BladderCancer, Sibling | DaughterCancerCondition_BladderCancer, Daughter | SonCancerCondition_BladderCancer, Son | GrandparentCancerCondition_BladderCancer, Grandparent",,,,[diagnosedhealthcondition_cancercondition(CancerCondition_BladderCancer)] = '1',,,,,,
Family Health History,,cancercondition_bonecancer_yes,family_health_history,,checkbox,Who in your family has had bone cancer? Select all that apply.,"MotherCancerCondition_BoneCancer, Mother | FatherCancerCondition_BoneCancer, Father | SiblingCancerCondition_BoneCancer, Sibling | DaughterCancerCondition_BoneCancer, Daughter | SonCancerCondition_BoneCancer, Son | GrandparentCancerCondition_BoneCancer, Grandparent",,,,[diagnosedhealthcondition_cancercondition(CancerCondition_BoneCancer)] = '1',,,,,,
Family Health History,,cancercondition_bloodcancer_yes,family_health_history,,checkbox,Who in your family has had blood or soft tissue cancer? Select all that apply.,"MotherCancerCondition_BloodCancer, Mother | FatherCancerCondition_BloodCancer, Father | SiblingCancerCondition_BloodCancer, Sibling | DaughterCancerCondition_BloodCancer, Daughter | SonCancerCondition_BloodCancer, Son | GrandparentCancerCondition_BloodCancer, Grandparent",,,,[diagnosedhealthcondition_cancercondition(CancerCondition_BloodCancer)] = '1',,,,,,
Family Health History,,cancercondition_braincancer_yes,family_health_history,,checkbox,Who in your family has had brain cancer? Select all that apply.,"MotherCancerCondition_BrainCancer, Mother | FatherCancerCondition_BrainCancer, Father | SiblingCancerCondition_BrainCancer, Sibling | DaughterCancerCondition_BrainCancer, Daughter | SonCancerCondition_BrainCancer, Son | GrandparentCancerCondition_BrainCancer, Grandparent",,,,[diagnosedhealthcondition_cancercondition(CancerCondition_BrainCancer)] = '1',,,,,,
Family Health History,,cancercondition_breastcancer_yes,family_health_history,,checkbox,Who in your family has had breast cancer? Select all that apply.,"MotherCancerCondition_BreastCancer, Mother | FatherCancerCondition_BreastCancer, Father | SiblingCancerCondition_BreastCancer, Sibling | DaughterCancerCondition_BreastCancer, Daughter | SonCancerCondition_BreastCancer, Son | GrandparentCancerCondition_BreastCancer, Grandparent",,,,[diagnosedhealthcondition_cancercondition(CancerCondition_BreastCancer)] = '1',,,,,,
Family Health History,,cancercondition_cervicalcancer_yes,family_health_history,,checkbox,Who in your family has had cervical cancer? Select all that apply.,"MotherCancerCondition_CervicalCancer, Mother | SiblingCancerCondition_CervicalCancer, Sibling | DaughterCancerCondition_CervicalCancer, Daughter | GrandparentCancerCondition_CervicalCancer, Grandparent",,,,[diagnosedhealthcondition_cancercondition(CancerCondition_CervicalCancer)] = '1',,,,,,
Family Health History,,cancercondition_colonrectalcancer_yes,family_health_history,,checkbox,Who in your family has had colon cancer/rectal cancer? Select all that apply.,"MotherCancerCondition_ColonRectalCancer, Mother | FatherCancerCondition_ColonRectalCancer, Father | SiblingCancerCondition_ColonRectalCancer, Sibling | DaughterCancerCondition_ColonRectalCancer, Daughter | SonCancerCondition_ColonRectalCancer, Son | GrandparentCancerCondition_ColonRectalCancer, Grandparent",,,,[diagnosedhealthcondition_cancercondition(CancerCondition_ColonRectalCancer)] = '1',,,,,,
Family Health History,,cancercondition_endocrinecancer_yes,family_health_history,,checkbox,Who in your family has had endocrine cancer? Select all that apply.,"MotherCancerCondition_EndocrineCancer, Mother | FatherCancerCondition_EndocrineCancer, Father | SiblingCancerCondition_EndocrineCancer, Sibling | DaughterCancerCondition_EndocrineCancer, Daughter | SonCancerCondition_EndocrineCancer, Son | GrandparentCancerCondition_EndocrineCancer, Grandparent",,,,[diagnosedhealthcondition_cancercondition(CancerCondition_EndocrineCancer)] = '1',,,,,,
Family Health History,,cancercondition_endometrialcancer_yes,family_health_history,,checkbox,Who in your family has had endometrial cancer? Select all that apply.,"MotherCancerCondition_EndometrialCancer, Mother | SiblingCancerCondition_EndometrialCancer, Sibling | DaughterCancerCondition_EndometrialCancer, Daughter | GrandparentCancerCondition_EndometrialCancer, Grandparent",,,,[diagnosedhealthcondition_cancercondition(CancerCondition_EndometrialCancer)] = '1',,,,,,
Family Health History,,cancercondition_esophagealcancer_yes,family_health_history,,checkbox,Who in your family has had esophageal cancer? Select all that apply.,"MotherCancerCondition_EsophagealCancer, Mother | FatherCancerCondition_EsophagealCancer, Father | SiblingCancerCondition_EsophagealCancer, Sibling | DaughterCancerCondition_EsophagealCancer, Daughter | SonCancerCondition_EsophagealCancer, Son | GrandparentCancerCondition_EsophagealCancer, Grandparent",,,,[diagnosedhealthcondition_cancercondition(CancerCondition_EsophagealCancer)] = '1',,,,,,
Family Health History,,cancercondition_eyecancer_yes,family_health_history,,checkbox,Who in your family has had eye cancer? Select all that apply.,"MotherCancerCondition_EyeCancer, Mother | FatherCancerCondition_EyeCancer, Father | SiblingCancerCondition_EyeCancer, Sibling | DaughterCancerCondition_EyeCancer, Daughter | SonCancerCondition_EyeCancer, Son | GrandparentCancerCondition_EyeCancer, Grandparent",,,,[diagnosedhealthcondition_cancercondition(CancerCondition_EyeCancer)] = '1',,,,,,
Family Health History,,cancercondition_headneckcancer_yes,family_health_history,,checkbox,Who in your family has had head and neck cancer? Select all that apply.,"MotherCancerCondition_HeadNeckCancer, Mother | FatherCancerCondition_HeadNeckCancer, Father | SiblingCancerCondition_HeadNeckCancer, Sibling | DaughterCancerCondition_HeadNeckCancer, Daughter | SonCancerCondition_HeadNeckCancer, Son | GrandparentCancerCondition_HeadNeckCancer, Grandparent",,,,[diagnosedhealthcondition_cancercondition(CancerCondition_HeadNeckCancer)] = '1',,,,,,
Family Health History,,cancercondition_kidneycancer_yes,family_health_history,,checkbox,Who in your family has had kidney cancer? Select all that apply.,"MotherCancerCondition_KidneyCancer, Mother | FatherCancerCondition_KidneyCancer, Father | SiblingCancerCondition_KidneyCancer, Sibling | DaughterCancerCondition_KidneyCancer, Daughter | SonCancerCondition_KidneyCancer, Son | GrandparentCancerCondition_KidneyCancer, Grandparent",,,,[diagnosedhealthcondition_cancercondition(CancerCondition_KidneyCancer)] = '1',,,,,,
Family Health History,,cancercondition_lungcancer_yes,family_health_history,,checkbox,Who in your family has had lung cancer? Select all that apply.,"MotherCancerCondition_LungCancer, Mother | FatherCancerCondition_LungCancer, Father | SiblingCancerCondition_LungCancer, Sibling | DaughterCancerCondition_LungCancer, Daughter | SonCancerCondition_LungCancer, Son | GrandparentCancerCondition_LungCancer, Grandparent",,,,[diagnosedhealthcondition_cancercondition(CancerCondition_LungCancer)] = '1',,,,,,
Family Health History,,cancercondition_ovariancancer_yes,family_health_history,,checkbox,Who in your family has had ovarian cancer? Select all that apply.,"MotherCancerCondition_OvarianCancer, Mother | SiblingCancerCondition_OvarianCancer, Sibling | DaughterCancerCondition_OvarianCancer, Daughter | GrandparentCancerCondition_OvarianCancer, Grandparent",,,,[diagnosedhealthcondition_cancercondition(CancerCondition_OvarianCancer)] = '1',,,,,,
Family Health History,,cancercondition_pancreaticcancer_yes,family_health_history,,checkbox,Who in your family has had pancreatic cancer? Select all that apply.,"MotherCancerCondition_PancreaticCancer, Mother | FatherCancerCondition_PancreaticCancer, Father | SiblingCancerCondition_PancreaticCancer, Sibling | DaughterCancerCondition_PancreaticCancer, Daughter | SonCancerCondition_PancreaticCancer, Son | GrandparentCancerCondition_PancreaticCancer, Grandparent",,,,[diagnosedhealthcondition_cancercondition(CancerCondition_PancreaticCancer)] = '1',,,,,,
Family Health History,,cancercondition_prostatecancer_yes,family_health_history,,checkbox,Who in your family has had prostate cancer? Select all that apply.,"FatherCancerCondition_ProstateCancer, Father | SiblingCancerCondition_ProstateCancer, Sibling | SonCancerCondition_ProstateCancer, Son | GrandparentCancerCondition_ProstateCancer, Grandparent",,,,[diagnosedhealthcondition_cancercondition(CancerCondition_ProstateCancer)] = '1',,,,,,
Family Health History,,cancercondition_skincancer_yes,family_health_history,,checkbox,Who in your family has had skin cancer? Select all that apply.,"MotherCancerCondition_SkinCancer, Mother | FatherCancerCondition_SkinCancer, Father | SiblingCancerCondition_SkinCancer, Sibling | DaughterCancerCondition_SkinCancer, Daughter | SonCancerCondition_SkinCancer, Son | GrandparentCancerCondition_SkinCancer, Grandparent",,,,[diagnosedhealthcondition_cancercondition(CancerCondition_SkinCancer)] = '1',,,,,,
Family Health History,,cancercondition_stomachcancer_yes,family_health_history,,checkbox,Who in your family has had stomach cancer? Select all that apply.,"MotherCancerCondition_StomachCancer, Mother | FatherCancerCondition_StomachCancer, Father | SiblingCancerCondition_StomachCancer, Sibling | DaughterCancerCondition_StomachCancer, Daughter | SonCancerCondition_StomachCancer, Son | GrandparentCancerCondition_StomachCancer, Grandparent",,,,[diagnosedhealthcondition_cancercondition(CancerCondition_StomachCancer)] = '1',,,,,,
Family Health History,,cancercondition_thyroidcancer_yes,family_health_history,,checkbox,Who in your family has had thyroid cancer? Select all that apply.,"MotherCancerCondition_ThyroidCancer, Mother | FatherCancerCondition_ThyroidCancer, Father | SiblingCancerCondition_ThyroidCancer, Sibling | DaughterCancerCondition_ThyroidCancer, Daughter | SonCancerCondition_ThyroidCancer, Son | GrandparentCancerCondition_ThyroidCancer, Grandparent",,,,[diagnosedhealthcondition_cancercondition(CancerCondition_ThyroidCancer)] = '1',,,,,,
Family Health History,,cancercondition_othercancer_yes,family_health_history,,checkbox,Who in your family has had other cancer(s)? Select all that apply.,"MotherCancerCondition_OtherCancer, Mother | FatherCancerCondition_OtherCancer, Father | SiblingCancerCondition_OtherCancer, Sibling | DaughterCancerCondition_OtherCancer, Daughter | SonCancerCondition_OtherCancer, Son | GrandparentCancerCondition_OtherCancer, Grandparent",,,,[diagnosedhealthcondition_cancercondition(CancerCondition_OtherCancer)] = '1',,,REGISTERED_ANSWERS_BUCKETED,,REGISTERED_ANSWERS_BUCKETED,
Family Health History,,othercancer_motherfreetextbox,family_health_history,,text,Please list other cancer(s) your mother has had.,,,,,[cancercondition_othercancer_yes(MotherCancerCondition_OtherCancer)] = '1',,,REGISTERED_QUESTION_SUPPRESSED,,REGISTERED_QUESTION_SUPPRESSED,CONTROLLED_QUESTION_SUPPRESSED
Family Health History,,othercancer_fatherfreetextbox,family_health_history,,text,Please list other cancer(s) your father has had.,,,,,[cancercondition_othercancer_yes(FatherCancerCondition_OtherCancer)] = '1',,,REGISTERED_QUESTION_SUPPRESSED,,REGISTERED_QUESTION_SUPPRESSED,CONTROLLED_QUESTION_SUPPRESSED
Family Health History,,othercancer_siblingfreetextbox,family_health_history,,text,Please list other cancer(s) your sibling(s) has had.,,,,,[cancercondition_othercancer_yes(SiblingCancerCondition_OtherCancer)] = '1',,,REGISTERED_QUESTION_SUPPRESSED,,REGISTERED_QUESTION_SUPPRESSED,CONTROLLED_QUESTION_SUPPRESSED
Family Health History,,othercancer_daughterfreetextbox,family_health_history,,text,Please list other cancer(s) your daughter(s) has had.,,,,,[cancercondition_othercancer_yes(DaughterCancerCondition_OtherCancer)] = '1',,,REGISTERED_QUESTION_SUPPRESSED,,REGISTERED_QUESTION_SUPPRESSED,CONTROLLED_QUESTION_SUPPRESSED
Family Health History,,othercancer_sonfreetextbox,family_health_history,,text,Please list other cancer(s) your son(s) has had.,,,,,[cancercondition_othercancer_yes(SonCancerCondition_OtherCancer)] = '1',,,REGISTERED_QUESTION_SUPPRESSED,,REGISTERED_QUESTION_SUPPRESSED,CONTROLLED_QUESTION_SUPPRESSED
Family Health History,,othercancer_grandparentfreetextbox,family_health_history,,text,Please list other cancer(s) your grandparent(s) has had.,,,,,[cancercondition_othercancer_yes(GrandparentCancerCondition_OtherCancer)] = '1',,,REGISTERED_QUESTION_SUPPRESSED,,REGISTERED_QUESTION_SUPPRESSED,CONTROLLED_QUESTION_SUPPRESSED
Family Health History,,diagnosedhealthcondition_circulatorycondition,family_health_history,Heart and Blood Conditions,checkbox,Has anyone in your family ever been diagnosed with the following heart and blood conditions? Think only of the people you are related to by blood. Select all that apply.,"DiagnosedHealthCondition_Anemia, Anemia | CirculatoryCondition_AorticAneurysm, Aortic aneurysm | CirculatoryCondition_AtrialFibrilation, Atrial fibrillation (or a-fib) or atrial flutter (or a-flutter). | CirculatoryCondition_CongestiveHeartFailure, Congestive heart failure | CirculatoryCondition_CoronaryArteryHeartDisease, Coronary artery/coronary heart disease (includes angina) | CirculatoryCondition_HeartAttack, Heart attack | CirculatoryCondition_HeartValveDisease, Heart valve disease | CirculatoryCondition_HighBloodPressure, High blood pressure (Hypertension) | CirculatoryCondition_HighCholesterol, High cholesterol | CirculatoryCondition_PeripheralVascularDisease, Peripheral vascular disease | CirculatoryCondition_PulmonaryEmbolismThrombosis, Pulmonary embolism or deep vein thrombosis (DVT) | CirculatoryCondition_SickleCellDisease, Sickle cell disease | CirculatoryCondition_Stroke, Stroke | CirculatoryCondition_SuddenDeath, Sudden death | PMI_None, None of the above | PMI_DontKnow, Don't know | PMI_PreferNotToAnswer, Prefer not to answer",,,,,,," @NONEOFTHEABOVE='PMI_None,PMI_DontKnow,PMI_PreferNotToAnswer'",,,
Family Health History,,diagnosedhealthcondition_anemia_yes,family_health_history,,checkbox,Who in your family has had anemia? Select all that apply.,"MotherCirculatoryCondition_Anemia, Mother | FatherCirculatoryCondition_Anemia, Father | SiblingCirculatoryCondition_Anemia, Sibling | DaughterCirculatoryCondition_Anemia, Daughter | SonCirculatoryCondition_Anemia, Son | GrandparentCirculatoryCondition_Anemia, Grandparent",,,,[diagnosedhealthcondition_circulatorycondition(DiagnosedHealthCondition_Anemia)] = '1',,,,,,
Family Health History,,circulatorycondition_aorticaneurysm_yes,family_health_history,,checkbox,Who in your family has had aortic aneurysm? Select all that apply.,"MotherCirculatoryCondition_AorticAneurysm, Mother | FatherCirculatoryCondition_AorticAneurysm, Father | SiblingCirculatoryCondition_AorticAneurysm, Sibling | DaughterCirculatoryCondition_AorticAneurysm, Daughter | SonCirculatoryCondition_AorticAneurysm, Son | GrandparentCirculatoryCondition_AorticAneurysm, Grandparent",,,,[diagnosedhealthcondition_circulatorycondition(CirculatoryCondition_AorticAneurysm)] = '1',,,,,,
Family Health History,,circulatorycondition_atrialfibrilation_yes,family_health_history,,checkbox,Who in your family has had atrial fibrillation (or a-fib) or atrial flutter (or a-flutter)? Select all that apply.,"MotherCirculatoryCondition_AtrialFibrilation, Mother | FatherCirculatoryCondition_AtrialFibrilation, Father | SiblingCirculatoryCondition_AtrialFibrilation, Sibling | DaughterCirculatoryCondition_AtrialFibrilation, Daughter | SonCirculatoryCondition_AtrialFibrilation, Son | GrandparentCirculatoryCondition_AtrialFibrilation, Grandparent",,,,[diagnosedhealthcondition_circulatorycondition(CirculatoryCondition_AtrialFibrilation)] = '1',,,,,,
Family Health History,,circulatorycondition_congestiveheartfailure_yes,family_health_history,,checkbox,Who in your family has had congestive heart failure? Select all that apply.,"MotherCirculatoryCondition_CongestiveHeartFailure, Mother | FatherCirculatoryCondition_CongestiveHeartFailure, Father | SiblingCirculatoryCondition_CongestiveHeartFailure, Sibling | DaughterCirculatoryCondition_CongestiveHeartFailure, Daughter | SonCirculatoryCondition_CongestiveHeartFailure, Son | GrandparentCirculatoryCondition_CongestiveHeartFailure, Grandparent",,,,[diagnosedhealthcondition_circulatorycondition(CirculatoryCondition_CongestiveHeartFailure)] = '1',,,"DaughterCirculatoryCondition_CongestiveHeartFailure=DaughterCirculatoryCondition_CongestiveHeartFail,
GrandparentCirculatoryCondition_CongestiveHeartFailure=GrandparentCirculatoryCondition_CongestiveHeart",,,
Family Health History,,circulatorycondition_coronaryarteryheartdisease_yes,family_health_history,,checkbox,Who in your family has had coronary artery/coronary heart disease (includes angina)? Select all that apply.,"MotherCirculatoryCondition_CoronaryArteryHeartDisease, Mother | FatherCirculatoryCondition_CoronaryArteryHeartDisease, Father | SiblingCirculatoryCondition_CoronaryArteryHeartDisease, Sibling | DaughterCirculatoryCondition_CoronaryArteryHeartDisease, Daughter | SonCirculatoryCondition_CoronaryArteryHeartDisease, Son | GrandparentCirculatoryCondition_CoronaryArteryHeartDisease, Grandparent",,,,[diagnosedhealthcondition_circulatorycondition(CirculatoryCondition_CoronaryArteryHeartDisease)] = '1',,,"circulatorycondition_coronaryarteryheartdisease_yes=CirculatoryCondition_CoronaryArteryHeartDisease_y,
MotherCirculatoryCondition_CoronaryArteryHeartDisease=MotherCirculatoryCondition_CoronaryArteryHeart,
FatherCirculatoryCondition_CoronaryArteryHeartDisease=FatherCirculatoryCondition_CoronaryArteryHeart,
SiblingCirculatoryCondition_CoronaryArteryHeartDisease=SiblingCirculatoryCondition_CoronaryArteryHeart,
DaughterCirculatoryCondition_CoronaryArteryHeartDisease=DaughterCirculatoryCondition_CoronaryArteryHeart,
GrandparentCirculatoryCondition_CoronaryArteryHeartDisease=GrandparentCirculatoryCondition_CoroArteryHeart",,,
Family Health History,,circulatorycondition_heartattack_yes,family_health_history,,checkbox,Who in your family has had a heart attack? Select all that apply.,"MotherCirculatoryCondition_HeartAttack, Mother | FatherCirculatoryCondition_HeartAttack, Father | SiblingCirculatoryCondition_HeartAttack, Sibling | DaughterCirculatoryCondition_HeartAttack, Daughter | SonCirculatoryCondition_HeartAttack, Son | GrandparentCirculatoryCondition_HeartAttack, Grandparent",,,,[diagnosedhealthcondition_circulatorycondition(CirculatoryCondition_HeartAttack)] = '1',,,,,,
Family Health History,,circulatorycondition_heartvalvedisease_yes,family_health_history,,checkbox,Who in your family has had heart valve disease? Select all that apply.,"MotherCirculatoryCondition_HeartValveDisease, Mother | FatherCirculatoryCondition_HeartValveDisease, Father | SiblingCirculatoryCondition_HeartValveDisease, Sibling | DaughterCirculatoryCondition_HeartValveDisease, Daughter | SonCirculatoryCondition_HeartValveDisease, Son | GrandparentCirculatoryCondition_HeartValveDisease, Grandparent",,,,[diagnosedhealthcondition_circulatorycondition(CirculatoryCondition_HeartValveDisease)] = '1',,,,,,
Family Health History,,circulatorycondition_highbloodpressure_yes,family_health_history,,checkbox,Who in your family has had high blood pressure (hypertension)? Select all that apply.,"MotherCirculatoryCondition_HighBloodPressure, Mother | FatherCirculatoryCondition_HighBloodPressure, Father | SiblingCirculatoryCondition_HighBloodPressure, Sibling | DaughterCirculatoryCondition_HighBloodPressure, Daughter | SonCirculatoryCondition_HighBloodPressure, Son | GrandparentCirculatoryCondition_HighBloodPressure, Grandparent",,,,[diagnosedhealthcondition_circulatorycondition(CirculatoryCondition_HighBloodPressure)] = '1',,,,,,
Family Health History,,circulatorycondition_highcholesterol_yes,family_health_history,,checkbox,Who in your family has had high cholesterol? Select all that apply.,"MotherCirculatoryCondition_HighCholesterol, Mother | FatherCirculatoryCondition_HighCholesterol, Father | SiblingCirculatoryCondition_HighCholesterol, Sibling | DaughterCirculatoryCondition_HighCholesterol, Daughter | SonCirculatoryCondition_HighCholesterol, Son | GrandparentCirculatoryCondition_HighCholesterol, Grandparent",,,,[diagnosedhealthcondition_circulatorycondition(CirculatoryCondition_HighCholesterol)] = '1',,,,,,
Family Health History,,circulatorycondition_peripheralvasculardisease_yes,family_health_history,,checkbox,Who in your family has had peripheral vascular disease? Select all that apply.,"MotherCirculatoryCondition_PeripheralVascularDisease, Mother | FatherCirculatoryCondition_PeripheralVascularDisease, Father | SiblingCirculatoryCondition_PeripheralVascularDisease, Sibling | DaughterCirculatoryCondition_PeripheralVascularDisease, Daughter | SonCirculatoryCondition_PeripheralVascularDisease, Son | GrandparentCirculatoryCondition_PeripheralVascularDisease, Grandparent",,,,[diagnosedhealthcondition_circulatorycondition(CirculatoryCondition_PeripheralVascularDisease)] = '1',,,"MotherCirculatoryCondition_PeripheralVascularDisease=MotherCirculatoryCondition_PeripheralVascular,
FatherCirculatoryCondition_PeripheralVascularDisease=FatherCirculatoryCondition_PeripheralVascular,
SiblingCirculatoryCondition_PeripheralVascularDisease=SiblingCirculatoryCondition_PeripheralVascular,
DaughterCirculatoryCondition_PeripheralVascularDisease=DaughterCirculatoryCondition_PeripheralVascular,
GrandparentCirculatoryCondition_PeripheralVascularDisease=GrandparentCirculatoryCondition_PeripheralVascular",,,
Family Health History,,circulatorycondition_pulmonaryembolismthrombosis_yes,family_health_history,,checkbox,Who in your family has had pulmonary embolism or deep vein thrombosis (DVT)? Select all that apply.,"MotherCirculatoryCondition_PulmonaryEmbolismThrombosis, Mother | FatherCirculatoryCondition_PulmonaryEmbolismThrombosis, Father | SiblingCirculatoryCondition_PulmonaryEmbolismThrombosis, Sibling | DaughterCirculatoryCondition_PulmonaryEmbolismThrombosis, Daughter | SonCirculatoryCondition_PulmonaryEmbolismThrombosis, Son | GrandparentCirculatoryCondition_PulmonaryEmbolismThrombosis, Grandparent",,,,[diagnosedhealthcondition_circulatorycondition(CirculatoryCondition_PulmonaryEmbolismThrombosis)] = '1',,,"circulatorycondition_pulmonaryembolismthrombosis_yes=CirculatoryCondition_PulmonaryEmbolismThrombosis_y,
MotherCirculatoryCondition_PulmonaryEmbolismThrombosis=MotherCirculatoryCondition_PulEmbolThrombosis,
FatherCirculatoryCondition_PulmonaryEmbolismThrombosis=FatherCirculatoryCondition_PulEmbolThrombosis,
SiblingCirculatoryCondition_PulmonaryEmbolismThrombosis=SiblingCirculatoryCondition_PulEmbolThrombosis,
DaughterCirculatoryCondition_PulmonaryEmbolismThrombosis=DaughterCirculatoryCondition_PulEmbolThrombosis,
SonCirculatoryCondition_PulmonaryEmbolismThrombosis=SonCirculatoryCondition_PulEmbolThrombosis,
GrandparentCirculatoryCondition_PulmonaryEmbolismThrombosis=GrandparentCirculatoryCondition_PulEmbolThrombosis",,,
Family Health History,,circulatorycondition_sicklecelldisease_yes,family_health_history,,checkbox,Who in your family has had sickle cell disease? Select all that apply.,"MotherCirculatoryCondition_SickleCellDisease, Mother | FatherCirculatoryCondition_SickleCellDisease, Father | SiblingCirculatoryCondition_SickleCellDisease, Sibling | DaughterCirculatoryCondition_SickleCellDisease, Daughter | SonCirculatoryCondition_SickleCellDisease, Son | GrandparentCirculatoryCondition_SickleCellDisease, Grandparent",,,,[diagnosedhealthcondition_circulatorycondition(CirculatoryCondition_SickleCellDisease)] = '1',,,,,,
Family Health History,,circulatorycondition_stroke_yes,family_health_history,,checkbox,Who in your family has had a stroke? Select all that apply.,"MotherCirculatoryCondition_Stroke, Mother | FatherCirculatoryCondition_Stroke, Father | SiblingCirculatoryCondition_Stroke, Sibling | DaughterCirculatoryCondition_Stroke, Daughter | SonCirculatoryCondition_Stroke, Son | GrandparentCirculatoryCondition_Stroke, Grandparent",,,,[diagnosedhealthcondition_circulatorycondition(CirculatoryCondition_Stroke)] = '1',,,,,,
Family Health History,,circulatorycondition_suddendeath_yes,family_health_history,,checkbox,Who in your family had sudden death? Select all that apply.,"MotherCirculatoryCondition_SuddenDeath, Mother | FatherCirculatoryCondition_SuddenDeath, Father | SiblingCirculatoryCondition_SuddenDeath, Sibling | DaughterCirculatoryCondition_SuddenDeath, Daughter | SonCirculatoryCondition_SuddenDeath, Son | GrandparentCirculatoryCondition_SuddenDeath, Grandparent",,,,[diagnosedhealthcondition_circulatorycondition(CirculatoryCondition_SuddenDeath)] = '1',,,,,,
Family Health History,,diagnosedhealthcondition_digestivecondition,family_health_history,Digestive Conditions,checkbox,Has anyone in your family ever been diagnosed with the following digestive conditions? Think only of the people you are related to by blood. Select all that apply.,"DigestiveCondition_AcidReflux, Acid reflux | DigestiveCondition_CeliacDisease, Celiac disease | DigestiveCondition_ColonPolyps, Colon polyps | DigestiveCondition_CrohnsDisease, Crohn's disease | DigestiveCondition_Diverticulitis, Diverticulitis/Diverticulosis | DigestiveCondition_GallStones, Gall stones | DigestiveCondition_IrritableBowelSyndrome, Irritable bowel syndrome (IBS) | DigestiveCondition_LiverCondition, Liver condition (e.g., cirrhosis) | DigestiveCondition_PepticUlcers, Peptic (stomach) ulcers | DigestiveCondition_UlcerativeColitis, Ulcerative colitis | PMI_None, None of the above | PMI_DontKnow, Don't know | PMI_PreferNotToAnswer, Prefer not to answer",,,,,,," @NONEOFTHEABOVE='PMI_None,PMI_DontKnow,PMI_PreferNotToAnswer'",,,
Family Health History,,digestivecondition_acidreflux_yes,family_health_history,,checkbox,Who in your family has had acid reflux? Select all that apply.,"MotherDigestiveCondition_AcidReflux, Mother | FatherDigestiveCondition_AcidReflux, Father | SiblingDigestiveCondition_AcidReflux, Sibling | DaughterDigestiveCondition_AcidReflux, Daughter | SonDigestiveCondition_AcidReflux, Son | GrandparentDigestiveCondition_AcidReflux, Grandparent",,,,[diagnosedhealthcondition_digestivecondition(DigestiveCondition_AcidReflux)] = '1',,,,,,
Family Health History,,digestivecondition_celiacdisease_yes,family_health_history,,checkbox,Who in your family has had celiac disease? Select all that apply.,"MotherDigestiveCondition_CeliacDisease, Mother | FatherDigestiveCondition_CeliacDisease, Father | SiblingDigestiveCondition_CeliacDisease, Sibling | DaughterDigestiveCondition_CeliacDisease, Daughter | SonDigestiveCondition_CeliacDisease, Son | GrandparentDigestiveCondition_CeliacDisease, Grandparent",,,,[diagnosedhealthcondition_digestivecondition(DigestiveCondition_CeliacDisease)] = '1',,,,,,
Family Health History,,digestivecondition_colonpolyps_yes,family_health_history,,checkbox,Who in your family has had colon polyps? Select all that apply.,"MotherDigestiveCondition_ColonPolyps, Mother | FatherDigestiveCondition_ColonPolyps, Father | SiblingDigestiveCondition_ColonPolyps, Sibling | DaughterDigestiveCondition_ColonPolyps, Daughter | SonDigestiveCondition_ColonPolyps, Son | GrandparentDigestiveCondition_ColonPolyps, Grandparent",,,,[diagnosedhealthcondition_digestivecondition(DigestiveCondition_ColonPolyps)] = '1',,,,,,
Family Health History,,digestivecondition_crohnsdisease_yes,family_health_history,,checkbox,Who in your family has had Crohn's disease? Select all that apply.,"MotherDigestiveCondition_CrohnsDisease, Mother | FatherDigestiveCondition_CrohnsDisease, Father | SiblingDigestiveCondition_CrohnsDisease, Sibling | DaughterDigestiveCondition_CrohnsDisease, Daughter | SonDigestiveCondition_CrohnsDisease, Son | GrandparentDigestiveCondition_CrohnsDisease, Grandparent",,,,[diagnosedhealthcondition_digestivecondition(DigestiveCondition_CrohnsDisease)] = '1',,,,,,
Family Health History,,digestivecondition_diverticulitis_yes,family_health_history,,checkbox,Who in your family has had diverticulitis/diverticulosis? Select all that apply.,"MotherDigestiveCondition_Diverticulitis, Mother | FatherDigestiveCondition_Diverticulitis, Father | SiblingDigestiveCondition_Diverticulitis, Sibling | DaughterDigestiveCondition_Diverticulitis, Daughter | SonDigestiveCondition_Diverticulitis, Son | GrandparentDigestiveCondition_Diverticulitis, Grandparent",,,,[diagnosedhealthcondition_digestivecondition(DigestiveCondition_Diverticulitis)] = '1',,,,,,
Family Health History,,digestivecondition_gallstones_yes,family_health_history,,checkbox,Who in your family has had gall stones? Select all that apply.,"MotherDigestiveCondition_GallStones, Mother | FatherDigestiveCondition_GallStones, Father | SiblingDigestiveCondition_GallStones, Sibling | DaughterDigestiveCondition_GallStones, Daughter | SonDigestiveCondition_GallStones, Son | GrandparentDigestiveCondition_GallStones, Grandparent",,,,[diagnosedhealthcondition_digestivecondition(DigestiveCondition_GallStones)] = '1',,,,,,
Family Health History,,digestivecondition_irritablebowelsyndrome_yes,family_health_history,,checkbox,Who in your family has had irritable bowel syndrome (IBS)? Select all that apply.,"MotherDigestiveCondition_IrritableBowelSyndrome, Mother | FatherDigestiveCondition_IrritableBowelSyndrome, Father | SiblingDigestiveCondition_IrritableBowelSyndrome, Sibling | DaughterDigestiveCondition_IrritableBowelSyndrome, Daughter | SonDigestiveCondition_IrritableBowelSyndrome, Son | GrandparentDigestiveCondition_IrritableBowelSyndrome, Grandparent",,,,[diagnosedhealthcondition_digestivecondition(DigestiveCondition_IrritableBowelSyndrome)] = '1',,,GrandparentDigestiveCondition_IrritableBowelSyndrome=GrandparentDigestiveCondition_IBS,,,
Family Health History,,diagnosedhealthcondition_livercondition_yes,family_health_history,,checkbox,"Who in your family has had a liver condition (e.g., cirrhosis)? Select all that apply.","MotherDigestiveCondition_LiverCondition, Mother | FatherDigestiveCondition_LiverCondition, Father | SiblingDigestiveCondition_LiverCondition, Sibling | DaughterDigestiveCondition_LiverCondition, Daughter | SonDigestiveCondition_LiverCondition, Son | GrandparentDigestiveCondition_LiverCondition, Grandparent",,,,[diagnosedhealthcondition_digestivecondition(DigestiveCondition_LiverCondition)] = '1',,,,,,
Family Health History,,digestivecondition_pepticulcers_yes,family_health_history,,checkbox,Who in your family has had peptic (stomach) ulcers? Select all that apply.,"MotherDigestiveCondition_PepticUlcers, Mother | FatherDigestiveCondition_PepticUlcers, Father | SiblingDigestiveCondition_PepticUlcers, Sibling | DaughterDigestiveCondition_PepticUlcers, Daughter | SonDigestiveCondition_PepticUlcers, Son | GrandparentDigestiveCondition_PepticUlcers, Grandparent",,,,[diagnosedhealthcondition_digestivecondition(DigestiveCondition_PepticUlcers)] = '1',,,,,,
Family Health History,,digestivecondition_ulcerativecolitis_yes,family_health_history,,checkbox,Who in your family has had ulcerative colitis? Select all that apply.,"MotherDigestiveCondition_UlcerativeColitis, Mother | FatherDigestiveCondition_UlcerativeColitis, Father | SiblingDigestiveCondition_UlcerativeColitis, Sibling | DaughterDigestiveCondition_UlcerativeColitis, Daughter | SonDigestiveCondition_UlcerativeColitis, Son | GrandparentDigestiveCondition_UlcerativeColitis, Grandparent",,,,[diagnosedhealthcondition_digestivecondition(DigestiveCondition_UlcerativeColitis)] = '1',,,,,,
Family Health History,,diagnosedhealthcondition_endocrinecondition,family_health_history,Hormone and Endocrine Conditions,checkbox,Has anyone in your family ever been diagnosed with the following hormone and endocrine conditions? Think only of the people you are related to by blood. Select all that apply.,"EndocrineCondition_Hyperthyroidism, Hyperthyroidism | EndocrineCondition_Hypothyroidism, Hypothyroidism | EndocrineCondition_Type1Diabetes, Type 1 diabetes | EndocrineCondition_Type2Diabetes, Type 2 diabetes | EndocrineCondition_OtherDiabetes, Other/unknown diabetes | PMI_None, None of the above | PMI_DontKnow, Don't know | PMI_PreferNotToAnswer, Prefer not to answer",,,,,,," @NONEOFTHEABOVE='PMI_None,PMI_DontKnow,PMI_PreferNotToAnswer'",,,
Family Health History,,endocrinecondition_hyperthyroidism_yes,family_health_history,,checkbox,Who in your family has had hyperthyroidism? Select all that apply.,"MotherEndocrineCondition_Hyperthyroidism, Mother | FatherEndocrineCondition_Hyperthyroidism, Father | SiblingEndocrineCondition_Hyperthyroidism, Sibling | DaughterEndocrineCondition_Hyperthyroidism, Daughter | SonEndocrineCondition_Hyperthyroidism, Son | GrandparentEndocrineCondition_Hyperthyroidism, Grandparent",,,,[diagnosedhealthcondition_endocrinecondition(EndocrineCondition_Hyperthyroidism)] = '1',,,,,,
Family Health History,,endocrinecondition_hypothyroidism_yes,family_health_history,,checkbox,Who in your family has had hypothyroidism? Select all that apply.,"MotherEndocrineCondition_Hypothyroidism, Mother | FatherEndocrineCondition_Hypothyroidism, Father | SiblingEndocrineCondition_Hypothyroidism, Sibling | DaughterEndocrineCondition_Hypothyroidism, Daughter | SonEndocrineCondition_Hypothyroidism, Son | GrandparentEndocrineCondition_Hypothyroidism, Grandparent",,,,[diagnosedhealthcondition_endocrinecondition(EndocrineCondition_Hypothyroidism)] = '1',,,,,,
Family Health History,,endocrinecondition_type1diabetes_yes,family_health_history,,checkbox,Who in your family has had type 1 diabetes? Select all that apply.,"MotherEndocrineCondition_Type1Diabetes, Mother | FatherEndocrineCondition_Type1Diabetes, Father | SiblingEndocrineCondition_Type1Diabetes, Sibling | DaughterEndocrineCondition_Type1Diabetes, Daughter | SonEndocrineCondition_Type1Diabetes, Son | GrandparentEndocrineCondition_Type1Diabetes, Grandparent",,,,[diagnosedhealthcondition_endocrinecondition(EndocrineCondition_Type1Diabetes)] = '1',,,,,,
Family Health History,,endocrinecondition_type2diabetes_yes,family_health_history,,checkbox,Who in your family has had type 2 diabetes? Select all that apply.,"MotherEndocrineCondition_Type2Diabetes, Mother | FatherEndocrineCondition_Type2Diabetes, Father | SiblingEndocrineCondition_Type2Diabetes, Sibling | DaughterEndocrineCondition_Type2Diabetes, Daughter | SonEndocrineCondition_Type2Diabetes, Son | GrandparentEndocrineCondition_Type2Diabetes, Grandparent",,,,[diagnosedhealthcondition_endocrinecondition(EndocrineCondition_Type2Diabetes)] = '1',,,,,,
Family Health History,,endocrinecondition_otherdiabetes_yes,family_health_history,,checkbox,Who in your family has had other/unknown diabetes? Select all that apply.,"MotherEndocrineCondition_OtherDiabetes, Mother | FatherEndocrineCondition_OtherDiabetes, Father | SiblingEndocrineCondition_OtherDiabetes, Sibling | DaughterEndocrineCondition_OtherDiabetes, Daughter | SonEndocrineCondition_OtherDiabetes, Son | GrandparentEndocrineCondition_OtherDiabetes, Grandparent",,,,[diagnosedhealthcondition_endocrinecondition(EndocrineCondition_OtherDiabetes)] = '1',,,,,,
Family Health History,,diagnosedhealthcondition_kidneycondition,family_health_history,Kidney Conditions,checkbox,Has anyone in your family ever been diagnosed with the following kidney conditions? Think only of the people you are related to by blood. Select all that apply.,"KidneyCondition_KidneyDisease, Kidney disease | KidneyCondition_KidneyStones, Kidney stones | PMI_None, None of the above | PMI_DontKnow, Don't know | PMI_PreferNotToAnswer, Prefer not to answer",,,,,,," @NONEOFTHEABOVE='PMI_None,PMI_DontKnow,PMI_PreferNotToAnswer'",,,
Family Health History,,diagnosedhealthcondition_kidneycondition_yes,family_health_history,,checkbox,Who in your family has had kidney disease? Select all that apply.,"MotherKidneyCondition_KidneyDisease, Mother | FatherKidneyCondition_KidneyDisease, Father | SiblingKidneyCondition_KidneyDisease, Sibling | DaughterKidneyCondition_KidneyDisease, Daughter | SonKidneyCondition_KidneyDisease, Son | GrandparentKidneyCondition_KidneyDisease, Grandparent",,,,[diagnosedhealthcondition_kidneycondition(KidneyCondition_KidneyDisease)] = '1',,,,,,
Family Health History,,kidneycondition_kidneystones_yes,family_health_history,,checkbox,Who in your family has had kidney stones? Select all that apply.,"MotherKidneyCondition_KidneyStones, Mother | FatherKidneyCondition_KidneyStones, Father | SiblingKidneyCondition_KidneyStones, Sibling | DaughterKidneyCondition_KidneyStones, Daughter | SonKidneyCondition_KidneyStones, Son | GrandparentKidneyCondition_KidneyStones, Grandparent",,,,[diagnosedhealthcondition_kidneycondition(KidneyCondition_KidneyStones)] = '1',,,,,,
Family Health History,,diagnosedhealthcondition_respiratorycondition,family_health_history,Lung Conditions,checkbox,Has anyone in your family ever been diagnosed with the following lung conditions? Think only of the people you are related to by blood. Select all that apply.,"RespiratoryCondition_Asthma, Asthma | RespiratoryCondition_ChronicLungDisease, Chronic lung disease (COPD, emphysema, or bronchitis) | RespiratoryCondition_SleepApnea, Sleep apnea | PMI_None, None of the above | PMI_DontKnow, Don't know | PMI_PreferNotToAnswer, Prefer not to answer",,,,,,," @NONEOFTHEABOVE='PMI_None,PMI_DontKnow,PMI_PreferNotToAnswer'",,,
Family Health History,,respiratorycondition_asthma_yes,family_health_history,,checkbox,Who in your family has had asthma? Select all that apply.,"MotherRespiratoryCondition_Asthma, Mother | FatherRespiratoryCondition_Asthma, Father | SiblingRespiratoryCondition_Asthma, Sibling | DaughterRespiratoryCondition_Asthma, Daughter | SonRespiratoryCondition_Asthma, Son | GrandparentRespiratoryCondition_Asthma, Grandparent",,,,[diagnosedhealthcondition_respiratorycondition(RespiratoryCondition_Asthma)] = '1',,,,,,
Family Health History,,respiratorycondition_chroniclungdisease_yes,family_health_history,,checkbox,"Who in your family has had chronic lung disease (COPD, emphysema, or bronchitis)? Select all that apply.","MotherRespiratoryCondition_ChronicLungDisease, Mother | FatherRespiratoryCondition_ChronicLungDisease, Father | SiblingRespiratoryCondition_ChronicLungDisease, Sibling | DaughterRespiratoryCondition_ChronicLungDisease, Daughter | SonRespiratoryCondition_ChronicLungDisease, Son | GrandparentRespiratoryCondition_ChronicLungDisease, Grandparent",,,,[diagnosedhealthcondition_respiratorycondition(RespiratoryCondition_ChronicLungDisease)] = '1',,,,,,
Family Health History,,respiratorycondition_sleepapnea_yes,family_health_history,,checkbox,Who in your family has had sleep apnea? Select all that apply.,"MotherRespiratoryCondition_SleepApnea, Mother | FatherRespiratoryCondition_SleepApnea, Father | SiblingRespiratoryCondition_SleepApnea, Sibling | DaughterRespiratoryCondition_SleepApnea, Daughter | SonRespiratoryCondition_SleepApnea, Son | GrandparentRespiratoryCondition_SleepApnea, Grandparent",,,,[diagnosedhealthcondition_respiratorycondition(RespiratoryCondition_SleepApnea)] = '1',,,,,,
Family Health History,,diagnosedhealthcondition_nervouscondition,family_health_history,Brain and Nervous System Conditions,checkbox,Has anyone in your family ever been diagnosed with the following brain and nervous system conditions? Think only of the people you are related to by blood. Select all that apply.,"NervousCondition_Dementia, Dementia (includes Alzheimer's, vascular, etc.) | NervousCondition_EpilepsySeizure, Epilepsy or seizure | NervousCondition_AmyotrophicLateralSclerosis, Lou Gehrig's disease (Amyotrophic lateral sclerosis) | NervousCondition_MigraineHeadaches, Migraine headaches | NervousCondition_MultipleSclerosis, Multiple sclerosis (MS) | NervousCondition_MuscularDystrophy, Muscular dystrophy (MD) | NervousCondition_Narcolepsy, Narcolepsy | NervousCondition_Neuropathy, Neuropathy | NervousCondition_Parkinsons, Parkinson's disease | NervousCondition_RestlessLegsSyndrome, Restless leg syndrome | PMI_None, None of the above | PMI_DontKnow, Don't know | PMI_PreferNotToAnswer, Prefer not to answer",,,,,,," @NONEOFTHEABOVE='PMI_None,PMI_DontKnow,PMI_PreferNotToAnswer'",,,
Family Health History,,nervouscondition_dementia_yes,family_health_history,,checkbox,"Who in your family has had dementia (includes Alzheimer's, vascular, etc.)? Select all that apply.","MotherNervousCondition_Dementia, Mother | FatherNervousCondition_Dementia, Father | SiblingNervousCondition_Dementia, Sibling | DaughterNervousCondition_Dementia, Daughter | SonNervousCondition_Dementia, Son | GrandparentNervousCondition_Dementia, Grandparent",,,,[diagnosedhealthcondition_nervouscondition(NervousCondition_Dementia)] = '1',,,,,,
Family Health History,,nervouscondition_epilepsyseizure_yes,family_health_history,,checkbox,Who in your family has had epilepsy or seizure? Select all that apply.,"MotherNervousCondition_EpilepsySeizure, Mother | FatherNervousCondition_EpilepsySeizure, Father | SiblingNervousCondition_EpilepsySeizure, Sibling | DaughterNervousCondition_EpilepsySeizure, Daughter | SonNervousCondition_EpilepsySeizure, Son | GrandparentNervousCondition_EpilepsySeizure, Grandparent",,,,[diagnosedhealthcondition_nervouscondition(NervousCondition_EpilepsySeizure)] = '1',,,,,,
Family Health History,,nervouscondition_amyotrophiclateralsclerosis_yes,family_health_history,,checkbox,Who in your family has had Lou Gehrig's disease (amyotrophic lateral sclerosis)? Select all that apply.,"MotherNervousCondition_AmyotrophicLateralSclerosis, Mother | FatherNervousCondition_AmyotrophicLateralSclerosis, Father | SiblingNervousCondition_AmyotrophicLateralSclerosis, Sibling | DaughterNervousCondition_AmyotrophicLateralSclerosis, Daughter | SonNervousCondition_AmyotrophicLateralSclerosis, Son | GrandparentNervousCondition_AmyotrophicLateralSclerosis, Grandparent",,,,[diagnosedhealthcondition_nervouscondition(NervousCondition_AmyotrophicLateralSclerosis)] = '1',,,"SiblingNervousCondition_AmyotrophicLateralSclerosis=SiblingNervousCondition_AmyotrophicLateralSclero,
DaughterNervousCondition_AmyotrophicLateralSclerosis=DaughterNervousCondition_AmyotrophicLateralSclero,
GrandparentNervousCondition_AmyotrophicLateralSclerosis=GrandparentNervousCondition_AmyotrophicLatSclero",,,
Family Health History,,nervouscondition_migraineheadaches_yes,family_health_history,,checkbox,Who in your family has had migraine headaches? Select all that apply.,"MotherNervousCondition_MigraineHeadaches, Mother | FatherNervousCondition_MigraineHeadaches, Father | SiblingNervousCondition_MigraineHeadaches, Sibling | DaughterNervousCondition_MigraineHeadaches, Daughter | SonNervousCondition_MigraineHeadaches, Son | GrandparentNervousCondition_MigraineHeadaches, Grandparent",,,,[diagnosedhealthcondition_nervouscondition(NervousCondition_MigraineHeadaches)] = '1',,,,,,
Family Health History,,nervouscondition_multiplesclerosis_yes,family_health_history,,checkbox,Who in your family has had multiple sclerosis (MS)? Select all that apply.,"MotherNervousCondition_MultipleSclerosis, Mother | FatherNervousCondition_MultipleSclerosis, Father | SiblingNervousCondition_MultipleSclerosis, Sibling | DaughterNervousCondition_MultipleSclerosis, Daughter | SonNervousCondition_MultipleSclerosis, Son | GrandparentNervousCondition_MultipleSclerosis, Grandparent",,,,[diagnosedhealthcondition_nervouscondition(NervousCondition_MultipleSclerosis)] = '1',,,,,,
Family Health History,,nervouscondition_musculardystrophy_yes,family_health_history,,checkbox,Who in your family has had muscular dystrophy (MD)? Select all that apply.,"MotherNervousCondition_MuscularDystrophy, Mother | FatherNervousCondition_MuscularDystrophy, Father | SiblingNervousCondition_MuscularDystrophy, Sibling | DaughterNervousCondition_MuscularDystrophy, Daughter | SonNervousCondition_MuscularDystrophy, Son | GrandparentNervousCondition_MuscularDystrophy, Grandparent",,,,[diagnosedhealthcondition_nervouscondition(NervousCondition_MuscularDystrophy)] = '1',,,,,,
Family Health History,,nervouscondition_narcolepsy_yes,family_health_history,,checkbox,Who in your family has had narcolepsy? Select all that apply.,"MotherNervousCondition_Narcolepsy, Mother | FatherNervousCondition_Narcolepsy, Father | SiblingNervousCondition_Narcolepsy, Sibling | DaughterNervousCondition_Narcolepsy, Daughter | SonNervousCondition_Narcolepsy, Son | GrandparentNervousCondition_Narcolepsy, Grandparent",,,,[diagnosedhealthcondition_nervouscondition(NervousCondition_Narcolepsy)] = '1',,,,,,
Family Health History,,nervouscondition_neuropathy_yes,family_health_history,,checkbox,Who in your family has had neuropathy? Select all that apply.,"MotherNervousCondition_Neuropathy, Mother | FatherNervousCondition_Neuropathy, Father | SiblingNervousCondition_Neuropathy, Sibling | DaughterNervousCondition_Neuropathy, Daughter | SonNervousCondition_Neuropathy, Son | GrandparentNervousCondition_Neuropathy, Grandparent",,,,[diagnosedhealthcondition_nervouscondition(NervousCondition_Neuropathy)] = '1',,,,,,
Family Health History,,nervouscondition_parkinsons_yes,family_health_history,,checkbox,Who in your family has had Parkinson's disease? Select all that apply.,"MotherNervousCondition_Parkinsons, Mother | FatherNervousCondition_Parkinsons, Father | SiblingNervousCondition_Parkinsons, Sibling | DaughterNervousCondition_Parkinsons, Daughter | SonNervousCondition_Parkinsons, Son | GrandparentNervousCondition_Parkinsons, Grandparent",,,,[diagnosedhealthcondition_nervouscondition(NervousCondition_Parkinsons)] = '1',,,,,,
Family Health History,,nervouscondition_restlesslegssyndrome_yes,family_health_history,,checkbox,Who in your family has had restless leg syndrome? Select all that apply.,"MotherNervousCondition_RestlessLegSyndrome, Mother | FatherNervousCondition_RestlessLegsSyndrome, Father | SiblingNervousCondition_RestlessLegsSyndrome, Sibling | DaughterNervousCondition_RestlessLegsSyndrome, Daughter | SonNervousCondition_RestlessLegsSyndrome, Son | GrandparentNervousCondition_RestlessLegsSyndrome, Grandparent",,,,[diagnosedhealthcondition_nervouscondition(NervousCondition_RestlessLegsSyndrome)] = '1',,,,,,
Family Health History,,diagnosedhealthcondition_mentalcondition,family_health_history,Mental Health or Substance Use Conditions,checkbox,Has anyone in your family ever been diagnosed with the following mental health or substance use conditions? Think only of the people you are related to by blood. Select all that apply.,"MentalCondition_AlcoholUse, Alcohol use disorder | MentalCondition_AnxietyPanic, Anxiety reaction/panic disorder | MentalCondition_Autism, Autism spectrum disorder | MentalCondition_Bipolar, Bipolar disorder | MentalCondition_Depression, Depression | MentalCondition_DrugUse, Drug use disorder | MentalCondition_Schizophrenia, Schizophrenia | PMI_None, None of the above | PMI_DontKnow, Don't know | PMI_PreferNotToAnswer, Prefer not to answer",,,,,,," @NONEOFTHEABOVE='PMI_None,PMI_DontKnow,PMI_PreferNotToAnswer'",,,
Family Health History,,mentalcondition_alcoholuse_yes,family_health_history,,checkbox,Who in your family has had alcohol use disorder? Select all that apply.,"MotherMentalCondition_AlcoholUse, Mother | FatherMentalCondition_AlcoholUse, Father | SiblingMentalCondition_AlcoholUse, Sibling | DaughterMentalCondition_AlcoholUse, Daughter | SonMentalCondition_AlcoholUse, Son | GrandparentMentalCondition_AlcoholUse, Grandparent",,,,[diagnosedhealthcondition_mentalcondition(MentalCondition_AlcoholUse)] = '1',,,,,,
Family Health History,,mentalcondition_anxietypanic_yes,family_health_history,,checkbox,Who in your family has had anxiety reaction/panic disorder? Select all that apply.,"MotherMentalCondition_AnxietyPanic, Mother | FatherMentalCondition_AnxietyPanic, Father | SiblingMentalCondition_AnxietyPanic, Sibling | DaughterMentalCondition_AnxietyPanic, Daughter | SonMentalCondition_AnxietyPanic, Son | GrandparentMentalCondition_AnxietyPanic, Grandparent",,,,[diagnosedhealthcondition_mentalcondition(MentalCondition_AnxietyPanic)] = '1',,,,,,
Family Health History,,mentalcondition_autism_yes,family_health_history,,checkbox,Who in your family has had autism spectrum disorder? Select all that apply.,"MotherMentalCondition_Autism, Mother | FatherMentalCondition_Autism, Father | SiblingMentalCondition_Autism, Sibling | DaughterMentalCondition_Autism, Daughter | SonMentalCondition_Autism, Son | GrandparentMentalCondition_Autism, Grandparent",,,,[diagnosedhealthcondition_mentalcondition(MentalCondition_Autism)] = '1',,,,,,
Family Health History,,mentalcondition_bipolar_yes,family_health_history,,checkbox,Who in your family has had bipolar disorder? Select all that apply.,"MotherMentalCondition_Bipolar, Mother | FatherMentalCondition_Bipolar, Father | SiblingMentalCondition_Bipolar, Sibling | DaughterMentalCondition_Bipolar, Daughter | SonMentalCondition_Bipolar, Son | GrandparentMentalCondition_Bipolar, Grandparent",,,,[diagnosedhealthcondition_mentalcondition(MentalCondition_Bipolar)] = '1',,,,,,
Family Health History,,mentalcondition_depression_yes,family_health_history,,checkbox,Who in your family has had depression? Select all that apply.,"MotherMentalCondition_Depression, Mother | FatherMentalCondition_Depression, Father | SiblingMentalCondition_Depression, Sibling | DaughterMentalCondition_Depression, Daughter | SonMentalCondition_Depression, Son | GrandparentMentalCondition_Depression, Grandparent",,,,[diagnosedhealthcondition_mentalcondition(MentalCondition_Depression)] = '1',,,,,,
Family Health History,,mentalcondition_druguse_yes,family_health_history,,checkbox,Who in your family has had drug use disorder? Select all that apply.,"MotherMentalCondition_DrugUse, Mother | FatherMentalCondition_DrugUse, Father | SiblingMentalCondition_DrugUse, Sibling | DaughterMentalCondition_DrugUse, Daughter | SonMentalCondition_DrugUse, Son | GrandparentMentalCondition_DrugUse, Grandparent",,,,[diagnosedhealthcondition_mentalcondition(MentalCondition_DrugUse)] = '1',,,,,,
Family Health History,,mentalcondition_schizophrenia_yes,family_health_history,,checkbox,Who in your family has had schizophrenia? Select all that apply.,"MotherMentalCondition_Schizophrenia, Mother | FatherMentalCondition_Schizophrenia, Father | SiblingMentalCondition_Schizophrenia, Sibling | DaughterMentalCondition_Schizophrenia, Daughter | SonMentalCondition_Schizophrenia, Son | GrandparentMentalCondition_Schizophrenia, Grandparent",,,,[diagnosedhealthcondition_mentalcondition(MentalCondition_Schizophrenia)] = '1',,,,,,
Family Health History,,diagnosedhealthcondition_skeletalmuscularcondition,family_health_history,"Bone, Joint, and Muscle Conditions",checkbox,"Has anyone in your family ever been diagnosed with the following bone, joint, and muscle conditions? Think only of the people you are related to by blood. Select all that apply.","SkeletalMuscularCondition_Fibromyalgia, Fibromyalgia | SkeletalMuscularCondition_Gout, Gout | SkeletalMuscularCondition_Osteoarthritis, Osteoarthritis | SkeletalMuscularCondition_Osteoporosis, Osteoporosis | SkeletalMuscularCondition_Pseudogout, Pseudogout (CPPD) | SkeletalMuscularCondition_RheumatoidArthritis, Rheumatoid arthritis (RA) | SkeletalMuscularCondition_SystemicLupus, Systemic lupus | SkeletalMuscularCondition_SpineMuscleBone, Spine, muscle, or bone disorders (non-cancer) | PMI_None, None of the above | PMI_DontKnow, Don't know | PMI_PreferNotToAnswer, Prefer not to answer",,,,,,," @NONEOFTHEABOVE='PMI_None,PMI_DontKnow,PMI_PreferNotToAnswer'",,,
Family Health History,,skeletalmuscularcondition_fibromyalgia_yes,family_health_history,,checkbox,Who in your family has had fibromyalgia? Select all that apply.,"MotherSkeletalMuscularCondition_Fibromyalgia, Mother | FatherSkeletalMuscularCondition_Fibromyalgia, Father | SiblingSkeletalMuscularCondition_Fibromyalgia, Sibling | DaughterSkeletalMuscularCondition_Fibromyalgia, Daughter | SonSkeletalMuscularCondition_Fibromyalgia, Son | GrandparentSkeletalMuscularCondition_Fibromyalgia, Grandparent",,,,[diagnosedhealthcondition_skeletalmuscularcondition(SkeletalMuscularCondition_Fibromyalgia)] = '1',,,,,,
Family Health History,,skeletalmuscularcondition_gout_yes,family_health_history,,checkbox,Who in your family has had gout? Select all that apply.,"MotherSkeletalMuscularCondition_Gout, Mother | FatherSkeletalMuscularCondition_Gout, Father | SiblingSkeletalMuscularCondition_Gout, Sibling | DaughterSkeletalMuscularCondition_Gout, Daughter | SonSkeletalMuscularCondition_Gout, Son | GrandparentSkeletalMuscularCondition_Gout, Grandparent",,,,[diagnosedhealthcondition_skeletalmuscularcondition(SkeletalMuscularCondition_Gout)] = '1',,,,,,
Family Health History,,skeletalmuscularcondition_osteoarthritis_yes,family_health_history,,checkbox,Who in your family has had osteoarthritis? Select all that apply.,"MotherSkeletalMuscularCondition_Osteoarthritis, Mother | FatherSkeletalMuscularCondition_Osteoarthritis, Father | SiblingSkeletalMuscularCondition_Osteoarthritis, Sibling | DaughterSkeletalMuscularCondition_Osteoarthritis, Daughter | SonSkeletalMuscularCondition_Osteoarthritis, Son | GrandparentSkeletalMuscularCondition_Osteoarthritis, Grandparent",,,,[diagnosedhealthcondition_skeletalmuscularcondition(SkeletalMuscularCondition_Osteoarthritis)] = '1',,,GrandparentSkeletalMuscularCondition_Osteoarthritis=GrandparentSkeletalMuscularCondition_Osteoarth,,,
Family Health History,,skeletalmuscularcondition_osteoporosis_yes,family_health_history,,checkbox,Who in your family has had osteoporosis? Select all that apply.,"MotherSkeletalMuscularCondition_Osteoporosis, Mother | FatherSkeletalMuscularCondition_Osteoporosis, Father | SiblingSkeletalMuscularCondition_Osteoporosis, Sibling | DaughterSkeletalMuscularCondition_Osteoporosis, Daughter | SonSkeletalMuscularCondition_Osteoporosis, Son | GrandparentSkeletalMuscularCondition_Osteoporosis, Grandparent",,,,[diagnosedhealthcondition_skeletalmuscularcondition(SkeletalMuscularCondition_Osteoporosis)] = '1',,,,,,
Family Health History,,skeletalmuscularcondition_pseudogout_yes,family_health_history,,checkbox,Who in your family has had pseudogout (CPPD)? Select all that apply.,"MotherSkeletalMuscularCondition_Pseudogout, Mother | FatherSkeletalMuscularCondition_Pseudogout, Father | SiblingSkeletalMuscularCondition_Pseudogout, Sibling | DaughterSkeletalMuscularCondition_Pseudogout, Daughter | SonSkeletalMuscularCondition_Pseudogout, Son | GrandparentSkeletalMuscularCondition_Pseudogout, Grandparent",,,,[diagnosedhealthcondition_skeletalmuscularcondition(SkeletalMuscularCondition_Pseudogout)] = '1',,,,,,
Family Health History,,skeletalmuscularcondition_rheumatoidarthritis_yes,family_health_history,,checkbox,Who in your family has had rheumatoid arthritis (RA)? Select all that apply.,"MotherSkeletalMuscularCondition_RheumatoidArthritis, Mother | FatherSkeletalMuscularCondition_RheumatoidArthritis, Father | SiblingSkeletalMuscularCondition_RheumatoidArthritis, Sibling | DaughterSkeletalMuscularCondition_RheumatoidArthritis, Daughter | SonSkeletalMuscularCondition_RheumatoidArthritis, Son | GrandparentSkeletalMuscularCondition_RheumatoidArthritis, Grandparent",,,,[diagnosedhealthcondition_skeletalmuscularcondition(SkeletalMuscularCondition_RheumatoidArthritis)] = '1',,,"MotherSkeletalMuscularCondition_RheumatoidArthritis=MotherSkeletalMuscularCondition_RheumatoidArth,
FatherSkeletalMuscularCondition_RheumatoidArthritis=FatherSkeletalMuscularCondition_RheumatoidArth,
SiblingSkeletalMuscularCondition_RheumatoidArthritis=SiblingSkeletalMuscularCondition_RheumatoidArth,
DaughterSkeletalMuscularCondition_RheumatoidArthritis=DaughterSkeletalMuscularCondition_RheumatoidArth,
GrandparentSkeletalMuscularCondition_RheumatoidArthritis=GrandparentSkeletalMuscularCondition_RheumaArth",,,
Family Health History,,skeletalmuscularcondition_systemiclupus_yes,family_health_history,,checkbox,Who in your family has had systemic lupus? Select all that apply.,"MotherSkeletalMuscularCondition_SystemicLupus, Mother | FatherSkeletalMuscularCondition_SystemicLupus, Father | SiblingSkeletalMuscularCondition_SystemicLupus, Sibling | DaughterSkeletalMuscularCondition_SystemicLupus, Daughter | SonSkeletalMuscularCondition_SystemicLupus, Son | GrandparentSkeletalMuscularCondition_SystemicLupus, Grandparent",,,,[diagnosedhealthcondition_skeletalmuscularcondition(SkeletalMuscularCondition_SystemicLupus)] = '1',,,,,,
Family Health History,,skeletalmuscularcondition_spinemusclebone_yes,family_health_history,,checkbox,"Who in your family has had spine, muscle, or bone disorders (non-cancer)? Select all that apply.","MotherSkeletalMuscularCondition_SpineMuscleBone, Mother | FatherSkeletalMuscularCondition_SpineMuscleBone, Father | SiblingSkeletalMuscularCondition_SpineMuscleBone, Sibling | DaughterSkeletalMuscularCondition_SpineMuscleBone, Daughter | SonSkeletalMuscularCondition_SpineMuscleBone, Son | GrandparentSkeletalMuscularCondition_SpineMuscleBone, Grandparent",,,,[diagnosedhealthcondition_skeletalmuscularcondition(SkeletalMuscularCondition_SpineMuscleBone)] = '1',,,GrandparentSkeletalMuscularCondition_SpineMuscleBone=GrandparentSkeletalMuscularCondition_SpineMuscBone,,,
Family Health History,,diagnosedhealthcondition_visioncondition,family_health_history,Hearing and Eye Conditions,checkbox,Has anyone in your family ever been diagnosed with the following hearing or eye conditions? Think only of the people you are related to by blood. Select all that apply.,"VisionCondition_Cataracts, Cataracts | VisionCondition_Glaucoma, Glaucoma | VisionCondition_MacularDegeneration, Macular degeneration | VisionCondition_HearingLoss, Severe hearing loss or partial deafness in one or both ears | PMI_None, None of the above | PMI_DontKnow, Don't know | PMI_PreferNotToAnswer, Prefer not to answer",,,,,,," @NONEOFTHEABOVE='PMI_None,PMI_DontKnow,PMI_PreferNotToAnswer'",,,
Family Health History,,visioncondition_cataracts_yes,family_health_history,,checkbox,Who in your family has had cataracts? Select all that apply.,"MotherVisionCondition_Cataracts, Mother | FatherVisionCondition_Cataracts, Father | SiblingVisionCondition_Cataracts, Sibling | DaughterVisionCondition_Cataracts, Daughter | SonVisionCondition_Cataracts, Son | GrandparentVisionCondition_Cataracts, Grandparent",,,,[diagnosedhealthcondition_visioncondition(VisionCondition_Cataracts)] = '1',,,,,,
Family Health History,,visioncondition_glaucoma_yes,family_health_history,,checkbox,Who in your family has had glaucoma? Select all that apply.,"MotherVisionCondition_Glaucoma, Mother | FatherVisionCondition_Glaucoma, Father | SiblingVisionCondition_Glaucoma, Sibling | DaughterVisionCondition_Glaucoma, Daughter | SonVisionCondition_Glaucoma, Son | GrandparentVisionCondition_Glaucoma, Grandparent",,,,[diagnosedhealthcondition_visioncondition(VisionCondition_Glaucoma)] = '1',,,,,,
Family Health History,,visioncondition_maculardegeneration_yes,family_health_history,,checkbox,Who in your family has had macular degeneration? Select all that apply.,"MotherVisionCondition_MacularDegeneration, Mother | FatherVisionCondition_MacularDegeneration, Father | SiblingVisionCondition_MacularDegeneration, Sibling | DaughterVisionCondition_MacularDegeneration, Daughter | SonVisionCondition_MacularDegeneration, Son | GrandparentVisionCondition_MacularDegeneration, Grandparent",,,,[diagnosedhealthcondition_visioncondition(VisionCondition_MacularDegeneration)] = '1',,,,,,
Family Health History,,visioncondition_hearingloss_yes,family_health_history,,checkbox,Who in your family has had severe hearing loss or partial deafness in one or both ears? Select all that apply.,"MotherVisionCondition_HearingLoss, Mother | FatherVisionCondition_HearingLoss, Father | SiblingVisionCondition_HearingLoss, Sibling | DaughterVisionCondition_HearingLoss, Daughter | SonVisionCondition_HearingLoss, Son | GrandparentVisionCondition_HearingLoss, Grandparent",,,,[diagnosedhealthcondition_visioncondition(VisionCondition_HearingLoss)] = '1',,,,,,
Family Health History,,diagnosedhealthcondition_othercondition,family_health_history,Other Conditions,checkbox,Has anyone in your family ever been diagnosed with the following other conditions? Think only of the people you are related to by blood. Select all that apply.,"DiagnosedHealthCondition_Allergies, Allergies or hay fever | OtherHealthCondition_Endometriosis, Endometriosis | OtherHealthCondition_Fibroids, Fibroids | DiagnosedHealthCondition_Obesity, Obesity | OtherHealthCondition_PolycysticOvarianSyndrome, Polycystic ovarian syndrome | OtherHealthCondition_ReactionsToAnesthesia, Reactions to anesthesia (such as hyperthermia) | DiagnosedHealthCondition_SkinCondition, Skin condition (e.g., eczema, psoriasis) | Otherhealthcondition_othercondition, Other | PMI_None, None of the above | PMI_DontKnow, Don't know | PMI_PreferNotToAnswer, Prefer not to answer",,,,,,," @NONEOFTHEABOVE='PMI_None,PMI_DontKnow,PMI_PreferNotToAnswer'",,,
Family Health History,,diagnosedhealthcondition_allergies_yes,family_health_history,,checkbox,Who in your family has had allergies or hay fever? Select all that apply.,"MotherOtherHealthCondition_Allergies, Mother | FatherOtherHealthCondition_Allergies, Father | SiblingOtherHealthCondition_Allergies, Sibling | DaughterOtherHealthCondition_Allergies, Daughter | SonOtherHealthCondition_Allergies, Son | GrandparentOtherHealthCondition_Allergies, Grandparent",,,,[diagnosedhealthcondition_othercondition(DiagnosedHealthCondition_Allergies)] = '1',,,,,,
Family Health History,,otherhealthcondition_endometriosis_yes,family_health_history,,checkbox,Who in your family has had endometriosis? Select all that apply.,"MotherOtherHealthCondition_Endometriosis, Mother | SiblingOtherHealthCondition_Endometriosis, Sibling | DaughterOtherHealthCondition_Endometriosis, Daughter | GrandparentOtherHealthCondition_Endometriosis, Grandparent",,,,[diagnosedhealthcondition_othercondition(OtherHealthCondition_Endometriosis)] = '1',,,,,,
Family Health History,,otherhealthcondition_fibroids_yes,family_health_history,,checkbox,Who in your family has had fibroids? Select all that apply.,"MotherOtherHealthCondition_Fibroids, Mother | SiblingOtherHealthCondition_Fibroids, Sibling | DaughterOtherHealthCondition_Fibroids, Daughter | GrandparentOtherHealthCondition_Fibroids, Grandparent",,,,[diagnosedhealthcondition_othercondition(OtherHealthCondition_Fibroids)] = '1',,,,,,
Family Health History,,diagnosedhealthcondition_obesity_yes,family_health_history,,checkbox,Who in your family has had obesity? Select all that apply.,"MotherOtherHealthCondition_Obesity, Mother | FatherOtherHealthCondition_Obesity, Father | SiblingOtherHealthCondition_Obesity, Sibling | DaughterOtherHealthCondition_Obesity, Daughter | SonOtherHealthCondition_Obesity, Son | GrandparentOtherHealthCondition_Obesity, Grandparent",,,,[diagnosedhealthcondition_othercondition(DiagnosedHealthCondition_Obesity)] = '1',,,,,,
Family Health History,,otherhealthcondition_polycysticovariansyndrome_yes,family_health_history,,checkbox,Who in your family has had polycystic ovarian syndrome? Select all that apply.,"MotherOtherHealthCondition_PolycysticOvarianSyndrome, Mother | SiblingOtherHealthCondition_PolycysticOvarianSyndrome, Sibling | DaughterOtherHealthCondition_PolycysticOvarianSyndrome, Daughter | GrandparentOtherHealthCondition_PolycysticOvarianSyndrome, Grandparent",,,,[diagnosedhealthcondition_othercondition(OtherHealthCondition_PolycysticOvarianSyndrome)] = '1',,,"MotherOtherHealthCondition_PolycysticOvarianSyndrome=MotherOtherHealthCondition_PolycysticOvarianSynd,
SiblingOtherHealthCondition_PolycysticOvarianSyndrome=SiblingOtherHealthCondition_PolycysticOvarianSynd,
DaughterOtherHealthCondition_PolycysticOvarianSyndrome=DaughterOtherHealthCondition_PolycysticOvarianSynd,
GrandparentOtherHealthCondition_PolycysticOvarianSyndrome=GrandparentOtherHealthCond_PolycysticOvarianSyn",,,
Family Health History,,otherhealthcondition_reactionstoanesthesia_yes,family_health_history,,checkbox,Who in your family has had reactions to anesthesia (such as hyperthermia)? Select all that apply.,"MotherOtherHealthCondition_ReactionToAnesthesia, Mother | FatherOtherHealthCondition_ReactionsToAnesthesia, Father | SiblingOtherHealthCondition_ReactionsToAnesthesia, Sibling | DaughterOtherHealthCondition_ReactionsToAnesthesia, Daughter | SonOtherHealthCondition_ReactionsToAnesthesia, Son | GrandparentOtherHealthCondition_ReactionsToAnesthesia, Grandparent",,,,[diagnosedhealthcondition_othercondition(OtherHealthCondition_ReactionsToAnesthesia)] = '1',,,"DaughterOtherHealthCondition_ReactionsToAnesthesia=DaughterOtherHealthCondition_ReactToAnesthesia,
GrandparentOtherHealthCondition_ReactionsToAnesthesia=GrandparentOtherHealthCondition_ReactToAnesthesia",,,
Family Health History,,diagnosedhealthcondition_skincondition_yes,family_health_history,,checkbox,"Who in your family has had skin condition(s) (e.g., eczema, psoriasis)? Select all that apply.","MotherOtherHealthCondition_SkinCondition, Mother | FatherOtherHealthCondition_SkinCondition, Father | SiblingOtherHealthCondition_SkinCondition, Sibling | DaughterOtherHealthCondition_SkinCondition, Daughter | SonOtherHealthCondition_SkinCondition, Son | GrandparentOtherHealthCondition_SkinCondition, Grandparent",,,,[diagnosedhealthcondition_othercondition(DiagnosedHealthCondition_SkinCondition)] = '1',,,,,,
Family Health History,,otherhealthcondition_otherhealthcondition_yes,family_health_history,,checkbox,Who in your family has had other condition(s)? Select all that apply.,"MotherOtherHealthCondition_OtherCondition, Mother | FatherOtherHealthCondition_OtherCondition, Father | SiblingOtherHealthCondition_OtherCondition, Sibling | DaughterOtherHealthCondition_OtherCondition, Daughter | SonOtherHealthCondition_OtherCondition, Son | GrandparentOtherHealthCondition_OtherCondition, Grandparent",,,,[diagnosedhealthcondition_othercondition(Otherhealthcondition_othercondition)] = '1',,,REGISTERED_ANSWERS_BUCKETED,,REGISTERED_ANSWERS_BUCKETED,
Family Health History,,othercondition_motherfreetextbox,family_health_history,,text,Please list other condition(s) your mother has had.,,,,,[otherhealthcondition_otherhealthcondition_yes(MotherOtherHealthCondition_OtherCondition)] = '1',,,REGISTERED_QUESTION_SUPPRESSED,,REGISTERED_QUESTION_SUPPRESSED,CONTROLLED_QUESTION_SUPPRESSED
Family Health History,,othercondition_fatherfreetextbox,family_health_history,,text,Please list other condition(s) your father has had.,,,,,[otherhealthcondition_otherhealthcondition_yes(FatherOtherHealthCondition_OtherCondition)] = '1',,,REGISTERED_QUESTION_SUPPRESSED,,REGISTERED_QUESTION_SUPPRESSED,CONTROLLED_QUESTION_SUPPRESSED
Family Health History,,othercondition_siblingfreetextbox,family_health_history,,text,Please list other condition(s) your sibling(s) has had.,,,,,[otherhealthcondition_otherhealthcondition_yes(SiblingOtherHealthCondition_OtherCondition)] = '1',,,REGISTERED_QUESTION_SUPPRESSED,,REGISTERED_QUESTION_SUPPRESSED,CONTROLLED_QUESTION_SUPPRESSED
Family Health History,,othercondition_daughterfreetextbox,family_health_history,,text,Please list other condition(s) your daughter(s) has had.,,,,,[otherhealthcondition_otherhealthcondition_yes(DaughterOtherHealthCondition_OtherCondition)] = '1',,,REGISTERED_QUESTION_SUPPRESSED,,REGISTERED_QUESTION_SUPPRESSED,CONTROLLED_QUESTION_SUPPRESSED
Family Health History,,othercondition_sonfreetextbox,family_health_history,,text,Please list other condition(s) your son(s) has had.,,,,,[otherhealthcondition_otherhealthcondition_yes(SonOtherHealthCondition_OtherCondition)] = '1',,,REGISTERED_QUESTION_SUPPRESSED,,REGISTERED_QUESTION_SUPPRESSED,CONTROLLED_QUESTION_SUPPRESSED
Family Health History,,othercondition_grandparentfreetextbox,family_health_history,,text,Please list other condition(s) your grandparent(s) has had.,,,,,[otherhealthcondition_otherhealthcondition_yes(GrandparentOtherHealthCondition_OtherCondition)] = '1',,,REGISTERED_QUESTION_SUPPRESSED,,REGISTERED_QUESTION_SUPPRESSED,CONTROLLED_QUESTION_SUPPRESSED
Personal Medical History,,personalmedicalhistory,personal_medical_history,,descriptive,Personal Medical History,,,,,,,,,,,
Personal Medical History,,circulatory_circulatoryconditions,personal_medical_history,"This survey asks questions about your Personal Medical History. This is to better understand how it may affect health. To ensure your privacy, your name will be separated from your answers before they are shared with researchers.

It will take about 10-15 minutes to answer these questions. Please answer each question as honestly as possible. Some of the questions may be sensitive. You can choose not to answer. There are no right or wrong answers to any of the questions. It is important that you answer as many questions as you can. We are looking for your own answers, not what you think your doctors, family, or friends want you to say.

Do not feel like you have to spend a long time on each question. The first answer that comes to you is usually the best one. If you are not sure how to answer a question, choose the best answer from the options given. If you are unsure of what a condition is, hover over the 'i' icon to its right for more information.<br><br>Heart and Blood Conditions",checkbox,Has a doctor or health care provider ever told you that you have...? Select all that apply.,"CirculatoryConditions_Anemia, Anemia | CirculatoryConditions_AtrialFibrillation, Atrial fibrillation (Afib) or Atrial flutter | CirculatoryConditions_BleedingDisorder, Bleeding disorder | CirculatoryConditions_CongestiveHeartFailure, Congestive heart failure | CirculatoryConditions_CoronaryArtery, Coronary artery/coronary heart disease | CirculatoryConditions_HeartAttack, Heart attack | CirculatoryConditions_HeartValveDisease, Heart valve disease | CirculatoryConditions_HighCholesterol, High cholesterol | CirculatoryConditions_Hypertension, Hypertension (high blood pressure) | CirculatoryConditions_PeripheralVascularDisease, Peripheral vascular disease | CirculatoryConditions_PulmonaryEmbolism, Pulmonary embolism or deep vein thrombosis | CirculatoryConditions_SickleCellDisease, Sickle cell disease | CirculatoryConditions_Stroke, Stroke | CirculatoryConditions_TransientIschemicAttack, Transient ischemic attacks (TIAs or mini-strokes) | CirculatoryConditions_OtherHeartorBloodCondition, Other heart or blood condition | CirculatoryConditions_NoHeartorBloodCondition, I have/have had no heart or blood condition",,,,,,,@NONEOFTHEABOVE=CirculatoryConditions_NoHeartorBloodCondition,,,
Personal Medical History,,circulatory_anemiacurrently,personal_medical_history,,radio,Are you still seeing a doctor or health care provider for anemia?,"AnemiaCurrently_Yes, Yes | AnemiaCurrently_No, No",,,,[circulatory_circulatoryconditions(CirculatoryConditions_Anemia)] = '1',,,,,,
Personal Medical History,,circulatory_howoldwereyouanemia,personal_medical_history,,radio,About how old were you when you were first told you had anemia?,"HowOldWereYouAnemia_Child, Child (0-11) | HowOldWereYouAnemia_Adolescent, Adolescent (12-17) | HowOldWereYouAnemia_Adult, Adult (18-64) | HowOldWereYouAnemia_OlderAdult, Older adult (65-74) | HowOldWereYouAnemia_Elderly, Elderly (75+)",,,,[circulatory_circulatoryconditions(CirculatoryConditions_Anemia)] = '1',,,,,,
Personal Medical History,,circulatory_rxmedsforanemia,personal_medical_history,,radio,Are you currently prescribed medications and/or receiving treatment for anemia?,"RxMedsforAnemia_Yes, Yes | RxMedsforAnemia_No, No",,,,[circulatory_circulatoryconditions(CirculatoryConditions_Anemia)] = '1',,,,,,
Personal Medical History,,circulatory_atrialfibrillationcurrently,personal_medical_history,,radio,Are you still seeing a doctor or health care provider for atrial fibrillation (Afib) or atrial flutter?,"AtrialFibrillationCurrently_Yes, Yes | AtrialFibrillationCurrently_No, No",,,,[circulatory_circulatoryconditions(CirculatoryConditions_AtrialFibrillation)] = '1',,,,,,
Personal Medical History,,circulatory_howoldwereyouatrialfibrillation,personal_medical_history,,radio,About how old were you when you were first told you had atrial fibrillation (Afib) or atrial flutter?,"HowOldWereYouAtrialFibrillation_Child, Child (0-11) | HowOldWereYouAtrialFibrillation_Adolescent, Adolescent (12-17) | HowOldWereYouAtrialFibrillation_Adult, Adult (18-64) | HowOldWereYouAtrialFibrillation_OlderAdult, Older adult (65-74) | HowOldWereYouAtrialFibrillation_Elderly, Elderly (75+)",,,,[circulatory_circulatoryconditions(CirculatoryConditions_AtrialFibrillation)] = '1',,,,,,
Personal Medical History,,circulatory_rxmedsforatrialfibrillation,personal_medical_history,,radio,Are you currently prescribed medications and/or receiving treatment for atrial fibrillation (Afib) or atrial flutter?,"RxMedsforAtrialFibrillation_Yes, Yes | RxMedsforAtrialFibrillation_No, No",,,,[circulatory_circulatoryconditions(CirculatoryConditions_AtrialFibrillation)] = '1',,,,,,
Personal Medical History,,circulatory_bleedingdisordercurrently,personal_medical_history,,radio,Are you still seeing a doctor or health care provider for a bleeding disorder?,"BleedingDisorderCurrently_Yes, Yes | BleedingDisorderCurrently_No, No",,,,[circulatory_circulatoryconditions(CirculatoryConditions_BleedingDisorder)] = '1',,,,,,
Personal Medical History,,circulatory_howoldwereyoubleedingdisorder,personal_medical_history,,radio,About how old were you when you were first told you had a bleeding disorder?,"HowOldWereYouBleedingDisorder_Child, Child (0-11) | HowOldWereYouBleedingDisorder_Adolescent, Adolescent (12-17) | HowOldWereYouBleedingDisorder_Adult, Adult (18-64) | HowOldWereYouBleedingDisorder_OlderAdult, Older adult (65-74) | HowOldWereYouBleedingDisorder_Elderly, Elderly (75+)",,,,[circulatory_circulatoryconditions(CirculatoryConditions_BleedingDisorder)] = '1',,,,,,
Personal Medical History,,circulatory_rxmedsforbleedingdisorder,personal_medical_history,,radio,Are you currently prescribed medications and/or receiving treatment for a bleeding disorder?,"RxMedsforBleedingDisorder_Yes, Yes | RxMedsforBleedingDisorder_No, No",,,,[circulatory_circulatoryconditions(CirculatoryConditions_BleedingDisorder)] = '1',,,,,,
Personal Medical History,,circulatory_congestiveheartfailurecurrently,personal_medical_history,,radio,Are you still seeing a doctor or health care provider for congestive heart failure?,"CongestiveHeartFailureCurrently_Yes, Yes | CongestiveHeartFailureCurrently_No, No",,,,[circulatory_circulatoryconditions(CirculatoryConditions_CongestiveHeartFailure)] = '1',,,,,,
Personal Medical History,,circulatory_howoldwereyoucongestiveheartfailure,personal_medical_history,,radio,About how old were you when you were first told you had congestive heart failure?,"HowOldWereYouCongestiveHeartFailure_Child, Child (0-11) | HowOldWereYouCongestiveHeartFailure_Adolescent, Adolescent (12-17) | HowOldWereYouCongestiveHeartFailure_Adult, Adult (18-64) | HowOldWereYouCongestiveHeartFailure_OlderAdult, Older adult (65-74) | HowOldWereYouCongestiveHeartFailure_Elderly, Elderly (75+)",,,,[circulatory_circulatoryconditions(CirculatoryConditions_CongestiveHeartFailure)] = '1',,,,,,
Personal Medical History,,circulatory_rxmedsforcongestiveheartfailure,personal_medical_history,,radio,Are you currently prescribed medications and/or receiving treatment for congestive heart failure?,"RxMedsforCongestiveHeartFailure_Yes, Yes | RxMedsforCongestiveHeartFailure_No, No",,,,[circulatory_circulatoryconditions(CirculatoryConditions_CongestiveHeartFailure)] = '1',,,,,,
Personal Medical History,,circulatory_coronaryarterycurrently,personal_medical_history,,radio,Are you still seeing a doctor or health care provider for coronary artery/coronary heart disease?,"CoronaryArteryCurrently_Yes, Yes | CoronaryArteryCurrently_No, No",,,,[circulatory_circulatoryconditions(CirculatoryConditions_CoronaryArtery)] = '1',,,,,,
Personal Medical History,,circulatory_howoldwereyoucoronaryartery,personal_medical_history,,radio,About how old were you when you were first told you had coronary artery/coronary heart disease?,"HowOldWereYouCoronaryArtery_Child, Child (0-11) | HowOldWereYouCoronaryArtery_Adolescent, Adolescent (12-17) | HowOldWereYouCoronaryArtery_Adult, Adult (18-64) | HowOldWereYouCoronaryArtery_OlderAdult, Older adult (65-74) | HowOldWereYouCoronaryArtery_Elderly, Elderly (75+)",,,,[circulatory_circulatoryconditions(CirculatoryConditions_CoronaryArtery)] = '1',,,,,,
Personal Medical History,,circulatory_rxmedsforcoronaryartery,personal_medical_history,,radio,Are you currently prescribed medications and/or receiving treatment for coronary artery/coronary heart disease?,"RxMedsforCoronaryArtery_Yes, Yes | RxMedsforCoronaryArtery_No, No",,,,[circulatory_circulatoryconditions(CirculatoryConditions_CoronaryArtery)] = '1',,,,,,
Personal Medical History,,circulatory_heartattackcurrently,personal_medical_history,,radio,Are you still seeing a doctor or health care provider for a heart attack?,"HeartAttackCurrently_Yes, Yes | HeartAttackCurrently_No, No",,,,[circulatory_circulatoryconditions(CirculatoryConditions_HeartAttack)] = '1',,,,,,
Personal Medical History,,circulatory_howoldwereyouheartattack,personal_medical_history,,radio,About how old were you when you were first told you had a heart attack?,"HowOldWereYouHeartAttack_Child, Child (0-11) | HowOldWereYouHeartAttack_Adolescent, Adolescent (12-17) | HowOldWereYouHeartAttack_Adult, Adult (18-64) | HowOldWereYouHeartAttack_OlderAdult, Older adult (65-74) | HowOldWereYouHeartAttack_Elderly, Elderly (75+)",,,,[circulatory_circulatoryconditions(CirculatoryConditions_HeartAttack)] = '1',,,,,,
Personal Medical History,,circulatory_rxmedsforheartattack,personal_medical_history,,radio,Are you currently prescribed medications and/or receiving treatment for a heart attack?,"RxMedsforHeartAttack_Yes, Yes | RxMedsforHeartAttack_No, No",,,,[circulatory_circulatoryconditions(CirculatoryConditions_HeartAttack)] = '1',,,,,,
Personal Medical History,,circulatory_heartvalvediseasecurrently,personal_medical_history,,radio,Are you still seeing a doctor or health care provider for heart valve disease?,"HeartValveDiseaseCurrently_Yes, Yes | HeartValveDiseaseCurrently_No, No",,,,[circulatory_circulatoryconditions(CirculatoryConditions_HeartValveDisease)] = '1',,,,,,
Personal Medical History,,circulatory_howoldwereyouheartvalvedisease,personal_medical_history,,radio,About how old were you when you were first told you had heart valve disease?,"HowOldWereYouHeartValveDisease_Child, Child (0-11) | HowOldWereYouHeartValveDisease_Adolescent, Adolescent (12-17) | HowOldWereYouHeartValveDisease_Adult, Adult (18-64) | HowOldWereYouHeartValveDisease_OlderAdult, Older adult (65-74) | HowOldWereYouHeartValveDisease_Elderly, Elderly (75+)",,,,[circulatory_circulatoryconditions(CirculatoryConditions_HeartValveDisease)] = '1',,,,,,
Personal Medical History,,circulatory_rxmedsforheartvalvedisease,personal_medical_history,,radio,Are you currently prescribed medications and/or receiving treatment for heart valve disease?,"RxMedsforHeartValveDisease_Yes, Yes | RxMedsforHeartValveDisease_No, No",,,,[circulatory_circulatoryconditions(CirculatoryConditions_HeartValveDisease)] = '1',,,,,,
Personal Medical History,,circulatory_highcholesterolcurrently,personal_medical_history,,radio,Are you still seeing a doctor or health care provider for high cholesterol?,"HighCholesterolCurrently_Yes, Yes | HighCholesterolCurrently_No, No",,,,[circulatory_circulatoryconditions(CirculatoryConditions_HighCholesterol)] = '1',,,,,,
Personal Medical History,,circulatory_howoldwereyouhighcholesterol,personal_medical_history,,radio,About how old were you when you were first told you had high cholesterol?,"HowOldWereYouHighCholesterol_Child, Child (0-11) | HowOldWereYouHighCholesterol_Adolescent, Adolescent (12-17) | HowOldWereYouHighCholesterol_Adult, Adult (18-64) | HowOldWereYouHeartAttackHighCholesterol_OlderAdult, Older adult (65-74) | HowOldWereYouHighCholesterol_Elderly, Elderly (75+)",,,,[circulatory_circulatoryconditions(CirculatoryConditions_HighCholesterol)] = '1',,,,,,
Personal Medical History,,circulatory_rxmedsforhighcholesterol,personal_medical_history,,radio,Are you currently prescribed medications and/or receiving treatment for high cholesterol?,"RxMedsforHighCholesterol_Yes, Yes | RxMedsforHighCholesterol_No, No",,,,[circulatory_circulatoryconditions(CirculatoryConditions_HighCholesterol)] = '1',,,,,,
Personal Medical History,,circulatory_hypertensioncurrently,personal_medical_history,,radio,Are you still seeing a doctor or health care provider for hypertension (high blood pressure)?,"HypertensionCurrently_Yes, Yes | HypertensionCurrently_No, No",,,,[circulatory_circulatoryconditions(CirculatoryConditions_Hypertension)] = '1',,,,,,
Personal Medical History,,circulatory_howoldwereyouhypertension,personal_medical_history,,radio,About how old were you when you were first told you had hypertension (high blood pressure)?,"HowOldWereYouHypertension_Child, Child (0-11) | HowOldWereYouHypertension_Adolescent, Adolescent (12-17) | HowOldWereYouHypertension_Adult, Adult (18-64) | HowOldWereYouHypertension_OlderAdult, Older adult (65-74) | HowOldWereYouHypertension_Elderly, Elderly (75+)",,,,[circulatory_circulatoryconditions(CirculatoryConditions_Hypertension)] = '1',,,,,,
Personal Medical History,,circulatory_prescribedmedsforhypertension,personal_medical_history,,radio,Are you currently prescribed medications and/or receiving treatment for hypertension (high blood pressure)?,"PrescribedMedsforHypertension_Yes, Yes | PrescribedMedsforHypertension_No, No",,,,[circulatory_circulatoryconditions(CirculatoryConditions_Hypertension)] = '1',,,,,,
Personal Medical History,,circulatory_peripheralvasculardiseasecurrently,personal_medical_history,,radio,Are you still seeing a doctor or health care provider for peripheral vascular disease?,"PeripheralVascularDiseaseCurrently_Yes, Yes | PeripheralVascularDiseaseCurrently_No, No",,,,[circulatory_circulatoryconditions(CirculatoryConditions_PeripheralVascularDisease)] = '1',,,,,,
Personal Medical History,,circulatory_howoldwereyouperipheralvasculardisease,personal_medical_history,,radio,About how old were you when you were first told you had peripheral vascular disease?,"HowOldWereYouPeripheralVascularDisease_Child, Child (0-11) | HowOldWereYouPeripheralVascularDisease_Adolescent, Adolescent (12-17) | HowOldWereYouPeripheralVascularDisease_Adult, Adult (18-64) | HowOldWereYouPeripheralVascularDisease_OlderAdult, Older adult (65-74) | HowOldWereYouPeripheralVascularDisease_Elderly, Elderly (75+)",,,,[circulatory_circulatoryconditions(CirculatoryConditions_PeripheralVascularDisease)] = '1',,,,,,
Personal Medical History,,circulatory_rxmedsforperipheralvasculardisease,personal_medical_history,,radio,Are you currently prescribed medications and/or receiving treatment for peripheral vascular disease?,"RxMedsforPeripheralVascularDisease_Yes, Yes | RxMedsforPeripheralVascularDisease_No, No",,,,[circulatory_circulatoryconditions(CirculatoryConditions_PeripheralVascularDisease)] = '1',,,,,,
Personal Medical History,,circulatory_pulmonaryembolismcurrently,personal_medical_history,,radio,Are you still seeing a doctor or health care provider for pulmonary embolism or deep vein thrombosis?,"PulmonaryEmbolismCurrently_Yes, Yes | PulmonaryEmbolismCurrently_No, No",,,,[circulatory_circulatoryconditions(CirculatoryConditions_PulmonaryEmbolism)] = '1',,,,,,
Personal Medical History,,circulatory_howoldwereyoupulmonaryembolism,personal_medical_history,,radio,About how old were you when you were first told you had pulmonary embolism or deep vein thrombosis?,"HowOldWereYouPulmonaryEmbolism_Child, Child (0-11) | HowOldWereYouPulmonaryEmbolism_Adolescent, Adolescent (12-17) | HowOldWereYouPulmonaryEmbolism_Adult, Adult (18-64) | HowOldWereYouPulmonaryEmbolism_OlderAdult, Older adult (65-74) | HowOldWereYouPulmonaryEmbolism_Elderly, Elderly (75+)",,,,[circulatory_circulatoryconditions(CirculatoryConditions_PulmonaryEmbolism)] = '1',,,,,,
Personal Medical History,,circulatory_rxmedsforpulmonaryembolism,personal_medical_history,,radio,Are you currently prescribed medications and/or receiving treatment for pulmonary embolism or deep vein thrombosis?,"RxMedsforPulmonaryEmbolism_Yes, Yes | RxMedsforPulmonaryEmbolism_No, No",,,,[circulatory_circulatoryconditions(CirculatoryConditions_PulmonaryEmbolism)] = '1',,,,,,
Personal Medical History,,circulatory_sicklecelldiseasecurrently,personal_medical_history,,radio,Are you still seeing a doctor or health care provider for sickle cell disease?,"SickleCellDiseaseCurrently_Yes, Yes | SickleCellDiseaseCurrently_No, No",,,,[circulatory_circulatoryconditions(CirculatoryConditions_SickleCellDisease)] = '1',,,,,,
Personal Medical History,,circulatory_howoldwereyousicklecelldisease,personal_medical_history,,radio,About how old were you when you were first told you had sickle cell disease?,"HowOldWereYouSickleCellDisease_Child, Child (0-11) | HowOldWereYouSickleCellDisease_Adolescent, Adolescent (12-17) | HowOldWereYouSickleCellDisease_Adult, Adult (18-64) | HowOldWereYouSickleCellDisease_OlderAdult, Older adult (65-74) | HowOldWereYouSickleCellDisease_Elderly, Elderly (75+)",,,,[circulatory_circulatoryconditions(CirculatoryConditions_SickleCellDisease)] = '1',,,,,,
Personal Medical History,,circulatory_rxmedsforsicklecelldisease,personal_medical_history,,radio,Are you currently prescribed medications and/or receiving treatment for sickle cell disease?,"RxMedsforSickleCellDisease_Yes, Yes | RxMedsforSickleCellDisease_No, No",,,,[circulatory_circulatoryconditions(CirculatoryConditions_SickleCellDisease)] = '1',,,,,,
Personal Medical History,,circulatory_strokecurrently,personal_medical_history,,radio,Are you still seeing a doctor or health care provider for a stroke?,"StrokeCurrently_Yes, Yes | StrokeCurrently_No, No",,,,[circulatory_circulatoryconditions(CirculatoryConditions_Stroke)] = '1',,,,,,
Personal Medical History,,circulatory_howoldwereyoustroke,personal_medical_history,,radio,About how old were you when you were first told you had a stroke?,"HowOldWereYouStroke_Child, Child (0-11) | HowOldWereYouStroke_Adolescent, Adolescent (12-17) | HowOldWereYouStroke_Adult, Adult (18-64) | HowOldWereYouStroke_OlderAdult, Older adult (65-74) | HowOldWereYouStroke_Elderly, Elderly (75+)",,,,[circulatory_circulatoryconditions(CirculatoryConditions_Stroke)] = '1',,,,,,
Personal Medical History,,circulatory_rxmedsforstroke,personal_medical_history,,radio,Are you currently prescribed medications and/or receiving treatment for a stroke?,"RxMedsforStroke_Yes, Yes | RxMedsforStroke_No, No",,,,[circulatory_circulatoryconditions(CirculatoryConditions_Stroke)] = '1',,,,,,
Personal Medical History,,circulatory_transientischemicattackcurrently,personal_medical_history,,radio,Are you still seeing a doctor or health care provider for transient ischemic attacks (TIAs or mini-strokes)?,"TransientIschemicAttackCurrently_Yes, Yes | TransientIschemicAttackCurrently_No, No",,,,[circulatory_circulatoryconditions(CirculatoryConditions_TransientIschemicAttack)] = '1',,,,,,
Personal Medical History,,circulatory_howoldwereyoutransientischemicattack,personal_medical_history,,radio,About how old were you when you were first told you had transient ischemic attacks (TIAs or mini-strokes)?,"HowOldWereYouTransientIschemicAttack_Child, Child (0-11) | HowOldWereYouTransientIschemicAttack_Adolescent, Adolescent (12-17) | HowOldWereYouTransientIschemicAttack_Adult, Adult (18-64) | HowOldWereYouTransientIschemicAttack_OlderAdult, Older adult (65-74) | HowOldWereYouTransientIschemicAttack_Elderly, Elderly (75+)",,,,[circulatory_circulatoryconditions(CirculatoryConditions_TransientIschemicAttack)] = '1',,,,,,
Personal Medical History,,circulatory_rxmedsfortransientischemicattack,personal_medical_history,,radio,Are you currently prescribed medications and/or receiving treatment for transient ischemic attacks (TIAs or mini-strokes)?,"RxMedsforTransientIschemicAttack_Yes, Yes | noRxMedsforTransientIschemicAttack_No, No",,,,[circulatory_circulatoryconditions(CirculatoryConditions_TransientIschemicAttack)] = '1',,,,,,
Personal Medical History,,otherheartorbloodcondition_freetextbox,personal_medical_history,,text,Please specify the other heart or blood condition.,,,,,[circulatory_circulatoryconditions(CirculatoryConditions_OtherHeartorBloodCondition)] = '1',,,REGISTERED_QUESTION_SUPPRESSED,,REGISTERED_QUESTION_SUPPRESSED,CONTROLLED_QUESTION_SUPPRESSED
Personal Medical History,,circulatory_otherheartbloodcurrently,personal_medical_history,,radio,Are you still seeing a doctor or health care provider for this heart or blood condition?,"OtherHeartBloodCurrently_Yes, Yes | OtherHeartBloodCurrently_No, No",,,,[circulatory_circulatoryconditions(CirculatoryConditions_OtherHeartorBloodCondition)] = '1',,,,,,
Personal Medical History,,circulatory_howoldwereyouotherheartblood,personal_medical_history,,radio,About how old were you when you were first told you had this heart or blood condition?,"HowOldWereYouOtherHeartBlood_Child, Child (0-11) | HowOldWereYouOtherHeartBlood_Adolescent, Adolescent (12-17) | HowOldWereYouOtherHeartBlood_Adult, Adult (18-64) | HowOldWereYouOtherHeartBlood_OlderAdult, Older adult (65-74) | HowOldWereYouOtherHeartBlood_Elderly, Elderly (75+)",,,,[circulatory_circulatoryconditions(CirculatoryConditions_OtherHeartorBloodCondition)] = '1',,,,,,
Personal Medical History,,circulatory_rxmedsforotherheartblood,personal_medical_history,,radio,Are you currently prescribed medications and/or receiving treatment for this heart or blood condition?,"RxMedsforOtherHeartBlood_Yes, Yes | noRxMedsforOtherHeartBlood_No, No",,,,[circulatory_circulatoryconditions(CirculatoryConditions_OtherHeartorBloodCondition)] = '1',,,,,,
Personal Medical History,,respiratory_respiratoryconditions,personal_medical_history,Lung Conditions,checkbox,Has a doctor or health care provider ever told you that you have or had any of the following respiratory conditions? Select all that apply.,"RespiratoryConditions_Asthma, Asthma | RespiratoryConditions_ChronicLung, Chronic lung disease | RespiratoryConditions_SleepApnea, Sleep apnea | RespiratoryConditions_OtherLungCondition, Other lung condition | RespiratoryConditions_NoLungCondition, I have/have had no lung condition",,,,,,,@NONEOFTHEABOVE=RespiratoryConditions_NoLungCondition,,,
Personal Medical History,,respiratory_asthmacurrently,personal_medical_history,,radio,Are you still seeing a doctor or health care provider for asthma?,"AsthmaCurrently_Yes, Yes | AsthmaCurrently_No, No",,,,[respiratory_respiratoryconditions(RespiratoryConditions_Asthma)] = '1',,,,,,
Personal Medical History,,respiratory_howoldwereyouasthma,personal_medical_history,,radio,About how old were you when you were first told you had asthma?,"HowOldWereYouAsthma_Child, Child (0-11) | HowOldWereYouAsthma_Adolescent, Adolescent (12-17) | HowOldWereYouAsthma_Adult, Adult (18-64) | HowOldWereYouAsthma_OlderAdult, Older adult (65-74) | HowOldWereYouAsthma_Elderly, Elderly (75+)",,,,[respiratory_respiratoryconditions(RespiratoryConditions_Asthma)] = '1',,,,,,
Personal Medical History,,respiratory_rxmedsforasthma,personal_medical_history,,radio,Are you currently prescribed medications and/or receiving treatment for asthma?,"RxMedsforAsthma_Yes, Yes | RxMedsforAsthma_No, No",,,,[respiratory_respiratoryconditions(RespiratoryConditions_Asthma)] = '1',,,,,,
Personal Medical History,,respiratory_chroniclungdiseasecurrently,personal_medical_history,,radio,Are you still seeing a doctor or health care provider for chronic lung disease?,"ChronicLungDiseaseCurrently_Yes, Yes | ChronicLungDiseaseCurrently_No, No",,,,[respiratory_respiratoryconditions(RespiratoryConditions_ChronicLung)] = '1',,,,,,
Personal Medical History,,respiratory_howoldwereyouchroniclungdisease,personal_medical_history,,radio,About how old were you when you were first told you had chronic lung disease?,"HowOldWereYouChronicLungDisease_Child, Child (0-11) | HowOldWereYouChronicLungDisease_Adolescent, Adolescent (12-17) | HowOldWereYouChronicLungDisease_Adult, Adult (18-64) | HowOldWereYouChronicLungDisease_OlderAdult, Older adult (65-74) | HowOldWereYouChronicLungDisease_Elderly, Elderly (75+)",,,,[respiratory_respiratoryconditions(RespiratoryConditions_ChronicLung)] = '1',,,,,,
Personal Medical History,,respiratory_rxmedsforchroniclungdisease,personal_medical_history,,radio,Are you currently prescribed medications and/or receiving treatment for chronic lung disease?,"RxMedsforChronicLungDisease_Yes, Yes | RxMedsforChronicLungDisease_No, No",,,,[respiratory_respiratoryconditions(RespiratoryConditions_ChronicLung)] = '1',,,,,,
Personal Medical History,,respiratory_sleepapneacurrently,personal_medical_history,,radio,Are you still seeing a doctor or health care provider for sleep apnea?,"SleepApneaCurrently_Yes, Yes | SleepApneaCurrently_No, No",,,,[respiratory_respiratoryconditions(RespiratoryConditions_SleepApnea)] = '1',,,,,,
Personal Medical History,,respiratory_howoldwereyousleepapnea,personal_medical_history,,radio,About how old were you when you were first told you had sleep apnea?,"HowOldWereYouSleepApnea_Child, Child (0-11) | HowOldWereYouSleepApnea_Adolescent, Adolescent (12-17) | HowOldWereYouSleepApnea_Adult, Adult (18-64) | HowOldWereYouSleepApnea_OlderAdult, Older adult (65-74) | HowOldWereYouSleepApnea_Elderly, Elderly (75+)",,,,[respiratory_respiratoryconditions(RespiratoryConditions_SleepApnea)] = '1',,,,,,
Personal Medical History,,respiratory_rxmedsforsleepapnea,personal_medical_history,,radio,Are you currently prescribed medications and/or receiving treatment for sleep apnea?,"RxMedsforSleepApnea_Yes, Yes | RxMedsforSleepApnea_No, No",,,,[respiratory_respiratoryconditions(RespiratoryConditions_SleepApnea)] = '1',,,,,,
Personal Medical History,,otherrespiratory_freetextbox,personal_medical_history,,text,Please specify the other lung condition.,,,,,[respiratory_respiratoryconditions(RespiratoryConditions_OtherLungCondition)] = '1',,,REGISTERED_QUESTION_SUPPRESSED,,REGISTERED_QUESTION_SUPPRESSED,CONTROLLED_QUESTION_SUPPRESSED
Personal Medical History,,respiratory_otherlungconditioncurrently,personal_medical_history,,radio,Are you still seeing a doctor or health care provider for this lung condition?,"OtherLungConditionCurrently_Yes, Yes | OtherLungConditionCurrently_No, No",,,,[respiratory_respiratoryconditions(RespiratoryConditions_OtherLungCondition)] = '1',,,,,,
Personal Medical History,,respiratory_howoldwereyouotherlungcondition,personal_medical_history,,radio,About how old were you when you were first told you had this lung condition?,"HowOldWereYouOtherLungCondition_Child, Child (0-11) | HowOldWereYouOtherLungCondition_Adolescent, Adolescent (12-17) | HowOldWereYouOtherLungCondition_Adult, Adult (18-64) | HowOldWereYouOtherLungCondition_OlderAdult, Older adult (65-74) | HowOldWereYouOtherLungCondition_Elderly, Elderly (75+)",,,,[respiratory_respiratoryconditions(RespiratoryConditions_OtherLungCondition)] = '1',,,,,,
Personal Medical History,,respiratory_rxmedsforotherlungcondition,personal_medical_history,,radio,Are you currently prescribed medications and/or receiving treatment for this lung condition?,"RxMedsforOtherLungCondition_Yes, Yes | RxMedsforOtherLungCondition_No, No",,,,[respiratory_respiratoryconditions(RespiratoryConditions_OtherLungCondition)] = '1',,,,,,
Personal Medical History,,cancer_cancerconditions,personal_medical_history,Cancer Conditions,checkbox,Has a doctor or health care provider ever told you that you have or had any of the following cancers? Select all that apply.,"CancerConditions_BladderCancer, Bladder cancer | CancerConditions_BloodCancer, Blood or soft tissue cancer | CancerConditions_BoneCancer, Bone cancer | CancerConditions_BrainCancer, Brain cancer | CancerConditions_BreastCancer, Breast cancer | CancerConditions_CervicalCancer, Cervical cancer | CancerConditions_ColonRectalCancer, Colon cancer/rectal cancer | CancerConditions_EndocrineCancer, Endocrine cancer | CancerConditions_EndometrialCancer, Endometrial cancer | CancerConditions_EsophagealCancer, Esophageal cancer | CancerConditions_EyeCancer, Eye cancer | CancerConditions_HeadNeckCancer, Head and neck cancer | CancerConditions_KidneyCancer, Kidney cancer | CancerConditions_LungCancer, Lung cancer | CancerConditions_OvarianCancer, Ovarian cancer | CancerConditions_PancreaticCancer, Pancreatic cancer | CancerConditions_ProstateCancer, Prostate cancer | CancerConditions_SkinCancer, Skin cancer | CancerConditions_StomachCancer, Stomach cancer | CancerConditions_ThyroidCancer, Thyroid cancer | CancerConditions_OtherCancer, Other cancer | CancerConditions_NoCancer, I do not have/did not previously have cancer",,,,,,,@NONEOFTHEABOVE=CancerConditions_NoCancer,,,
Personal Medical History,,cancer_bladdercancercurrently,personal_medical_history,,radio,Are you still seeing a doctor or health care provider for bladder cancer?,"BladderCancerCurrently_Yes, Yes | BladderCancerCurrently_No, No",,,,[cancer_cancerconditions(CancerConditions_BladderCancer)] = '1',,,,,,
Personal Medical History,,cancer_howoldwereyoubladdercancer,personal_medical_history,,radio,About how old were you when you were first told you had bladder cancer?,"HowOldWereYouBladderCancer_Child, Child (0-11) | HowOldWereYouBladderCancer_Adolescent, Adolescent (12-17) | HowOldWereYouBladderCancer_Adult, Adult (18-64) | HowOldWereYouBladderCancer_OlderAdult, Older adult (65-74) | HowOldWereYouBladderCancer_Elderly, Elderly (75+)",,,,[cancer_cancerconditions(CancerConditions_BladderCancer)] = '1',,,,,,
Personal Medical History,,cancer_rxmedsforbladdercancer,personal_medical_history,,radio,Are you currently prescribed medications and/or receiving treatment for bladder cancer?,"RxMedsforBladderCancer_Yes, Yes | RxMedsforBladderCancer_No, No",,,,[cancer_cancerconditions(CancerConditions_BladderCancer)] = '1',,,,,,
Personal Medical History,,cancer_bloodcancercurrently,personal_medical_history,,radio,Are you still seeing a doctor or health care provider for blood or soft tissue cancer?,"BloodCancerCurrently_Yes, Yes | BloodCancerCurrently_No, No",,,,[cancer_cancerconditions(CancerConditions_BloodCancer)] = '1',,,,,,
Personal Medical History,,cancer_howoldwereyoubloodcancer,personal_medical_history,,radio,About how old were you when you were first told you had blood or soft tissue cancer?,"HowOldWereYouBloodCancer_Child, Child (0-11) | HowOldWereYouBloodCancer_Adolescent, Adolescent (12-17) | HowOldWereYouBloodCancer_Adult, Adult (18-64) | HowOldWereYouBloodCancer_OlderAdult, Older adult (65-74) | HowOldWereYouBloodCancer_Elderly, Elderly (75+)",,,,[cancer_cancerconditions(CancerConditions_BloodCancer)] = '1',,,,,,
Personal Medical History,,cancer_rxmedsforbloodcancer,personal_medical_history,,radio,Are you currently prescribed medications and/or receiving treatment for blood or soft tissue cancer?,"RxMedsforBloodCancer_Yes, Yes | RxMedsforBloodCancer_No, No",,,,[cancer_cancerconditions(CancerConditions_BloodCancer)] = '1',,,,,,
Personal Medical History,,cancer_bonecancercurrently,personal_medical_history,,radio,Are you still seeing a doctor or health care provider for bone cancer?,"BoneCancerCurrently_Yes, Yes | BoneCancerCurrently_No, No",,,,[cancer_cancerconditions(CancerConditions_BoneCancer)] = '1',,,,,,
Personal Medical History,,cancer_howoldwereyoubonecancer,personal_medical_history,,radio,About how old were you when you were first told you had bone cancer?,"HowOldWereYouBoneCancer_Child, Child (0-11) | HowOldWereYouBoneCancer_Adolescent, Adolescent (12-17) | HowOldWereYouBoneCancer_Adult, Adult (18-64) | HowOldWereYouBoneCancer_OlderAdult, Older adult (65-74) | HowOldWereYouBoneCancer_Elderly, Elderly (75+)",,,,[cancer_cancerconditions(CancerConditions_BoneCancer)] = '1',,,,,,
Personal Medical History,,cancer_rxmedsforbonecancer,personal_medical_history,,radio,Are you currently prescribed medications and/or receiving treatment for bone cancer?,"RxMedsforBoneCancer_Yes, Yes | RxMedsforBoneCancer_No, No",,,,[cancer_cancerconditions(CancerConditions_BoneCancer)] = '1',,,,,,
Personal Medical History,,cancer_braincancercurrently,personal_medical_history,,radio,Are you still seeing a doctor or health care provider for brain cancer?,"BrainCancerCurrently_Yes, Yes | BrainCancerCurrently_No, No",,,,[cancer_cancerconditions(CancerConditions_BrainCancer)] = '1',,,,,,
Personal Medical History,,cancer_howoldwereyoubraincancer,personal_medical_history,,radio,About how old were you when you were first told you had brain cancer?,"HowOldWereYouBrainCancer_Child, Child (0-11) | HowOldWereYouBrainCancer_Adolescent, Adolescent (12-17) | HowOldWereYouBrainCancer_Adult, Adult (18-64) | HowOldWereYouBrainCancer_OlderAdult, Older adult (65-74) | HowOldWereYouBrainCancer_Elderly, Elderly (75+)",,,,[cancer_cancerconditions(CancerConditions_BrainCancer)] = '1',,,,,,
Personal Medical History,,cancer_rxmedsforbraincancer,personal_medical_history,,radio,Are you currently prescribed medications and/or receiving treatment for brain cancer?,"RxMedsforBrainCancer_Yes, Yes | RxMedsforBrainCancer_No, No",,,,[cancer_cancerconditions(CancerConditions_BrainCancer)] = '1',,,,,,
Personal Medical History,,cancer_breastcancercurrently,personal_medical_history,,radio,Are you still seeing a doctor or health care provider for breast cancer?,"BreastCancerCurrently_Yes, Yes | BreastCancerCurrently_No, No",,,,[cancer_cancerconditions(CancerConditions_BreastCancer)] = '1',,,,,,
Personal Medical History,,cancer_howoldwereyoubreastcancer,personal_medical_history,,radio,About how old were you when you were first told you had breast cancer?,"HowOldWereYouBreastCancer_Child, Child (0-11) | HowOldWereYouBreastCancer_Adolescent, Adolescent (12-17) | HowOldWereYouBreastCancer_Adult, Adult (18-64) | HowOldWereYouBreastCancer_OlderAdult, Older adult (65-74) | HowOldWereYouBreastCancer_Elderly, Elderly (75+)",,,,[cancer_cancerconditions(CancerConditions_BreastCancer)] = '1',,,,,,
Personal Medical History,,cancer_rxmedsforbreastcancer,personal_medical_history,,radio,Are you currently prescribed medications and/or receiving treatment for breast cancer?,"RxMedsforBreastCancer_Yes, Yes | RxMedsforBreastCancer_No, No",,,,[cancer_cancerconditions(CancerConditions_BreastCancer)] = '1',,,,,,
Personal Medical History,,cancer_cervicalcancercurrently,personal_medical_history,,radio,Are you still seeing a doctor or health care provider for cervical cancer?,"CervicalCancerCurrently_Yes, Yes | CervicalCancerCurrently_No, No",,,,[cancer_cancerconditions(CancerConditions_CervicalCancer)] = '1',,,,,,
Personal Medical History,,cancer_howoldwereyoucervicalcancer,personal_medical_history,,radio,About how old were you when you were first told you had cervical cancer?,"HowOldWereYouCervicalCancer_Child, Child (0-11) | HowOldWereYouCervicalCancer_Adolescent, Adolescent (12-17) | HowOldWereYouCervicalCancer_Adult, Adult (18-64) | HowOldWereYouCervicalCancer_OlderAdult, Older adult (65-74) | HowOldWereYouCervicalCancer_Elderly, Elderly (75+)",,,,[cancer_cancerconditions(CancerConditions_CervicalCancer)] = '1',,,,,,
Personal Medical History,,cancer_rxmedsforcervicalcancer,personal_medical_history,,radio,Are you currently prescribed medications and/or receiving treatment for cervical cancer?,"RxMedsforCervicalCancer_Yes, Yes | RxMedsforCervicalCancer_No, No",,,,[cancer_cancerconditions(CancerConditions_CervicalCancer)] = '1',,,,,,
Personal Medical History,,cancer_colonrectalcancercurrently,personal_medical_history,,radio,Are you still seeing a doctor or health care provider for colon cancer/rectal cancer?,"ColonRectalCancerCurrently_Yes, Yes | ColonRectalCancerCurrently_No, No",,,,[cancer_cancerconditions(CancerConditions_ColonRectalCancer)] = '1',,,,,,
Personal Medical History,,cancer_howoldwereyoucolonrectalcancer,personal_medical_history,,radio,About how old were you when you were first told you had colon cancer/rectal cancer?,"HowOldWereYouColonRectalCancer_Child, Child (0-11) | HowOldWereYouColonRectalCancer_Adolescent, Adolescent (12-17) | HowOldWereYouColonRectalCancer_Adult, Adult (18-64) | HowOldWereYouColonRectalCancer_OlderAdult, Older adult (65-74) | HowOldWereYouColonRectalCancer_Elderly, Elderly (75+)",,,,[cancer_cancerconditions(CancerConditions_ColonRectalCancer)] = '1',,,,,,
Personal Medical History,,cancer_rxmedsforcolonrectalcancer,personal_medical_history,,radio,Are you currently prescribed medications and/or receiving treatment for colon cancer/rectal cancer?,"RxMedsforColonRectalCancer_Yes, Yes | RxMedsforColonRectalCancer_No, No",,,,[cancer_cancerconditions(CancerConditions_ColonRectalCancer)] = '1',,,,,,
Personal Medical History,,cancer_endocrinecancercurrently,personal_medical_history,,radio,Are you still seeing a doctor or health care provider for endocrine cancer?,"EndocrineCancerCurrently_Yes, Yes | EndocrineCancerCurrently_No, No",,,,[cancer_cancerconditions(CancerConditions_EndocrineCancer)] = '1',,,,,,
Personal Medical History,,cancer_howoldwereyouendocrinecancer,personal_medical_history,,radio,About how old were you when you were first told you had endocrine cancer?,"HowOldWereYouEndocrineCancer_Child, Child (0-11) | HowOldWereYouEndocrineCancer_Adolescent, Adolescent (12-17) | HowOldWereYouEndocrineCancer_Adult, Adult (18-64) | HowOldWereYouEndocrineCancer_OlderAdult, Older adult (65-74) | HowOldWereYouEndocrineCancer_Elderly, Elderly (75+)",,,,[cancer_cancerconditions(CancerConditions_EndocrineCancer)] = '1',,,,,,
Personal Medical History,,cancer_rxmedsforendocrinecancer,personal_medical_history,,radio,Are you currently prescribed medications and/or receiving treatment for endocrine cancer?,"RxMedsforEndocrineCancer_Yes, Yes | RxMedsforEndocrineCancer_No, No",,,,[cancer_cancerconditions(CancerConditions_EndocrineCancer)] = '1',,,,,,
Personal Medical History,,cancer_endometrialcancercurrently,personal_medical_history,,radio,Are you still seeing a doctor or health care provider for endometrial cancer?,"EndometrialCancerCurrently_Yes, Yes | EndometrialCancerCurrently_No, No",,,,[cancer_cancerconditions(CancerConditions_EndometrialCancer)] = '1',,,,,,
Personal Medical History,,cancer_howoldwereyouendometrialcancer,personal_medical_history,,radio,About how old were you when you were first told you had endometrial cancer?,"HowOldWereYouEndometrialCancer_Child, Child (0-11) | HowOldWereYouEndometrialCancer_Adolescent, Adolescent (12-17) | HowOldWereYouEndometrialCancer_Adult, Adult (18-64) | HowOldWereYouEndometrialCancer_OlderAdult, Older adult (65-74) | HowOldWereYouEndometrialCancer_Elderly, Elderly (75+)",,,,[cancer_cancerconditions(CancerConditions_EndometrialCancer)] = '1',,,,,,
Personal Medical History,,cancer_rxmedsforendometrialcancer,personal_medical_history,,radio,Are you currently prescribed medications and/or receiving treatment for endometrial cancer?,"RxMedsforEndometrialCancer_Yes, Yes | RxMedsforEndometrialCancer_No, No",,,,[cancer_cancerconditions(CancerConditions_EndometrialCancer)] = '1',,,,,,
Personal Medical History,,cancer_esophagealcancercurrently,personal_medical_history,,radio,Are you still seeing a doctor or health care provider for esophageal cancer?,"EsophagealCancerCurrently_Yes, Yes | EsophagealCancerCurrently_No, No",,,,[cancer_cancerconditions(CancerConditions_EsophagealCancer)] = '1',,,,,,
Personal Medical History,,cancer_howoldwereyouesophagealcancer,personal_medical_history,,radio,About how old were you when you were first told you had esophageal cancer?,"HowOldWereYouEsophagealCancer_Child, Child (0-11) | HowOldWereYouEsophagealCancer_Adolescent, Adolescent (12-17) | HowOldWereYouEsophagealCancer_Adult, Adult (18-64) | HowOldWereYouEsophagealCancer_OlderAdult, Older adult (65-74) | HowOldWereYouEsophagealCancer_Elderly, Elderly (75+)",,,,[cancer_cancerconditions(CancerConditions_EsophagealCancer)] = '1',,,,,,
Personal Medical History,,cancer_rxmedsforesophagealcancer,personal_medical_history,,radio,Are you currently prescribed medications and/or receiving treatment for esophageal cancer?,"RxMedsforEsophagealCancer_Yes, Yes | RxMedsforEsophagealCancer_No, No",,,,[cancer_cancerconditions(CancerConditions_EsophagealCancer)] = '1',,,,,,
Personal Medical History,,cancer_eyecancercurrently,personal_medical_history,,radio,Are you still seeing a doctor or health care provider for eye cancer?,"EyeCancerCurrently_Yes, Yes | EyeCancerCurrently_No, No",,,,[cancer_cancerconditions(CancerConditions_EyeCancer)] = '1',,,,,,
Personal Medical History,,cancer_howoldwereyoueyecancer,personal_medical_history,,radio,About how old were you when you were first told you had eye cancer?,"HowOldWereYouEyeCancer_Child, Child (0-11) | HowOldWereYouEyeCancer_Adolescent, Adolescent(12-17) | HowOldWereYouEyeCancer_Adult, Adult (18-64) | HowOldWereYouEyeCancer_OlderAdult, Older adult (65-64) | HowOldWereYouEyeCancer_Elderly, Elderly (75+)",,,,[cancer_cancerconditions(CancerConditions_EyeCancer)] = '1',,,,,,
Personal Medical History,,cancer_rxmedsforeyecancer,personal_medical_history,,radio,Are you currently prescribed medications and/or receiving treatment for eye cancer?,"RxMedsforEyeCancer_Yes, Yes | RxMedsforEyeCancer_No, No",,,,[cancer_cancerconditions(CancerConditions_EyeCancer)] = '1',,,,,,
Personal Medical History,,cancer_headneckcancercurrently,personal_medical_history,,radio,Are you still seeing a doctor or health care provider for head and neck cancer?,"HeadNeckCancerCurrently_Yes, Yes | HeadNeckCancerCurrently_No, No",,,,[cancer_cancerconditions(CancerConditions_HeadNeckCancer)] = '1',,,,,,
Personal Medical History,,cancer_howoldwereyouheadneckcancer,personal_medical_history,,radio,About how old were you when you were first told you had head and neck cancer?,"HowOldWereYouHeadNeckCancer_Child, Child (0-11) | HowOldWereYouHeadNeckCancer_Adolescent, Adolescent (12-17) | HowOldWereYouHeadNeckCancer_Adult, Adult (18-64) | HowOldWereYouHeadNeckCancer_OlderAdult, Older adult (65-74) | HowOldWereYouHeadNeckCancer_Elderly, Elderly (75+)",,,,[cancer_cancerconditions(CancerConditions_HeadNeckCancer)] = '1',,,,,,
Personal Medical History,,cancer_rxmedsforheadneckcancer,personal_medical_history,,radio,Are you currently prescribed medications and/or receiving treatment for head and neck cancer?,"RxMedsforHeadNeckCancer_Yes, Yes | RxMedsforHeadNeckCancer_No, No",,,,[cancer_cancerconditions(CancerConditions_HeadNeckCancer)] = '1',,,,,,
Personal Medical History,,cancer_kidneycancercurrently,personal_medical_history,,radio,Are you still seeing a doctor or health care provider for kidney cancer?,"KidneyCancerCurrently_Yes, Yes | KidneyCancerCurrently_No, No",,,,[cancer_cancerconditions(CancerConditions_KidneyCancer)] = '1',,,,,,
Personal Medical History,,cancer_howoldwereyoukidneycancer,personal_medical_history,,radio,About how old were you when you were first told you had kidney cancer?,"HowOldWereYouKidneyCancer_Child, Child (0-11) | HowOldWereYouKidneyCancer_Adolescent, Adolescent (12-17) | HowOldWereYouKidneyCancer_Adult, Adult (18-64) | HowOldWereYouKidneyCancer_OlderAdult, Older adult (65-74) | HowOldWereYouKidneyCancer_Elderly, Elderly (75+)",,,,[cancer_cancerconditions(CancerConditions_KidneyCancer)] = '1',,,,,,
Personal Medical History,,cancer_rxmedsforkidneycancer,personal_medical_history,,radio,Are you currently prescribed medications and/or receiving treatment for kidney cancer?,"RxMedsforKidneyCancer_Yes, Yes | RxMedsforKidneyCancer_No, No",,,,[cancer_cancerconditions(CancerConditions_KidneyCancer)] = '1',,,,,,
Personal Medical History,,cancer_lungcancercurrently,personal_medical_history,,radio,Are you still seeing a doctor or health care provider for lung cancer?,"LungCancerCurrently_Yes, Yes | LungCancerCurrently_No, No",,,,[cancer_cancerconditions(CancerConditions_LungCancer)] = '1',,,,,,
Personal Medical History,,cancer_howoldwereyoulungcancer,personal_medical_history,,radio,About how old were you when you were first told you had lung cancer?,"HowOldWereYouLungCancer_Child, Child (0-11) | HowOldWereYouLungCancer_Adolescent, Adolescent (12-17) | HowOldWereYouLungCancer_Adult, Adult (18-64) | HowOldWereYouLungCancer_OlderAdult, Older adult (65-74) | HowOldWereYouLungCancer_Elderly, Elderly (75+)",,,,[cancer_cancerconditions(CancerConditions_LungCancer)] = '1',,,,,,
Personal Medical History,,cancer_rxmedsforlungcancer,personal_medical_history,,radio,Are you currently prescribed medications and/or receiving treatment for lung cancer?,"RxMedsforLungCancer_Yes, Yes | RxMedsforLungCancer_No, No",,,,[cancer_cancerconditions(CancerConditions_LungCancer)] = '1',,,,,,
Personal Medical History,,cancer_ovariancancercurrently,personal_medical_history,,radio,Are you still seeing a doctor or health care provider for ovarian cancer?,"OvarianCancerCurrently_Yes, Yes | OvarianCancerCurrently_No, No",,,,[cancer_cancerconditions(CancerConditions_OvarianCancer)] = '1',,,,,,
Personal Medical History,,cancer_howoldwereyouovariancancer,personal_medical_history,,radio,About how old were you when you were first told you had ovarian cancer?,"HowOldWereYouOvarianCancer_Child, Child (0-11) | HowOldWereYouOvarianCancer_Adolescent, Adolescent (12-17) | HowOldWereYouOvarianCancer_Adult, Adult (18-64) | HowOldWereYouOvarianCancer_OlderAdult, Older adult (65-74) | HowOldWereYouOvarianCancer_Elderly, Elderly (75+)",,,,[cancer_cancerconditions(CancerConditions_OvarianCancer)] = '1',,,,,,
Personal Medical History,,cancer_rxmedsforovariancancer,personal_medical_history,,radio,Are you currently prescribed medications and/or receiving treatment for ovarian cancer?,"RxMedsforOvarianCancer_Yes, Yes | RxMedsforOvarianCancer_No, No",,,,[cancer_cancerconditions(CancerConditions_OvarianCancer)] = '1',,,,,,
Personal Medical History,,cancer_pancreaticcancercurrently,personal_medical_history,,radio,Are you still seeing a doctor or health care provider for pancreatic cancer?,"PancreaticCancerCurrently_Yes, Yes | PancreaticCancerCurrently_No, No",,,,[cancer_cancerconditions(CancerConditions_PancreaticCancer)] = '1',,,,,,
Personal Medical History,,cancer_howoldwereyoupancreaticcancer,personal_medical_history,,radio,About how old were you when you were first told you had pancreatic cancer?,"HowOldWereYouPancreaticCancer_Child, Child (0-11) | HowOldWereYouPancreaticCancer_Adolescent, Adolescent (12-17) | HowOldWereYouPancreaticCancer_Adult, Adult (18-64) | HowOldWereYouPancreaticCancer_OlderAdult, Older adult (65-74) | HowOldWereYouPancreaticCancer_Elderly, Elderly (75+)",,,,[cancer_cancerconditions(CancerConditions_PancreaticCancer)] = '1',,,,,,
Personal Medical History,,cancer_rxmedsforpancreaticcancer,personal_medical_history,,radio,Are you currently prescribed medications and/or receiving treatment for pancreatic cancer?,"RxMedsforPancreaticCancer_Yes, Yes | RxMedsforPancreaticCancer_No, No",,,,[cancer_cancerconditions(CancerConditions_PancreaticCancer)] = '1',,,,,,
Personal Medical History,,cancer_prostatecancercurrently,personal_medical_history,,radio,Are you still seeing a doctor or health care provider for prostate cancer?,"ProstateCancerCurrently_Yes, Yes | ProstateCancerCurrently_No, No",,,,[cancer_cancerconditions(CancerConditions_ProstateCancer)] = '1',,,,,,
Personal Medical History,,cancer_howoldwereyouprostatecancer,personal_medical_history,,radio,About how old were you when you were first told you had prostate cancer?,"HowOldWereYouProstateCancer_Child, Child (0-11) | HowOldWereYouProstateCancer_Adolescent, Adolescent (12-17) | HowOldWereYouProstateCancer_Adult, Adult (18-64) | HowOldWereYouProstateCancer_OlderAdult, Older adult (65-74) | HowOldWereYouProstateCancer_Elderly, Elderly (75+)",,,,[cancer_cancerconditions(CancerConditions_ProstateCancer)] = '1',,,,,,
Personal Medical History,,cancer_rxmedsforprostatecancer,personal_medical_history,,radio,Are you currently prescribed medications and/or receiving treatment for prostate cancer?,"RxMedsforProstateCancer_Yes, Yes | RxMedsforProstateCancer_No, No",,,,[cancer_cancerconditions(CancerConditions_ProstateCancer)] = '1',,,,,,
Personal Medical History,,cancer_skincancercurrently,personal_medical_history,,radio,Are you still seeing a doctor or health care provider for skin cancer?,"SkinCancerCurrently_Yes, Yes | SkinCancerCurrently_No, No",,,,[cancer_cancerconditions(CancerConditions_SkinCancer)] = '1',,,,,,
Personal Medical History,,cancer_howoldwereyouskincancer,personal_medical_history,,radio,About how old were you when you were first told you had skin cancer?,"HowOldWereYouSkinCancer_Child, Child (0-11) | HowOldWereYouSkinCancer_Adolescent, Adolescent (12-17) | HowOldWereYouSkinCancer_Adult, Adult (18-64) | HowOldWereYouSkinCancer_OlderAdult, Older adult (65-74) | HowOldWereYouSkinCancer_Elderly, Elderly (75+)",,,,[cancer_cancerconditions(CancerConditions_SkinCancer)] = '1',,,,,,
Personal Medical History,,cancer_rxmedsforskincancer,personal_medical_history,,radio,Are you currently prescribed medications and/or receiving treatment for skin cancer?,"RxMedsforSkinCancer_Yes, Yes | RxMedsforSkinCancer_No, No",,,,[cancer_cancerconditions(CancerConditions_SkinCancer)] = '1',,,,,,
Personal Medical History,,cancer_stomachcancercurrently,personal_medical_history,,radio,Are you still seeing a doctor or health care provider for stomach cancer?,"StomachCancerCurrently_Yes, Yes | StomachCancerCurrently_No, No",,,,[cancer_cancerconditions(CancerConditions_StomachCancer)] = '1',,,,,,
Personal Medical History,,cancer_howoldwereyoustomachcancer,personal_medical_history,,radio,About how old were you when you were first told you had stomach cancer?,"HowOldWereYouStomachCancer_Child, Child (0-11) | HowOldWereYouStomachCancer_Adolescent, Adolescent (12-17) | HowOldWereYouStomachCancer_Adult, Adult (18-64) | HowOldWereYouStomachCancer_OlderAdult, Older adult (65-74) | HowOldWereYouStomachCancer_Elderly, Elderly (75+)",,,,[cancer_cancerconditions(CancerConditions_StomachCancer)] = '1',,,,,,
Personal Medical History,,cancer_rxmedsforstomachcancer,personal_medical_history,,radio,Are you currently prescribed medications and/or receiving treatment for stomach cancer?,"RxMedsforStomachSkinCancer_Yes, Yes | RxMedsforStomachCancer_No, No",,,,[cancer_cancerconditions(CancerConditions_StomachCancer)] = '1',,,,,,
Personal Medical History,,cancer_thyroidcancercurrently,personal_medical_history,,radio,Are you still seeing a doctor or health care provider for thyroid cancer?,"ThyroidCancerCurrently_Yes, Yes | ThyroidCancerCurrently_No, No",,,,[cancer_cancerconditions(CancerConditions_ThyroidCancer)] = '1',,,,,,
Personal Medical History,,cancer_howoldwereyouthyroidcancer,personal_medical_history,,radio,About how old were you when you were first told you had thyroid cancer?,"HowOldWereYouThyroidCancer_Child, Child (0-11) | HowOldWereYouThyroidCancer_Adolescent, Adolescent (12-17) | HowOldWereYouThyroidCancer_Adult, Adult (18-64) | HowOldWereYouThyroidCancer_OlderAdult, Older adult (65-74) | HowOldWereYouThyroidCancer_Elderly, Elderly (75+)",,,,[cancer_cancerconditions(CancerConditions_ThyroidCancer)] = '1',,,,,,
Personal Medical History,,cancer_rxmedsforthyroidcancer,personal_medical_history,,radio,Are you currently prescribed medications and/or receiving treatment for thyroid cancer?,"RxMedsforThyroidSkinCancer_Yes, Yes | RxMedsforThyroidCancer_No, No",,,,[cancer_cancerconditions(CancerConditions_ThyroidCancer)] = '1',,,,,,
Personal Medical History,,othercancer_freetextbox,personal_medical_history,,text,Please specify the other cancer.,,,,,[cancer_cancerconditions(CancerConditions_OtherCancer)] = '1',,,REGISTERED_QUESTION_SUPPRESSED,,REGISTERED_QUESTION_SUPPRESSED,CONTROLLED_QUESTION_SUPPRESSED
Personal Medical History,,cancer_othercancercurrently,personal_medical_history,,radio,Are you still seeing a doctor or health care provider for this cancer?,"OtherCancerCurrently_Yes, Yes | OtherCancerCurrently_No, No",,,,[cancer_cancerconditions(CancerConditions_OtherCancer)] = '1',,,,,,
Personal Medical History,,cancer_howoldwereyouothercancer,personal_medical_history,,radio,About how old were you when you were first told you had this cancer?,"HowOldWereYouOtherCancer_Child, Child (0-11) | HowOldWereYouOtherCancer_Adolescent, Adolescent (12-17) | HowOldWereYouOtherCancer_Adult, Adult (18-64) | HowOldWereYouOtherCancer_OlderAdult, Older adult (65-74) | HowOldWereYouOtherCancer_Elderly, Elderly (75+)",,,,[cancer_cancerconditions(CancerConditions_OtherCancer)] = '1',,,,,,
Personal Medical History,,cancer_rxmedsforothercancer,personal_medical_history,,radio,Are you currently prescribed medications and/or receiving treatment for this cancer?,"RxMedsforOtherSkinCancer_Yes, Yes | RxMedsforOtherCancer_No, No",,,,[cancer_cancerconditions(CancerConditions_OtherCancer)] = '1',,,,,,
Personal Medical History,,digestive_digestivesystemconditions,personal_medical_history,Digestive Conditions,checkbox,Has a doctor or health care provider ever told you that you have...? Select all that apply.,"DigestiveSystemConditions_AcidReflux, Acid reflux | DigestiveSystemConditions_BowelObstruction, Bowel obstruction | DigestiveSystemConditions_CeliacDisease, Celiac disease | DigestiveSystemConditions_ColonPolyps, Colon polyps | DigestiveSystemConditions_CrohnsDisease, Crohn's disease | DigestiveSystemConditions_Diverticulosis, Diverticulosis/diverticulitis | DigestiveSystemConditions_GallStones, Gall stones | DigestiveSystemConditions_Hemorrhoids, Hemorrhoids | DigestiveSystemConditions_Hernia, Hernia | DigestiveSystemConditions_IrritableBowel, Irritable bowel syndrome (IBS) | DigestiveSystemConditions_LiverCondition, Liver condition | DigestiveSystemConditions_Pancreatitis, Pancreatitis | DigestiveSystemConditions_PepticUlcers, Peptic ulcers | DigestiveSystemConditions_UlcerativeColitis, Ulcerative colitis | DigestiveSystemConditions_OtherDigestiveCondition, Other digestive condition | DigestiveSystemConditions_NoDigestiveCondition, I have/have had no digestive condition",,,,,,,@NONEOFTHEABOVE=DigestiveSystemConditions_NoDigestiveCondition,,,
Personal Medical History,,digestive_acidrefluxcurrently,personal_medical_history,,radio,Are you still seeing a doctor or health care provider for acid reflux?,"AcidRefluxCurrently_Yes, Yes | AcidRefluxCurrently_No, No",,,,[digestive_digestivesystemconditions(DigestiveSystemConditions_AcidReflux)] = '1',,,,,,
Personal Medical History,,digestive_howoldwereyouacidreflux,personal_medical_history,,radio,About how old were you when you were first told you had acid reflux?,"HowOldWereYouAcidReflux_Child, Child (0-11) | HowOldWereYouAcidReflux_Adolescent, Adolescent (12-17) | HowOldWereYouAcidReflux_Adult, Adult (18-64) | HowOldWereYouAcidReflux_OlderAdult, Older adult (65-74) | HowOldWereYouAcidReflux_Elderly, Elderly (75+)",,,,[digestive_digestivesystemconditions(DigestiveSystemConditions_AcidReflux)] = '1',,,,,,
Personal Medical History,,digestive_rxmedsforacidreflux,personal_medical_history,,radio,Are you currently prescribed medications and/or receiving treatment for acid reflux?,"RxMedsforAcidReflux_Yes, Yes | RxMedsforAcidReflux_No, No",,,,[digestive_digestivesystemconditions(DigestiveSystemConditions_AcidReflux)] = '1',,,,,,
Personal Medical History,,digestive_bowelobstructioncurrently,personal_medical_history,,radio,Are you still seeing a doctor or health care provider for bowel obstruction?,"BowelObstructionCurrently_Yes, Yes | BowelObstructionCurrently_No, No",,,,[digestive_digestivesystemconditions(DigestiveSystemConditions_BowelObstruction)] = '1',,,,,,
Personal Medical History,,digestive_howoldwereyoubowelobstruction,personal_medical_history,,radio,About how old were you when you were first told you had bowel obstruction?,"HowOldWereYouBowelObstruction_Child, Child (0-11) | HowOldWereYouBowelObstruction_Adolescent, Adolescent (12-17) | HowOldWereYouBowelObstruction_Adult, Adult (18-64) | HowOldWereYouBowelObstruction_OlderAdult, Older adult (65-74) | HowOldWereYouBowelObstruction_Elderly, Elderly (75+)",,,,[digestive_digestivesystemconditions(DigestiveSystemConditions_BowelObstruction)] = '1',,,,,,
Personal Medical History,,digestive_rxmedsforbowelobstruction,personal_medical_history,,radio,Are you currently prescribed medications and/or receiving treatment for bowel obstruction?,"RxMedsforBowelObstruction_Yes, Yes | RxMedsforBowelObstruction_No, No",,,,[digestive_digestivesystemconditions(DigestiveSystemConditions_BowelObstruction)] = '1',,,,,,
Personal Medical History,,digestive_celiacdiseasecurrently,personal_medical_history,,radio,Are you still seeing a doctor or health care provider for celiac disease?,"CeliacDiseaseCurrently_Yes, Yes | CeliacDiseaseCurrently_No, No",,,,[digestive_digestivesystemconditions(DigestiveSystemConditions_CeliacDisease)] = '1',,,,,,
Personal Medical History,,digestive_howoldwereyouceliacdisease,personal_medical_history,,radio,About how old were you when you were first told you had celiac disease?,"HowOldWereYouCeliacDisease_Child, Child (0-11) | HowOldWereYouCeliacDisease_Adolescent, Adolescent (12-17) | HowOldWereYouCeliacDisease_Adult, Adult (18-64) | HowOldWereYouCeliacDisease_OlderAdult, Older adult (65-74) | HowOldWereYouCeliacDisease_Elderly, Elderly (75+)",,,,[digestive_digestivesystemconditions(DigestiveSystemConditions_CeliacDisease)] = '1',,,,,,
Personal Medical History,,digestive_rxmedsforceliacdisease,personal_medical_history,,radio,Are you currently prescribed medications and/or receiving treatment for celiac disease?,"RxMedsforCeliacDisease_Yes, Yes | RxMedsforCeliacDisease_No, No",,,,[digestive_digestivesystemconditions(DigestiveSystemConditions_CeliacDisease)] = '1',,,,,,
Personal Medical History,,digestive_colonpolypscurrently,personal_medical_history,,radio,Are you still seeing a doctor or health care provider for colon polyps?,"ColonPolypsCurrently_Yes, Yes | ColonPolypsCurrently_No, No",,,,[digestive_digestivesystemconditions(DigestiveSystemConditions_ColonPolyps)] = '1',,,,,,
Personal Medical History,,digestive_howoldwereyoucolonpolyps,personal_medical_history,,radio,About how old were you when you were first told you had colon polyps?,"HowOldWereYouColonPolyps_Child, Child (0-11) | HowOldWereYouColonPolyps_Adolescent, Adolescent (12-17) | HowOldWereYouColonPolyps_Adult, Adult (18-64) | HowOldWereYouColonPolyps_OlderAdult, Older adult (65-74) | HowOldWereYouColonPolyps_Elderly, Elderly (75+)",,,,[digestive_digestivesystemconditions(DigestiveSystemConditions_ColonPolyps)] = '1',,,,,,
Personal Medical History,,digestive_rxmedsforcolonpolyps,personal_medical_history,,radio,Are you currently prescribed medications and/or receiving treatment for colon polyps?,"RxMedsforColonPolyps_Yes, Yes | RxMedsforColonPolyps_No, No",,,,[digestive_digestivesystemconditions(DigestiveSystemConditions_ColonPolyps)] = '1',,,,,,
Personal Medical History,,digestive_crohnsdiseasecurrently,personal_medical_history,,radio,Are you still seeing a doctor or health care provider for Crohn's disease?,"CrohnsDiseaseCurrently_Yes, Yes | CrohnsDiseaseCurrently_No, No",,,,[digestive_digestivesystemconditions(DigestiveSystemConditions_CrohnsDisease)] = '1',,,,,,
Personal Medical History,,digestive_howoldwereyoucrohnsdisease,personal_medical_history,,radio,About how old were you when you were first told you had Crohn's disease?,"HowOldWereYouCrohnsDisease_Child, Child (0-11) | HowOldWereYouCrohnsDisease_Adolescent, Adolescent (12-17) | HowOldWereYouCrohnsDisease_Adult, Adult (18-64) | HowOldWereYouCrohnsDisease_OlderAdult, Older adult (65-74) | HowOldWereYouCrohnsDisease_Elderly, Elderly (75+)",,,,[digestive_digestivesystemconditions(DigestiveSystemConditions_CrohnsDisease)] = '1',,,,,,
Personal Medical History,,digestive_rxmedsforcrohnsdisease,personal_medical_history,,radio,Are you currently prescribed medications and/or receiving treatment for Crohn's disease?,"RxMedsforCrohnsDisease_Yes, Yes | RxMedsforCrohnsDisease_No, No",,,,[digestive_digestivesystemconditions(DigestiveSystemConditions_CrohnsDisease)] = '1',,,,,,
Personal Medical History,,digestive_diverticulosiscurrently,personal_medical_history,,radio,Are you still seeing a doctor or health care provider for diverticulosis/diverticulitis?,"DiverticulosisCurrently_Yes, Yes | DiverticulosisCurrently_No, No",,,,[digestive_digestivesystemconditions(DigestiveSystemConditions_Diverticulosis)] = '1',,,,,,
Personal Medical History,,digestive_howoldwereyoudiverticulosis,personal_medical_history,,radio,About how old were you when you were first told you had diverticulosis/diverticulitis?,"HowOldWereYouDiverticulosis_Child, Child (0-11) | HowOldWereYouDiverticulosis_Adolescent, Adolescent (12-17) | HowOldWereYouDiverticulosis_Adult, Adult (18-64) | HowOldWereYouDiverticulosis_OlderAdult, Older adult (65-74) | HowOldWereYouDiverticulosis_Elderly, Elderly (75+)",,,,[digestive_digestivesystemconditions(DigestiveSystemConditions_Diverticulosis)] = '1',,,,,,
Personal Medical History,,digestive_rxmedsfordiverticulosis,personal_medical_history,,radio,Are you currently prescribed medications and/or receiving treatment for diverticulosis/diverticulitis?,"RxMedsforDiverticulosis_Yes, Yes | RxMedsforDiverticulosis_No, No",,,,[digestive_digestivesystemconditions(DigestiveSystemConditions_Diverticulosis)] = '1',,,,,,
Personal Medical History,,digestive_gallstonescurrently,personal_medical_history,,radio,Are you still seeing a doctor or health care provider for gall stones?,"GallStonesCurrently_Yes, Yes | GallStonesCurrently_No, No",,,,[digestive_digestivesystemconditions(DigestiveSystemConditions_GallStones)] = '1',,,,,,
Personal Medical History,,digestive_howoldwereyougallstones,personal_medical_history,,radio,About how old were you when you were first told you had gall stones?,"HowOldWereYouGallStones_Child, Child (0-11) | HowOldWereYouGallStones_Adolescent, Adolescent (12-17) | HowOldWereYouGallStones_Adult, Adult (18-64) | HowOldWereYouGallStones_OlderAdult, Older adult (65-74) | HowOldWereYouGallStones_Elderly, Elderly (75+)",,,,[digestive_digestivesystemconditions(DigestiveSystemConditions_GallStones)] = '1',,,,,,
Personal Medical History,,digestive_rxmedsforgallstones,personal_medical_history,,radio,Are you currently prescribed medications and/or receiving treatment for gall stones?,"RxMedsforGallStones_Yes, Yes | RxMedsforGallStones_No, No",,,,[digestive_digestivesystemconditions(DigestiveSystemConditions_GallStones)] = '1',,,,,,
Personal Medical History,,digestive_hemorrhoidscurrently,personal_medical_history,,radio,Are you still seeing a doctor or health care provider for hemorrhoids?,"HemorrhoidsCurrently_Yes, Yes | HemorrhoidsCurrently_No, No",,,,[digestive_digestivesystemconditions(DigestiveSystemConditions_Hemorrhoids)] = '1',,,,,,
Personal Medical History,,digestive_howoldwereyouhemorrhoids,personal_medical_history,,radio,About how old were you when you were first told you had hemorrhoids?,"HowOldWereYouHemorrhoids_Child, Child (0-11) | HowOldWereYouHemorrhoids_Adolescent, Adolescent (12-17) | HowOldWereYouHemorrhoids_Adult, Adult (18-64) | HowOldWereYouHemorrhoids_OlderAdult, Older adult (65-74) | HowOldWereYouHemorrhoids_Elderly, Elderly (75+)",,,,[digestive_digestivesystemconditions(DigestiveSystemConditions_Hemorrhoids)] = '1',,,,,,
Personal Medical History,,digestive_rxmedsforhemorrhoids,personal_medical_history,,radio,Are you currently prescribed medications and/or receiving treatment for hemorrhoids?,"RxMedsforHemorrhoids_Yes, Yes | RxMedsforHemorrhoids_No, No",,,,[digestive_digestivesystemconditions(DigestiveSystemConditions_Hemorrhoids)] = '1',,,,,,
Personal Medical History,,digestive_herniacurrently,personal_medical_history,,radio,Are you still seeing a doctor or health care provider for hernia?,"HerniaCurrently_Yes, Yes | HerniaCurrently_No, No",,,,[digestive_digestivesystemconditions(DigestiveSystemConditions_Hernia)] = '1',,,,,,
Personal Medical History,,digestive_howoldwereyouhernia,personal_medical_history,,radio,About how old were you when you were first told you had a hernia?,"HowOldWereYouHernia_Child, Child (0-11) | HowOldWereYouHernia_Adolescent, Adolescent (12-17) | HowOldWereYouHernia_Adult, Adult (18-64) | HowOldWereYouHernia_OlderAdult, Older adult (65-74) | HowOldWereYouHernia_Elderly, Elderly (75+)",,,,[digestive_digestivesystemconditions(DigestiveSystemConditions_Hernia)] = '1',,,,,,
Personal Medical History,,digestive_rxmedsforhernia,personal_medical_history,,radio,Are you currently prescribed medications and/or receiving treatment for hernia?,"RxMedsforHernia_Yes, Yes | RxMedsforHernia_No, No",,,,[digestive_digestivesystemconditions(DigestiveSystemConditions_Hernia)] = '1',,,,,,
Personal Medical History,,digestive_irritablebowelcurrently,personal_medical_history,,radio,Are you still seeing a doctor or health care provider for irritable bowel syndrome (IBS)?,"IrritableBowelCurrently_Yes, Yes | IrritableBowelCurrently_No, No",,,,[digestive_digestivesystemconditions(DigestiveSystemConditions_IrritableBowel)] = '1',,,,,,
Personal Medical History,,digestive_howoldwereyouirritablebowel,personal_medical_history,,radio,About how old were you when you were first told you had irritable bowel syndrome (IBS)?,"HowOldWereYouIrritableBowel_Child, Child (0-11) | HowOldWereYouIrritableBowel_Adolescent, Adolescent (12-17) | HowOldWereYouIrritableBowel_Adult, Adult (18-64) | HowOldWereYouIrritableBowel_OlderAdult, Older adult (65-74) | HowOldWereYouIrritableBowel_Elderly, Elderly (75+)",,,,[digestive_digestivesystemconditions(DigestiveSystemConditions_IrritableBowel)] = '1',,,,,,
Personal Medical History,,digestive_rxmedsforirritablebowel,personal_medical_history,,radio,Are you currently prescribed medications and/or receiving treatment for irritable bowel syndrome (IBS)?,"RxMedsforIrritableBowel_Yes, Yes | RxMedsforIrritableBowel_No, No",,,,[digestive_digestivesystemconditions(DigestiveSystemConditions_IrritableBowel)] = '1',,,,,,
Personal Medical History,,digestive_liverconditioncurrently,personal_medical_history,,radio,Are you still seeing a doctor or health care provider for a liver condition?,"LiverConditionCurrently_Yes, Yes | LiverConditionCurrently_No, No",,,,[digestive_digestivesystemconditions(DigestiveSystemConditions_LiverCondition)] = '1',,,,,,
Personal Medical History,,digestive_howoldwereyoulivercondition,personal_medical_history,,radio,About how old were you when you were first told you had a liver condition?,"HowOldWereYouLiverCondition_Child, Child (0-11) | HowOldWereYouLiverCondition_Adolescent, Adolescent (12-17) | HowOldWereYouLiverCondition_Adult, Adult (18-64) | HowOldWereYouLiverCondition_OlderAdult, Older adult (65-74) | HowOldWereYouLiverCondition_Elderly, Elderly (75+)",,,,[digestive_digestivesystemconditions(DigestiveSystemConditions_LiverCondition)] = '1',,,,,,
Personal Medical History,,digestive_rxmedsforlivercondition,personal_medical_history,,radio,Are you currently prescribed medications and/or receiving treatment for a liver condition?,"RxMedsforLiverCondition_Yes, Yes | RxMedsforLiverCondition_No, No",,,,[digestive_digestivesystemconditions(DigestiveSystemConditions_LiverCondition)] = '1',,,,,,
Personal Medical History,,digestive_pancreatitiscurrently,personal_medical_history,,radio,Are you still seeing a doctor or health care provider for pancreatitis?,"PancreatitisCurrently_Yes, Yes | PancreatitisCurrently_No, No",,,,[digestive_digestivesystemconditions(DigestiveSystemConditions_Pancreatitis)] = '1',,,,,,
Personal Medical History,,digestive_howoldwereyoupancreatitis,personal_medical_history,,radio,About how old were you when you were first told you had pancreatitis?,"HowOldWereYouPancreatitis_Child, Child (0-11) | HowOldWereYouPancreatitis_Adolescent, Adolescent (12-17) | HowOldWereYouPancreatitis_Adult, Adult (18-64) | HowOldWereYouPancreatitis_OlderAdult, Older adult (65-74) | HowOldWereYouPancreatitis_Elderly, Elderly (75+)",,,,[digestive_digestivesystemconditions(DigestiveSystemConditions_Pancreatitis)] = '1',,,,,,
Personal Medical History,,digestive_rxmedsforpancreatitis,personal_medical_history,,radio,Are you currently prescribed medications and/or receiving treatment for pancreatitis?,"RxMedsforPancreatitis_Yes, Yes | RxMedsforPancreatitis_No, No",,,,[digestive_digestivesystemconditions(DigestiveSystemConditions_Pancreatitis)] = '1',,,,,,
Personal Medical History,,digestive_pepticulcerscurrently,personal_medical_history,,radio,Are you still seeing a doctor or health care provider for peptic ulcers?,"PepticUlcersCurrently_Yes, Yes | PepticUlcersCurrently_No, No",,,,[digestive_digestivesystemconditions(DigestiveSystemConditions_PepticUlcers)] = '1',,,,,,
Personal Medical History,,digestive_howoldwereyoupepticulcers,personal_medical_history,,radio,About how old were you when you were first told you had peptic ulcers?,"HowOldWereYouPepticUlcers_Child, Child (0-11) | HowOldWereYouPepticUlcers_Adolescent, Adolescent (12-17) | HowOldWereYouPepticUlcers_Adult, Adult (18-64) | HowOldWereYouPepticUlcers_OlderAdult, Older adult (65-74) | HowOldWereYouPepticUlcers_Elderly, Elderly (75+)",,,,[digestive_digestivesystemconditions(DigestiveSystemConditions_PepticUlcers)] = '1',,,,,,
Personal Medical History,,digestive_rxmedsforpepticulcers,personal_medical_history,,radio,Are you currently prescribed medications and/or receiving treatment for peptic ulcers?,"RxMedsforPepticUlcers_Yes, Yes | RxMedsforPepticUlcers_No, No",,,,[digestive_digestivesystemconditions(DigestiveSystemConditions_PepticUlcers)] = '1',,,,,,
Personal Medical History,,digestive_ulcerativecolitiscurrently,personal_medical_history,,radio,Are you still seeing a doctor or health care provider for ulcerative colitis?,"UlcerativeColitisCurrently_Yes, Yes | UlcerativeColitisCurrently_No, No",,,,[digestive_digestivesystemconditions(DigestiveSystemConditions_UlcerativeColitis)] = '1',,,,,,
Personal Medical History,,digestive_howoldwereyouulcerativecolitis,personal_medical_history,,radio,About how old were you when you were first told you had ulcerative colitis?,"HowOldWereYouUlcerativeColitis_Child, Child (0-11) | HowOldWereYouUlcerativeColitis_Adolescent, Adolescent (12-17) | HowOldWereYouUlcerativeColitis_Adult, Adult (18-64) | HowOldWereYouUlcerativeColitis_OlderAdult, Older adult (65-74) | HowOldWereYouUlcerativeColitis_Elderly, Elderly (75+)",,,,[digestive_digestivesystemconditions(DigestiveSystemConditions_UlcerativeColitis)] = '1',,,,,,
Personal Medical History,,digestive_rxmedsforulcerativecolitis,personal_medical_history,,radio,Are you currently prescribed medications and/or receiving treatment for ulcerative colitis?,"RxMedsforUlcerativeColitis_Yes, Yes | RxMedsforUlcerativeColitis_No, No",,,,[digestive_digestivesystemconditions(DigestiveSystemConditions_UlcerativeColitis)] = '1',,,,,,
Personal Medical History,,otherdigestivecondition_freetextbox,personal_medical_history,,text,Please specify the other digestive condition.,,,,,[digestive_digestivesystemconditions(DigestiveSystemConditions_OtherDigestiveCondition)] = '1',,,REGISTERED_QUESTION_SUPPRESSED,,REGISTERED_QUESTION_SUPPRESSED,CONTROLLED_QUESTION_SUPPRESSED
Personal Medical History,,digestive_otherdigestiveconditioncurrently,personal_medical_history,,radio,Are you still seeing a doctor or health care provider for this digestive condition?,"OtherDigestiveConditionsCurrently_Yes, Yes | OtherDigestiveConditionsCurrently_No, No",,,,[digestive_digestivesystemconditions(DigestiveSystemConditions_OtherDigestiveCondition)] = '1',,,,,,
Personal Medical History,,digestive_howoldwereyouotherdigestivecondition,personal_medical_history,,radio,About how old were you when you were first told you had this digestive condition?,"HowOldWereYouOtherDigestiveCondition_Child, Child (0-11) | HowOldWereYouOtherDigestiveCondition_Adolescent, Adolescent (12-17) | HowOldWereYouOtherDigestiveCondition_Adult, Adult (18-64) | HowOldWereYouOtherDigestiveCondition_OlderAdult, Older adult (65-74) | HowOldWereYouOtherDigestiveCondition_Elderly, Elderly (75+)",,,,[digestive_digestivesystemconditions(DigestiveSystemConditions_OtherDigestiveCondition)] = '1',,,,,,
Personal Medical History,,digestive_rxmedsforotherdigestivecondition,personal_medical_history,,radio,Are you currently prescribed medications and/or receiving treatment for this digestive condition?,"RxMedsforOtherDigestiveCondition_Yes, Yes | RxMedsforOtherDigestiveCondition_No, No",,,,[digestive_digestivesystemconditions(DigestiveSystemConditions_OtherDigestiveCondition)] = '1',,,,,,
Personal Medical History,,endocrine_endocrineconditions,personal_medical_history,Hormone and Endocrine Conditions,checkbox,Has a doctor or health care provider ever told you that you have...? Select all that apply.,"EndocrineConditions_Hyperthyroidism, Hyperthyroidism | EndocrineConditions_Hypothyroidism, Hypothyroidism | EndocrineConditions_PreDiabetes, Prediabetes | EndocrineConditions_Type1Diabetes, Type 1 diabetes | EndocrineConditions_Type2Diabetes, Type 2 diabetes | EndocrineConditions_OtherDiabetes, Other/unknown diabetes | EndocrineConditions_OtherThyroid, Other/unknown thyroid | EndocrineConditions_OtherHormoneEndocrine, Other hormone/endocrine condition | EndocrineConditions_NoHormoneEndocrine, I have/have had no hormone/endocrine condition",,,,,,,@NONEOFTHEABOVE=EndocrineConditions_NoHormoneEndocrine,,,
Personal Medical History,,endocrine_hyperthyroidismcurrently,personal_medical_history,,radio,Are you still seeing a doctor or health care provider for hyperthyroidism?,"HyperthyroidismCurrently_Yes, Yes | HyperthyroidismCurrently_No, No",,,,[endocrine_endocrineconditions(EndocrineConditions_Hyperthyroidism)] = '1',,,,,,
Personal Medical History,,endocrine_howoldwereyouhyperthyroidism,personal_medical_history,,radio,About how old were you when you were first told you had hyperthyroidism?,"HowOldWereYouHyperthyroidism_Child, Child (0-11) | HowOldWereYouHyperthyroidism_Adolescent, Adolescent (12-17) | HowOldWereYouHyperthyroidism_Adult, Adult (18-64) | HowOldWereYouHyperthyroidism_OlderAdult, Older adult (65-74) | HowOldWereYouHyperthyroidism_Elderly, Elderly (75+)",,,,[endocrine_endocrineconditions(EndocrineConditions_Hyperthyroidism)] = '1',,,,,,
Personal Medical History,,endocrine_rxmedsforhyperthyroidism,personal_medical_history,,radio,Are you currently prescribed medications and/or receiving treatment for hyperthyroidism?,"RxMedsforHyperthyroidism_Yes, Yes | RxMedsforHyperthyroidism_No, No",,,,[endocrine_endocrineconditions(EndocrineConditions_Hyperthyroidism)] = '1',,,,,,
Personal Medical History,,endocrine_hypothyroidismcurrently,personal_medical_history,,radio,Are you still seeing a doctor or health care provider for hypothyroidism?,"HypothyroidismCurrently_Yes, Yes | HypothyroidismCurrently_No, No",,,,[endocrine_endocrineconditions(EndocrineConditions_Hypothyroidism)] = '1',,,,,,
Personal Medical History,,endocrine_howoldwereyouhypothyroidism,personal_medical_history,,radio,About how old were you when you were first told you had hypothyroidism?,"HowOldWereYouHypothyroidism_Child, Child (0-11) | HowOldWereYouHypothyroidism_Adolescent, Adolescent (12-17) | HowOldWereYouHypothyroidism_Adult, Adult (18-64) | HowOldWereYouHypothyroidism_OlderAdult, Older adult (65-74) | HowOldWereYouHypothyroidism_Elderly, Elderly (75+)",,,,[endocrine_endocrineconditions(EndocrineConditions_Hypothyroidism)] = '1',,,,,,
Personal Medical History,,endocrine_rxmedsforhypothyroidism,personal_medical_history,,radio,Are you currently prescribed medications and/or receiving treatment for hypothyroidism?,"RxMedsforHypothyroidism_Yes, Yes | RxMedsforHypothyroidism_No, No",,,,[endocrine_endocrineconditions(EndocrineConditions_Hypothyroidism)] = '1',,,,,,
Personal Medical History,,endocrine_prediabetescurrently,personal_medical_history,,radio,Are you still seeing a doctor or health care provider for prediabetes?,"PrediabetesCurrently_Yes, Yes | PrediabetesCurrently_No, No",,,,[endocrine_endocrineconditions(EndocrineConditions_PreDiabetes)] = '1',,,,,,
Personal Medical History,,endocrine_howoldwereyouprediabetes,personal_medical_history,,radio,About how old were you when you were first told you had prediabetes?,"HowOldWereYouPrediabetes_Child, Child (0-11) | HowOldWereYouPrediabetes_Adolescent, Adolescent (12-17) | HowOldWereYouPrediabetes_Adult, Adult (18-64) | HowOldWereYouPrediabetes_OlderAdult, Older adult (65-74) | HowOldWereYouPrediabetes_Elderly, Elderly (75+)",,,,[endocrine_endocrineconditions(EndocrineConditions_PreDiabetes)] = '1',,,,,,
Personal Medical History,,endocrine_rxmedsforprediabetes,personal_medical_history,,radio,Are you currently prescribed medications and/or receiving treatment for prediabetes?,"RxMedsforPrediabetes_Yes, Yes | RxMedsforPrediabetes_No, No",,,,[endocrine_endocrineconditions(EndocrineConditions_PreDiabetes)] = '1',,,,,,
Personal Medical History,,endocrine_type1diabetescurrently,personal_medical_history,,radio,Are you still seeing a doctor or health care provider for type 1 diabetes?,"Type1DiabetesCurrently_Yes, Yes | Type1DiabetesCurrently_No, No",,,,[endocrine_endocrineconditions(EndocrineConditions_Type1Diabetes)] = '1',,,,,,
Personal Medical History,,endocrine_howoldwereyoutype1diabetes,personal_medical_history,,radio,About how old were you when you were first told you had type 1 diabetes?,"HowOldWereYouType1Diabetes_Child, Child (0-11) | HowOldWereYouType1Diabetes_Adolescent, Adolescent (12-17) | HowOldWereYouType1Diabetes_Adult, Adult (18-64) | HowOldWereYouType1Diabetes_OlderAdult, Older adult (65-74) | HowOldWereYouType1Diabetes_Elderly, Elderly (75+)",,,,[endocrine_endocrineconditions(EndocrineConditions_Type1Diabetes)] = '1',,,,,,
Personal Medical History,,endocrine_rxmedsfortype1diabetes,personal_medical_history,,radio,Are you currently prescribed medications and/or receiving treatment for type 1 diabetes?,"RxMedsforType1Diabetes_Yes, Yes | RxMedsforType1Diabetes_No, No",,,,[endocrine_endocrineconditions(EndocrineConditions_Type1Diabetes)] = '1',,,,,,
Personal Medical History,,endocrine_type2diabetescurrently,personal_medical_history,,radio,Are you still seeing a doctor or health care provider for type 2 diabetes?,"Type2DiabetesCurrently_Yes, Yes | Type2DiabetesCurrently_No, No",,,,[endocrine_endocrineconditions(EndocrineConditions_Type2Diabetes)] = '1',,,,,,
Personal Medical History,,endocrine_howoldwereyoutype2diabetes,personal_medical_history,,radio,About how old were you when you were first told you had type 2 diabetes?,"HowOldWereYouType2Diabetes_Child, Child (0-11) | HowOldWereYouType2Diabetes_Adolescent, Adolescent (12-17) | HowOldWereYouType2Diabetes_Adult, Adult (18-64) | HowOldWereYouType2Diabetes_OlderAdult, Older adult (65-74) | HowOldWereYouType2Diabetes_Elderly, Elderly (75+)",,,,[endocrine_endocrineconditions(EndocrineConditions_Type2Diabetes)] = '1',,,,,,
Personal Medical History,,endocrine_rxmedsfortype2diabetes,personal_medical_history,,radio,Are you currently prescribed medications and/or receiving treatment for type 2 diabetes?,"RxMedsforType2Diabetes_Yes, Yes | RxMedsforType2Diabetes_No, No",,,,[endocrine_endocrineconditions(EndocrineConditions_Type2Diabetes)] = '1',,,,,,
Personal Medical History,,otherdiabetes_freetextbox,personal_medical_history,,text,Please specify other/unknown diabetes.,,,,,[endocrine_endocrineconditions(EndocrineConditions_OtherDiabetes)] = '1',,,REGISTERED_QUESTION_SUPPRESSED,,REGISTERED_QUESTION_SUPPRESSED,CONTROLLED_QUESTION_SUPPRESSED
Personal Medical History,,endocrine_otherdiabetescurrently,personal_medical_history,,radio,Are you still seeing a doctor or health care provider for other/unknown diabetes?,"OtherDiabetesCurrently_Yes, Yes | OtherDiabetesCurrently_No, No",,,,[endocrine_endocrineconditions(EndocrineConditions_OtherDiabetes)] = '1',,,,,,
Personal Medical History,,endocrine_howoldwereyouotherdiabetes,personal_medical_history,,radio,About how old were you when you were first told you had other/unknown diabetes?,"HowOldWereYouOtherDiabetes_Child, Child (0-11) | HowOldWereYouOtherDiabetes_Adolescent, Adolescent (12-17) | HowOldWereYouOtherDiabetes_Adult, Adult (18-64) | HowOldWereYouOtherDiabetes_OlderAdult, Older adult (65-74) | HowOldWereYouOtherDiabetes_Elderly, Elderly (75+)",,,,[endocrine_endocrineconditions(EndocrineConditions_OtherDiabetes)] = '1',,,,,,
Personal Medical History,,endocrine_rxmedsforotherdiabetes,personal_medical_history,,radio,Are you currently prescribed medications and/or receiving treatment for other/unknown diabetes?,"RxMedsforOtherDiabetes_Yes, Yes | RxMedsforOtherDiabetes_No, No",,,,[endocrine_endocrineconditions(EndocrineConditions_OtherDiabetes)] = '1',,,,,,
Personal Medical History,,otherthyroid_freetextbox,personal_medical_history,,text,Please specify other/unknown thyroid condition.,,,,,[endocrine_endocrineconditions(EndocrineConditions_OtherThyroid)] = '1',,,REGISTERED_QUESTION_SUPPRESSED,,REGISTERED_QUESTION_SUPPRESSED,CONTROLLED_QUESTION_SUPPRESSED
Personal Medical History,,endocrine_otherthyroidcurrently,personal_medical_history,,radio,Are you still seeing a doctor or health care provider for other/unknown thyroid condition?,"OtherThyroidCurrently_Yes, Yes | OtherThyroidCurrently_No, No",,,,[endocrine_endocrineconditions(EndocrineConditions_OtherThyroid)] = '1',,,,,,
Personal Medical History,,endocrine_howoldwereyouotherthyroid,personal_medical_history,,radio,About how old were you when you were first told you had other/unknown thyroid condition?,"HowOldWereYouOtherThyroid_Child, Child (0-11) | HowOldWereYouOtherThyroid_Adolescent, Adolescent (12-17) | HowOldWereYouOtherThyroid_Adult, Adult (18-64) | HowOldWereYouOtherThyroid_OlderAdult, Older adult (65-74) | HowOldWereYouOtherThyroid_Elderly, Elderly (75+)",,,,[endocrine_endocrineconditions(EndocrineConditions_OtherThyroid)] = '1',,,,,,
Personal Medical History,,endocrine_rxmedsforotherthyroid,personal_medical_history,,radio,Are you currently prescribed medications and/or receiving treatment for other/unknown thyroid condition?,"RxMedsforOtherThyroid_Yes, Yes | RxMedsforOtherThyroid_No, No",,,,[endocrine_endocrineconditions(EndocrineConditions_OtherThyroid)] = '1',,,,,,
Personal Medical History,,otherhormoneendocrine_freetextbox,personal_medical_history,,text,Please specify other hormone/endocrine condition.,,,,,[endocrine_endocrineconditions(EndocrineConditions_OtherHormoneEndocrine)] = '1',,,REGISTERED_QUESTION_SUPPRESSED,,REGISTERED_QUESTION_SUPPRESSED,CONTROLLED_QUESTION_SUPPRESSED
Personal Medical History,,endocrine_otherhormone_endocrineconditioncurrently,personal_medical_history,,radio,Are you still seeing a doctor or health care provider for other hormone/endocrine condition?,"OtherHormoneEndocrineConditionCurrently_Yes, Yes | OtherHormoneEndocrineConditionCurrently_No, No",,,,[endocrine_endocrineconditions(EndocrineConditions_OtherHormoneEndocrine)] = '1',,,"OtherHormoneEndocrineConditionCurrently_Yes=OtherHormone/EndocrineConditionCurrently_Yes,
OtherHormoneEndocrineConditionCurrently_No=OtherHormone/EndocrineConditionCurrently_No,
endocrine_otherhormone_endocrineconditioncurrently=Endocrine_OtherHormone/EndocrineConditionCurrently",,,
Personal Medical History,,endocrine_howoldwereyouotherhormoneedocrinecondition,personal_medical_history,,radio,About how old were you when you were first told you had other hormone/endocrine condition,"HowOldWereYouOtherHormoneEndocrineCondition_Child, Child (0-11) | HowOldWereYouOtherHormoneEndocrineCondition_Adolescent, Adolescent (12-17) | HowOldWereYouOtherHormoneEndocrineCondition_Adult, Adult (18-64) | HowOldWereYouOtherHormoneEndocrineCondition_OlderAdult, Older adult (65-74) | HowOldWereYouOtherHormoneEndocrineCondition_Elderly, Elderly (75+)",,,,[endocrine_endocrineconditions(EndocrineConditions_OtherHormoneEndocrine)] = '1',,,"endocrine_howoldwereyouotherhormoneedocrinecondition=Endocrine_HowOldWereYouOtherHormone/EndocrineCondi,
HowOldWereYouOtherHormoneEndocrineCondition_Adolescent=HowOldHormoneEndocrine_Adolescent,
HowOldWereYouOtherHormoneEndocrineCondition_Adult=HowOldHormoneEndocrine_Adult,
HowOldWereYouOtherHormoneEndocrineCondition_Child=HowOldWereYouOtherHormone/EndocrineCondition_Child,
HowOldWereYouOtherHormoneEndocrineCondition_Elderly=HowOldHormoneEndocrine_Elderly,
HowOldWereYouOtherHormoneEndocrineCondition_OlderAdult=HowOldHormoneEndocrine_OlderAdult",,,
Personal Medical History,,endocrine_rxmedsforotherhormone_endocrinecondition,personal_medical_history,,radio,Are you currently prescribed medications and/or receiving treatment for other hormone/endocrine condition?,"RxMedsforOtherHormoneEndocrineCondition_Yes, Yes | RxMedsforOtherHormoneEndocrineCondition_No, No",,,,[endocrine_endocrineconditions(EndocrineConditions_OtherHormoneEndocrine)] = '1',,,"rxmedsforotherhormone_endocrinecondition_no=EndocrineCondition_RxMeds,
RxMedsforOtherHormoneEndocrineCondition_No=RxMedsforOtherHormone/EndocrineCondition_No,
RxMedsforOtherHormoneEndocrineCondition_Yes=RxMedsforOtherHormone/EndocrineCondition_Yes",,,
Personal Medical History,,kidney_kidneyconditions,personal_medical_history,Kidney Conditions,checkbox,Has a doctor or health care provider ever told you that you have...? Select all that apply.,"KidneyConditions_AcuteKidneyNoDialysis, Acute kidney disease with no current dialysis | KidneyConditions_KidneyWithDialysis, Kidney disease with dialysis | KidneyConditions_KidneyWithoutDialysis, Kidney disease without dialysis | KidneyConditions_KidneyStones, Kidney stones | KidneyConditions_OtherKidneyCondition, Other kidney condition | KidneyConditions_NoKidneyCondition, I have/have had no kidney condition",,,,,,,@NONEOFTHEABOVE=KidneyConditions_NoKidneyCondition,,,
Personal Medical History,,kidney_acutekidneynodialysiscurrently,personal_medical_history,,radio,Are you still seeing a doctor or health care provider for acute kidney disease (no current dialysis)?,"AcuteKidneyNoDialysisCurrently_Yes, Yes | AcuteKidneyNoDialysisCurrently_No, No",,,,[kidney_kidneyconditions(KidneyConditions_AcuteKidneyNoDialysis)] = '1',,,,,,
Personal Medical History,,kidney_howoldwereyouacutekidneynodialysis,personal_medical_history,,radio,About how old were you when you were first told you had acute kidney disease (no current dialysis)?,"HowOldWereYouAcuteKidneyNoDialysis_Child, Child (0-11) | HowOldWereYouAcuteKidneyNoDialysis_Adolescent, Adolescent (12-17) | HowOldWereYouAcuteKidneyNoDialysis_Adult, Adult (18-64) | HowOldWereYouAcuteKidneyNoDialysis_OlderAdult, Older adult (65-74) | HowOldWereYouAcuteKidneyNoDialysis_Elderly, Elderly (75+)",,,,[kidney_kidneyconditions(KidneyConditions_AcuteKidneyNoDialysis)] = '1',,,,,,
Personal Medical History,,kidney_rxmedsforacutekidneynodialysis,personal_medical_history,,radio,Are you currently prescribed medications and/or receiving treatment for acute kidney disease (no current dialysis)?,"RxMedsforAcuteKidneyNoDialysis_Yes, Yes | RxMedsforAcuteKidneyNoDialysis_No, No",,,,[kidney_kidneyconditions(KidneyConditions_AcuteKidneyNoDialysis)] = '1',,,,,,
Personal Medical History,,kidney_kidneywithdialysiscurrently,personal_medical_history,,radio,Are you still seeing a doctor or health care provider for kidney disease (with dialysis)?,"KidneyWithDialysisCurrently_Yes, Yes | KidneyWithDialysisCurrently_No, No",,,,[kidney_kidneyconditions(KidneyConditions_KidneyWithDialysis)] = '1',,,,,,
Personal Medical History,,kidney_howoldwereyoukidneywithdialysis,personal_medical_history,,radio,About how old were you when you were first told you had kidney disease (with dialysis)?,"HowOldWereYouKidneyWithDialysis_Child, Child (0-11) | HowOldWereYouKidneyWithDialysis_Adolescent, Adolescent (12-17) | HowOldWereYouKidneyWithDialysis_Adult, Adult (18-64) | HowOldWereYouKidneyWithDialysis_OlderAdult, Older adult (65-74) | HowOldWereYouKidneyWithDialysis_Elderly, Elderly (75+)",,,,[kidney_kidneyconditions(KidneyConditions_KidneyWithDialysis)] = '1',,,,,,
Personal Medical History,,kidney_rxmedsforkidneywithdialysis,personal_medical_history,,radio,Are you currently prescribed medications and/or receiving treatment for kidney disease (with dialysis)?,"RxMedsforKidneyWithDialysis_Yes, Yes | RxMedsforKidneyWithDialysis_No, No",,,,[kidney_kidneyconditions(KidneyConditions_KidneyWithDialysis)] = '1',,,,,,
Personal Medical History,,kidney_kidneywithoutdialysiscurrently,personal_medical_history,,radio,Are you still seeing a doctor or health care provider for kidney disease (without dialysis)?,"KidneyWithoutDialysisCurrently_Yes, Yes | KidneyWithoutDialysisCurrently_No, No",,,,[kidney_kidneyconditions(KidneyConditions_KidneyWithoutDialysis)] = '1',,,,,,
Personal Medical History,,kidney_howoldwereyoukidneywithoutdialysis,personal_medical_history,,radio,About how old were you when you were first told you had kidney disease (without dialysis)?,"HowOldWereYouKidneyWithoutDialysis_Child, Child (0-11) | HowOldWereYouKidneyWithoutDialysis_Adolescent, Adolescent (12-17) | HowOldWereYouKidneyWithoutDialysis_Adult, Adult (18-64) | HowOldWereYouKidneyWithoutDialysis_OlderAdult, Older adult (65-74) | HowOldWereYouKidneyWithoutDialysis_Elderly, Elderly (75+)",,,,[kidney_kidneyconditions(KidneyConditions_KidneyWithoutDialysis)] = '1',,,,,,
Personal Medical History,,kidney_rxmedsforkidneywithoutdialysis,personal_medical_history,,radio,Are you currently prescribed medications and/or receiving treatment for kidney disease (without dialysis)?,"RxMedsforKidneyWithoutDialysis_Yes, Yes | RxMedsforKidneyWithoutDialysis_No, No",,,,[kidney_kidneyconditions(KidneyConditions_KidneyWithoutDialysis)] = '1',,,,,,
Personal Medical History,,kidney_kidneystonescurrently,personal_medical_history,,radio,Are you still seeing a doctor or health care provider for kidney stones?,"KidneyStonesCurrently_Yes, Yes | KidneyStonesCurrently_No, No",,,,[kidney_kidneyconditions(KidneyConditions_KidneyStones)] = '1',,,,,,
Personal Medical History,,kidney_howoldwereyoukidneystones,personal_medical_history,,radio,About how old were you when you were first told you had kidney stones?,"HowOldWereYouKidneyStones_Child, Child (0-11) | HowOldWereYouKidneyStones_Adolescent, Adolescent (12-17) | HowOldWereYouKidneyStones_Adult, Adult (18-64) | HowOldWereYouKidneyStones_OlderAdult, Older adult (65-74) | HowOldWereYouKidneyStones_Elderly, Elderly (75+)",,,,[kidney_kidneyconditions(KidneyConditions_KidneyStones)] = '1',,,,,,
Personal Medical History,,kidney_rxmedsforkidneystones,personal_medical_history,,radio,Are you currently prescribed medications and/or receiving treatment for kidney stones?,"RxMedsforKidneyStones_Yes, Yes | RxMedsforKidneyStones_No, No",,,,[kidney_kidneyconditions(KidneyConditions_KidneyStones)] = '1',,,,,,
Personal Medical History,,otherkidneycondition_freetextbox,personal_medical_history,,text,Please specify other kidney condition.,,,,,[kidney_kidneyconditions(KidneyConditions_OtherKidneyCondition)] = '1',,,REGISTERED_QUESTION_SUPPRESSED,,REGISTERED_QUESTION_SUPPRESSED,CONTROLLED_QUESTION_SUPPRESSED
Personal Medical History,,kidney_otherkidneyconditioncurrently,personal_medical_history,,radio,Are you still seeing a doctor or health care provider for other kidney condition?,"OtherKidneyConditionCurrently_Yes, Yes | OtherKidneyConditionCurrently_No, No",,,,[kidney_kidneyconditions(KidneyConditions_OtherKidneyCondition)] = '1',,,,,,
Personal Medical History,,kidney_howoldwereyouotherkidneycondition,personal_medical_history,,radio,About how old were you when you were first told you had other kidney condition?,"HowOldWereYouOtherKidneyCondition_Child, Child (0-11) | HowOldWereYouOtherKidneyCondition_Adolescent, Adolescent (12-17) | HowOldWereYouOtherKidneyCondition_Adult, Adult (18-64) | HowOldWereYouOtherKidneyCondition_OlderAdult, Older adult (65-74) | HowOldWereYouOtherKidneyCondition_Elderly, Elderly (75+)",,,,[kidney_kidneyconditions(KidneyConditions_OtherKidneyCondition)] = '1',,,,,,
Personal Medical History,,kidney_rxmedsforotherkidneycondition,personal_medical_history,,radio,Are you currently prescribed medications and/or receiving treatment for other kidney condition?,"RxMedsforOtherKidneyCondition_Yes, Yes | RxMedsforOtherKidneyCondition_No, No",,,,[kidney_kidneyconditions(KidneyConditions_OtherKidneyCondition)] = '1',,,,,,
Personal Medical History,,skeletalmuscular_skeletalmuscularconditions,personal_medical_history,"Bone, Joint, and Muscle Conditions",checkbox,Has a doctor or health care provider ever told you that you have...? Select all that apply.,"SkeletalMuscularConditions_CarpalTunnel, Carpal tunnel syndrome | SkeletalMuscularConditions_Fibromyalgia, Fibromyalgia | SkeletalMuscularConditions_FracturedBrokenBone, Fractured/broken any bones in the last 5 years | SkeletalMuscularConditions_Gout, Gout | SkeletalMuscularConditions_Osteoarthritis, Osteoarthritis | SkeletalMuscularConditions_Osteoporosis, Osteoporosis | SkeletalMuscularConditions_Pseudogout, Pseudogout | SkeletalMuscularConditions_RheumatoidArthritis, Rheumatoid arthritis | SkeletalMuscularConditions_SpineMuscleBone, Spine, muscle, or bone disorders (non-cancer) | SkeletalMuscularConditions_SystemicLupus, Systemic lupus | SkeletalMuscularConditions_OtherArthritis, Other arthritis | SkeletalMuscularConditions_OtherBoneJointMuscle, Other bone, joint, or muscle condition | SkeletalMuscularConditions_NoBoneJointMuscle, I have/have had no bone, joint, or muscle condition",,,,,,,@NONEOFTHEABOVE=SkeletalMuscularConditions_NoBoneJointMuscle,,,
Personal Medical History,,skeletalmuscular_carpaltunnelcurrently,personal_medical_history,,radio,Are you still seeing a doctor or health care provider for carpal tunnel syndrome?,"CarpalTunnelCurrently_Yes, Yes | CarpalTunnelCurrently_No, No",,,,[skeletalmuscular_skeletalmuscularconditions(SkeletalMuscularConditions_CarpalTunnel)] = '1',,,,,,
Personal Medical History,,skeletalmuscular_howoldwereyoucarpaltunnel,personal_medical_history,,radio,About how old were you when you were first told you had carpal tunnel syndrome?,"HowOldWereYouCarpalTunnel_Child, Child (0-11) | HowOldWereYouCarpalTunnel_Adolescent, Adolescent (12-17) | HowOldWereYouCarpalTunnel_Adult, Adult (18-64) | HowOldWereYouCarpalTunnel_OlderAdult, Older adult (65-74) | HowOldWereYouCarpalTunnel_Elderly, Elderly (75+)",,,,[skeletalmuscular_skeletalmuscularconditions(SkeletalMuscularConditions_CarpalTunnel)] = '1',,,,,,
Personal Medical History,,skeletalmuscular_rxmedsforcarpaltunnel,personal_medical_history,,radio,Are you currently prescribed medications and/or receiving treatment for carpal tunnel syndrome?,"RxMedsforCarpalTunnel_Yes, Yes | RxMedsforCarpalTunnel_No, No",,,,[skeletalmuscular_skeletalmuscularconditions(SkeletalMuscularConditions_CarpalTunnel)] = '1',,,,,,
Personal Medical History,,skeletalmuscular_fibromyalgiacurrently,personal_medical_history,,radio,Are you still seeing a doctor or health care provider for fibromyalgia?,"FibromyalgiaCurrently_Yes, Yes | FibromyalgiaCurrently_No, No",,,,[skeletalmuscular_skeletalmuscularconditions(SkeletalMuscularConditions_Fibromyalgia)] = '1',,,,,,
Personal Medical History,,skeletalmuscular_howoldwereyoufibromyalgia,personal_medical_history,,radio,About how old were you when you were first told you had fibromyalgia?,"HowOldWereYouFibromyalgia_Child, Child (0-11) | HowOldWereYouFibromyalgia_Adolescent, Adolescent (12-17) | HowOldWereYouFibromyalgia_Adult, Adult (18-64) | HowOldWereYouFibromyalgia_OlderAdult, Older adult (65-74) | HowOldWereYouFibromyalgia_Elderly, Elderly (75+)",,,,[skeletalmuscular_skeletalmuscularconditions(SkeletalMuscularConditions_Fibromyalgia)] = '1',,,,,,
Personal Medical History,,skeletalmuscular_rxmedsforfibromyalgia,personal_medical_history,,radio,Are you currently prescribed medications and/or receiving treatment for fibromyalgia?,"RxMedsforFibromyalgia_Yes, Yes | RxMedsforFibromyalgia_No, No",,,,[skeletalmuscular_skeletalmuscularconditions(SkeletalMuscularConditions_Fibromyalgia)] = '1',,,,,,
Personal Medical History,,skeletalmuscular_fracturedbrokenbonecurrently,personal_medical_history,,radio,Are you still seeing a doctor or health care provider for fractured/broken bones in the last five years?,"FracturedBrokenBoneCurrently_Yes, Yes | FracturedBrokenBoneCurrently_No, No",,,,[skeletalmuscular_skeletalmuscularconditions(SkeletalMuscularConditions_FracturedBrokenBone)] = '1',,,,,,
Personal Medical History,,skeletalmuscular_howoldwereyoufracturedbrokenbone,personal_medical_history,,radio,About how old were you when you were first told you had fractured/broken bones in the last five years?,"HowOldWereYouFracturedBrokenBone_Child, Child (0-11) | HowOldWereYouFracturedBrokenBone_Adolescent, Adolescent (12-17) | HowOldWereYouFracturedBrokenBone_Adult, Adult (18-64) | HowOldWereYouFracturedBrokenBone_OlderAdult, Older adult (65-74) | HowOldWereYouFracturedBrokenBone_Elderly, Elderly (75+)",,,,[skeletalmuscular_skeletalmuscularconditions(SkeletalMuscularConditions_FracturedBrokenBone)] = '1',,,,,,
Personal Medical History,,skeletalmuscular_rxmedsforfracturedbrokenbone,personal_medical_history,,radio,Are you currently prescribed medications and/or receiving treatment for fractured/broken bones in the last five years?,"RxMedsforFracturedBrokenBone_Yes, Yes | RxMedsforFracturedBrokenBone_No, No",,,,[skeletalmuscular_skeletalmuscularconditions(SkeletalMuscularConditions_FracturedBrokenBone)] = '1',,,,,,
Personal Medical History,,skeletalmuscular_goutcurrently,personal_medical_history,,radio,Are you still seeing a doctor or health care provider for gout?,"GoutCurrently_Yes, Yes | GoutCurrently_No, No",,,,[skeletalmuscular_skeletalmuscularconditions(SkeletalMuscularConditions_Gout)] = '1',,,,,,
Personal Medical History,,skeletalmuscular_howoldwereyougout,personal_medical_history,,radio,About how old were you when you were first told you had gout?,"HowOldWereYouGout_Child, Child (0-11) | HowOldWereYouGout_Adolescent, Adolescent (12-17) | HowOldWereYouGout_Adult, Adult (18-64) | HowOldWereYouGout_OlderAdult, Older adult (65-74) | HowOldWereYouGout_Elderly, Elderly (75+)",,,,[skeletalmuscular_skeletalmuscularconditions(SkeletalMuscularConditions_Gout)] = '1',,,,,,
Personal Medical History,,skeletalmuscular_rxmedsforgout,personal_medical_history,,radio,Are you currently prescribed medications and/or receiving treatment for gout?,"RxMedsforGout_Yes, Yes | RxMedsforGout_No, No",,,,[skeletalmuscular_skeletalmuscularconditions(SkeletalMuscularConditions_Gout)] = '1',,,,,,
Personal Medical History,,skeletalmuscular_osteoarthritiscurrently,personal_medical_history,,radio,Are you still seeing a doctor or health care provider for osteoarthritis?,"OsteoarthritisCurrently_Yes, Yes | OsteoarthritisCurrently_No, No",,,,[skeletalmuscular_skeletalmuscularconditions(SkeletalMuscularConditions_Osteoarthritis)] = '1',,,,,,
Personal Medical History,,skeletalmuscular_howoldwereyouosteoarthritis,personal_medical_history,,radio,About how old were you when you were first told you had osteoarthritis?,"HowOldWereYouOsteoarthritis_Child, Child (0-11) | HowOldWereYouOsteoarthritis_Adolescent, Adolescent (12-17) | HowOldWereYouOsteoarthritis_Adult, Adult (18-64) | HowOldWereYouOsteoarthritis_OlderAdult, Older adult (65-74) | HowOldWereYouOsteoarthritis_Elderly, Elderly (75+)",,,,[skeletalmuscular_skeletalmuscularconditions(SkeletalMuscularConditions_Osteoarthritis)] = '1',,,,,,
Personal Medical History,,skeletalmuscular_rxmedsforosteoarthritis,personal_medical_history,,radio,Are you currently prescribed medications and/or receiving treatment for osteoarthritis?,"RxMedsforOsteoarthritis_Yes, Yes | RxMedsforOsteoarthritis_No, No",,,,[skeletalmuscular_skeletalmuscularconditions(SkeletalMuscularConditions_Osteoarthritis)] = '1',,,,,,
Personal Medical History,,skeletalmuscular_osteoporosiscurrently,personal_medical_history,,radio,Are you still seeing a doctor or health care provider for osteoporosis?,"OsteoporosisCurrently_Yes, Yes | OsteoporosisCurrently_No, No",,,,[skeletalmuscular_skeletalmuscularconditions(SkeletalMuscularConditions_Osteoporosis)] = '1',,,,,,
Personal Medical History,,skeletalmuscular_howoldwereyouosteoporosis,personal_medical_history,,radio,About how old were you when you were first told you had osteoporosis?,"HowOldWereYouOsteoporosis_Child, Child (0-11) | HowOldWereYouOsteoporosis_Adolescent, Adolescent (12-17) | HowOldWereYouOsteoporosis_Adult, Adult (18-64) | HowOldWereYouOsteoporosis_OlderAdult, Older adult (65-74) | HowOldWereYouOsteoporosis_Elderly, Elderly (75+)",,,,[skeletalmuscular_skeletalmuscularconditions(SkeletalMuscularConditions_Osteoporosis)] = '1',,,,,,
Personal Medical History,,skeletalmuscular_rxmedsforosteoporosis,personal_medical_history,,radio,Are you currently prescribed medications and/or receiving treatment for osteoporosis?,"RxMedsforOsteoporosis_Yes, Yes | RxMedsforOsteoporosis_No, No",,,,[skeletalmuscular_skeletalmuscularconditions(SkeletalMuscularConditions_Osteoporosis)] = '1',,,,,,
Personal Medical History,,skeletalmuscular_pseudogoutcurrently,personal_medical_history,,radio,Are you still seeing a doctor or health care provider for pseudogout?,"PseudogoutCurrently_Yes, Yes | PseudogoutCurrently_No, No",,,,[skeletalmuscular_skeletalmuscularconditions(SkeletalMuscularConditions_Pseudogout)] = '1',,,,,,
Personal Medical History,,skeletalmuscular_howoldwereyoupseudogout,personal_medical_history,,radio,About how old were you when you were first told you had pseudogout?,"HowOldWereYouPseudogout_Child, Child (0-11) | HowOldWereYouPseudogout_Adolescent, Adolescent (12-17) | HowOldWereYouPseudogout_Adult, Adult (18-64) | HowOldWereYouPseudogout_OlderAdult, Older adult (65-74) | HowOldWereYouPseudogout_Elderly, Elderly (75+)",,,,[skeletalmuscular_skeletalmuscularconditions(SkeletalMuscularConditions_Pseudogout)] = '1',,,,,,
Personal Medical History,,skeletalmuscular_rxmedsforpseudogout,personal_medical_history,,radio,Are you currently prescribed medications and/or receiving treatment for pseudogout?,"RxMedsforPseudogout_Yes, Yes | RxMedsforPseudogout_No, No",,,,[skeletalmuscular_skeletalmuscularconditions(SkeletalMuscularConditions_Pseudogout)] = '1',,,,,,
Personal Medical History,,skeletalmuscular_rheumatoidarthritiscurrently,personal_medical_history,,radio,Are you still seeing a doctor or health care provider for rheumatoid arthritis?,"RheumatoidArthritisCurrently_Yes, Yes | RheumatoidArthritistCurrently_No, No",,,,[skeletalmuscular_skeletalmuscularconditions(SkeletalMuscularConditions_RheumatoidArthritis)] = '1',,,,,,
Personal Medical History,,skeletalmuscular_howoldwereyourheumatoidarthritis,personal_medical_history,,radio,About how old were you when you were first told you had rheumatoid arthritis?,"HowOldWereYouRheumatoidArthritis_Child, Child (0-11) | HowOldWereYouRheumatoidArthritis_Adolescent, Adolescent (12-17) | HowOldWereYouRheumatoidArthritis_Adult, Adult (18-64) | HowOldWereYouRheumatoidArthritis_OlderAdult, Older adult (65-74) | HowOldWereYouRheumatoidArthritis_Elderly, Elderly (75+)",,,,[skeletalmuscular_skeletalmuscularconditions(SkeletalMuscularConditions_RheumatoidArthritis)] = '1',,,,,,
Personal Medical History,,skeletalmuscular_rxmedsforrheumatoidarthritis,personal_medical_history,,radio,Are you currently prescribed medications and/or receiving treatment for rheumatoid arthritis?,"RxMedsforRheumatoidArthritis_Yes, Yes | RxMedsforRheumatoidArthritis_No, No",,,,[skeletalmuscular_skeletalmuscularconditions(SkeletalMuscularConditions_RheumatoidArthritis)] = '1',,,,,,
Personal Medical History,,skeletalmuscular_spinemusclebonecurrently,personal_medical_history,,radio,"Are you still seeing a doctor or health care provider for spine, muscle, or bone disorders (non-cancer)?","SpineMuscleBoneCurrently_Yes, Yes | SpineMuscleBoneCurrently_No, No",,,,[skeletalmuscular_skeletalmuscularconditions(SkeletalMuscularConditions_SpineMuscleBone)] = '1',,,,,,
Personal Medical History,,skeletalmuscular_howoldwereyouspinemusclebone,personal_medical_history,,radio,"About how old were you when you were first told you had spine, muscle, or bone disorders (non-cancer)?","HowOldWereYouSpineMuscleBone_Child, Child (0-11) | HowOldWereYouSpineMuscleBone_Adolescent, Adolescent (12-17) | HowOldWereYouSpineMuscleBone_Adult, Adult (18-64) | HowOldWereYouSpineMuscleBone_OlderAdult, Older adult (65-74) | HowOldWereYouSpineMuscleBone_Elderly, Elderly (75+)",,,,[skeletalmuscular_skeletalmuscularconditions(SkeletalMuscularConditions_SpineMuscleBone)] = '1',,,,,,
Personal Medical History,,skeletalmuscular_rxmedsforspinemusclebone,personal_medical_history,,radio,"Are you currently prescribed medications and/or receiving treatment for spine, muscle, or bone disorders (non-cancer)?","RxMedsforSpineMuscleBone_Yes, Yes | RxMedsforSpineMuscleBone_No, No",,,,[skeletalmuscular_skeletalmuscularconditions(SkeletalMuscularConditions_SpineMuscleBone)] = '1',,,,,,
Personal Medical History,,skeletalmuscular_lupuscurrently,personal_medical_history,,radio,Are you still seeing a doctor or health care provider for systemic lupus?,"LupusCurrently_Yes, Yes | LupusCurrently_No, No",,,,[skeletalmuscular_skeletalmuscularconditions(SkeletalMuscularConditions_SystemicLupus)] = '1',,,,,,
Personal Medical History,,skeletalmuscular_howoldwereyoulupus,personal_medical_history,,radio,About how old were you when you were first told you had systemic lupus?,"HowOldWereYouLupus_Child, Child (0-11) | HowOldWereYouLupus_Adolescent, Adolescent (12-17) | HowOldWereYouLupus_Adult, Adult (18-64) | HowOldWereYouLupus_OlderAdult, Older adult (65-74) | HowOldWereYouLupus_Elderly, Elderly (75+)",,,,[skeletalmuscular_skeletalmuscularconditions(SkeletalMuscularConditions_SystemicLupus)] = '1',,,,,,
Personal Medical History,,skeletalmuscular_rxmedsforlupus,personal_medical_history,,radio,Are you currently prescribed medications and/or receiving treatment for systemic lupus?,"RxMedsforLupus_Yes, Yes | RxMedsforLupus_No, No",,,,[skeletalmuscular_skeletalmuscularconditions(SkeletalMuscularConditions_SystemicLupus)] = '1',,,,,,
Personal Medical History,,otherarthritis_freetextbox,personal_medical_history,,text,Please specify.,,,,,[skeletalmuscular_skeletalmuscularconditions(SkeletalMuscularConditions_OtherArthritis)] = '1',,,REGISTERED_QUESTION_SUPPRESSED,,REGISTERED_QUESTION_SUPPRESSED,CONTROLLED_QUESTION_SUPPRESSED
Personal Medical History,,skeletalmuscular_otherarthritiscurrently,personal_medical_history,,radio,Are you still seeing a doctor or health care provider for other arthritis?,"OtherArthritisCurrently_Yes, Yes | OtherArthritisCurrently_No, No",,,,[skeletalmuscular_skeletalmuscularconditions(SkeletalMuscularConditions_OtherArthritis)] = '1',,,,,,
Personal Medical History,,skeletalmuscular_howoldwereyouotherarthritis,personal_medical_history,,radio,About how old were you when you were first told you had other arthritis?,"HowOldWereYouOtherArthritis_Child, Child (0-11) | HowOldWereYouOtherArthritis_Adolescent, Adolescent (12-17) | HowOldWereYouOtherArthritis_Adult, Adult (18-64) | HowOldWereYouOtherArthritis_OlderAdult, Older adult (65-74) | HowOldWereYouOtherArthritis_Elderly, Elderly (75+)",,,,[skeletalmuscular_skeletalmuscularconditions(SkeletalMuscularConditions_OtherArthritis)] = '1',,,,,,
Personal Medical History,,skeletalmuscular_rxmedsforotherarthritis,personal_medical_history,,radio,Are you currently prescribed medications and/or receiving treatment for other arthritis?,"RxMedsforOtherArthritis_Yes, Yes | RxMedsforOtherArthritis_No, No",,,,[skeletalmuscular_skeletalmuscularconditions(SkeletalMuscularConditions_OtherArthritis)] = '1',,,,,,
Personal Medical History,,otherbonejointmuscle_freetextbox,personal_medical_history,,text,"Please specify other bone, joint, or muscle condition.",,,,,[skeletalmuscular_skeletalmuscularconditions(SkeletalMuscularConditions_OtherBoneJointMuscle)] = '1',,,REGISTERED_QUESTION_SUPPRESSED,,REGISTERED_QUESTION_SUPPRESSED,CONTROLLED_QUESTION_SUPPRESSED
Personal Medical History,,skeletalmuscular_otherbonejointmuscleconditioncurrently,personal_medical_history,,radio,"Are you still seeing a doctor or health care provider for other bone, joint, or muscle condition?","OtherBoneJointMuscleConditionCurrently_Yes, Yes | OtherBoneJointMuscleConditionCurrently_No, No",,,,[skeletalmuscular_skeletalmuscularconditions(SkeletalMuscularConditions_OtherBoneJointMuscle)] = '1',,,skeletalmuscular_otherbonejointmuscleconditioncurrently=SkeletalMuscular_OtherConditionCurrently,,,
Personal Medical History,,skeletalmuscular_howoldwereyouotherbonejointmusclecondition,personal_medical_history,,radio,"About how old were you when you were first told you had other bone, joint, or muscle condition?","HowOldWereYouOtherBoneJointMuscleCondition_Child, Child (0-11) | HowOldWereYouOtherBoneJointMuscleCondition_Adolescent, Adolescent (12-17) | HowOldWereYouOtherBoneJointMuscleCondition_Adult, Adult (18-64) | HowOldWereYouOtherBoneJointMuscleCondition_OlderAdult, Older adult (65-74) | HowOldWereYouOtherBoneJointMuscleCondition_Elderly, Elderly (75+)",,,,[skeletalmuscular_skeletalmuscularconditions(SkeletalMuscularConditions_OtherBoneJointMuscle)] = '1',,,"skeletalmuscular_howoldwereyouotherbonejointmusclecondition=SkeletalMuscle_HowOldOtherCondition,
HowOldWereYouOtherBoneJointMuscleCondition_Adolescent=SkeletalMuscle_OtherConditionAdolescent,
HowOldWereYouOtherBoneJointMuscleCondition_Elderly=SkeletalMuscle_OtherConditionElderly,
HowOldWereYouOtherBoneJointMuscleCondition_OlderAdult=SkeletalMuscle_OtherConditionOlderAdult",,,
Personal Medical History,,skeletalmuscular_rxmedsforotherbonejointmusclecondition,personal_medical_history,,radio,"Are you currently prescribed medications and/or receiving treatment for other bone, joint, or muscle condition?","RxMedsforOtherBoneJointMuscleCondition_Yes, Yes | RxMedsforOtherBoneJointMuscleCondition_No, No",,,,[skeletalmuscular_skeletalmuscularconditions(SkeletalMuscularConditions_OtherBoneJointMuscle)] = '1',,,skeletalmuscular_rxmedsforotherbonejointmusclecondition=SkeletalMuscular_RxMedsforOtherBoneJointMuscleCond,,,
Personal Medical History,,hearingvision_hearingvisionconditions,personal_medical_history,Hearing and Eye Conditions,checkbox,Has a doctor or health care provider ever told you that you have any of the following hearing or vision problems? Select all that apply.,"HearingVisionConditions_Blindness, Blindness, all causes | HearingVisionConditions_Cataracts, Cataracts | HearingVisionConditions_DryEyes, Dry eyes | HearingVisionConditions_FarSightedness, Farsighted | HearingVisionConditions_NearSightedness, Nearsighted | HearingVisionConditions_Astigmatism, Astigmatism | HearingVisionConditions_Glaucoma, Glaucoma | HearingVisionConditions_MacularDegeneration, Macular degeneration | HearingVisionConditions_Tinnitus, Tinnitus | HearingVisionConditions_HearingLoss, Severe hearing loss or partial deafness in one or both ears | HearingVisionConditions_OtherHearingEye, Other hearing or eye condition | HearingVisionConditions_NoHearingEye, I have/have had no hearing or eye condition",,,,,,,@NONEOFTHEABOVE=HearingVisionConditions_NoHearingEye,,,
Personal Medical History,,hearingvision_blindnesscurrently,personal_medical_history,,radio,"Are you still seeing a doctor or health care provider for blindness, all causes?","BlindnessCurrently_Yes, Yes | BlindnessCurrently_No, No",,,,[hearingvision_hearingvisionconditions(HearingVisionConditions_Blindness)] = '1',,,,,,
Personal Medical History,,hearingvision_howoldwereyoublindness,personal_medical_history,,radio,"About how old were you when you were first told you had blindness, all causes?","HowOldWereYouBlindness_Child, Child (0-11) | HowOldWereYouBlindness_Adolescent, Adolescent (12-17) | HowOldWereYouBlindness_Adult, Adult (18-64) | HowOldWereYouBlindness_OlderAdult, Older adult (65-74) | HowOldWereYouBlindness_Elderly, Elderly (75+)",,,,[hearingvision_hearingvisionconditions(HearingVisionConditions_Blindness)] = '1',,,,,,
Personal Medical History,,hearingvision_rxmedsforblindness,personal_medical_history,,radio,"Are you currently prescribed medications and/or receiving treatment for blindness, all causes?","RxMedsforBlindness_Yes, Yes | RxMedsforBlindness_No, No",,,,[hearingvision_hearingvisionconditions(HearingVisionConditions_Blindness)] = '1',,,,,,
Personal Medical History,,hearingvision_cataractscurrently,personal_medical_history,,radio,Are you still seeing a doctor or health care provider for cataracts?,"CataractsCurrently_Yes, Yes | CataractsCurrently_No, No",,,,[hearingvision_hearingvisionconditions(HearingVisionConditions_Cataracts)] = '1',,,,,,
Personal Medical History,,hearingvision_howoldwereyoucataracts,personal_medical_history,,radio,About how old were you when you were first told you had cataracts?,"HowOldWereYouCataracts_Child, Child (0-11) | HowOldWereYouCataracts_Adolescent, Adolescent (12-17) | HowOldWereYouCataracts_Adult, Adult (18-64) | HowOldWereYouCataracts_OlderAdult, Older adult (65-74) | HowOldWereYouCataracts_Elderly, Elderly (75+)",,,,[hearingvision_hearingvisionconditions(HearingVisionConditions_Cataracts)] = '1',,,,,,
Personal Medical History,,hearingvision_rxmedsforcataracts,personal_medical_history,,radio,Are you currently prescribed medications and/or receiving treatment for cataracts?,"RxMedsforCataracts_Yes, Yes | RxMedsforCataracts_No, No",,,,[hearingvision_hearingvisionconditions(HearingVisionConditions_Cataracts)] = '1',,,,,,
Personal Medical History,,hearingvision_dryeyescurrently,personal_medical_history,,radio,Are you still seeing a doctor or health care provider for dry eyes?,"DryEyesCurrently_Yes, Yes | DryEyesCurrently_No, No",,,,[hearingvision_hearingvisionconditions(HearingVisionConditions_DryEyes)] = '1',,,,,,
Personal Medical History,,hearingvision_howoldwereyoudryeyes,personal_medical_history,,radio,About how old were you when you were first told you had dry eyes?,"HowOldWereYouDryEyes_Child, Child (0-11) | HowOldWereYouDryEyes_Adolescent, Adolescent (12-17) | HowOldWereYouDryEyes_Adult, Adult (18-64) | HowOldWereYouDryEyes_OlderAdult, Older adult (65-74) | HowOldWereYouDryEyes_Elderly, Elderly (75+)",,,,[hearingvision_hearingvisionconditions(HearingVisionConditions_DryEyes)] = '1',,,,,,
Personal Medical History,,hearingvision_rxmedsfordryeyes,personal_medical_history,,radio,Are you currently prescribed medications and/or receiving treatment for dry eyes?,"RxMedsforDryEyes_Yes, Yes | RxMedsforDryEyes_No, No",,,,[hearingvision_hearingvisionconditions(HearingVisionConditions_DryEyes)] = '1',,,,,,
Personal Medical History,,hearingvision_farsightednesscurrently,personal_medical_history,,radio,Are you still seeing a doctor or health care provider for farsightedness?,"FarSightednessCurrently_Yes, Yes | FarSightednessCurrently_No, No",,,,[hearingvision_hearingvisionconditions(HearingVisionConditions_FarSightedness)] = '1',,,,,,
Personal Medical History,,hearingvision_howoldwereyoufarsightedness,personal_medical_history,,radio,About how old were you when you were first told you had farsightedness?,"HowOldWereYouFarSightedness_Child, Child (0-11) | HowOldWereYouFarSightedness_Adolescent, Adolescent (12-17) | HowOldWereYouFarSightedness_Adult, Adult (18-64) | HowOldWereYouFarSightedness_OlderAdult, Older adult (65-74) | HowOldWereYouFarSightedness_Elderly, Elderly (75+)",,,,[hearingvision_hearingvisionconditions(HearingVisionConditions_FarSightedness)] = '1',,,,,,
Personal Medical History,,hearingvision_rxmedsforfarsightedness,personal_medical_history,,radio,Are you currently prescribed medications and/or receiving treatment for farsightedness?,"RxMedsforFarSightedness_Yes, Yes | RxMedsforFarSightedness_No, No",,,,[hearingvision_hearingvisionconditions(HearingVisionConditions_FarSightedness)] = '1',,,,,,
Personal Medical History,,hearingvision_nearsightednesscurrently,personal_medical_history,,radio,Are you still seeing a doctor or health care provider for nearsightedness?,"NearSightednessCurrently_Yes, Yes | NearSightednessCurrently_No, No",,,,[hearingvision_hearingvisionconditions(HearingVisionConditions_NearSightedness)] = '1',,,,,,
Personal Medical History,,hearingvision_howoldwereyounearsightedness,personal_medical_history,,radio,About how old were you when you were first told you had nearsightedness?,"HowOldWereYouNearSightedness_Child, Child (0-11) | HowOldWereYouNearSightedness_Adolescent, Adolescent (12-17) | HowOldWereYouNearSightedness_Adult, Adult (18-64) | HowOldWereYouNearSightedness_OlderAdult, Older adult (65-74) | HowOldWereYouNearSightedness_Elderly, Elderly (75+)",,,,[hearingvision_hearingvisionconditions(HearingVisionConditions_NearSightedness)] = '1',,,,,,
Personal Medical History,,hearingvision_rxmedsfornearsightedness,personal_medical_history,,radio,Are you currently prescribed medications and/or receiving treatment for nearsightedness?,"RxMedsforNearSightedness_Yes, Yes | RxMedsforNearSightedness_No, No",,,,[hearingvision_hearingvisionconditions(HearingVisionConditions_NearSightedness)] = '1',,,,,,
Personal Medical History,,hearingvision_astigmatismcurrently,personal_medical_history,,radio,Are you still seeing a doctor or health care provider for astigmatism?,"AstigmatismCurrently_Yes, Yes | AstigmatismCurrently_No, No",,,,[hearingvision_hearingvisionconditions(HearingVisionConditions_Astigmatism)] = '1',,,,,,
Personal Medical History,,hearingvision_howoldwereyouastigmatism,personal_medical_history,,radio,About how old were you when you were first told you had astigmatism?,"HowOldWereYouAstigmatism_Child, Child (0-11) | HowOldWereYouAstigmatism_Adolescent, Adolescent (12-17) | HowOldWereYouAstigmatism_Adult, Adult (18-64) | HowOldWereYouAstigmatism_OlderAdult, Older adult (65-74) | HowOldWereYouAstigmatism_Elderly, Elderly (75+)",,,,[hearingvision_hearingvisionconditions(HearingVisionConditions_Astigmatism)] = '1',,,,,,
Personal Medical History,,hearingvision_rxmedsforastigmatism,personal_medical_history,,radio,Are you currently prescribed medications and/or receiving treatment for astigmatism?,"RxMedsforAstigmatism_Yes, Yes | RxMedsforAstigmatism_No, No",,,,[hearingvision_hearingvisionconditions(HearingVisionConditions_Astigmatism)] = '1',,,,,,
Personal Medical History,,hearingvision_glaucomacurrently,personal_medical_history,,radio,Are you still seeing a doctor or health care provider for glaucoma?,"GlaucomaCurrently_Yes, Yes | GlaucomaCurrently_No, No",,,,[hearingvision_hearingvisionconditions(HearingVisionConditions_Glaucoma)] = '1',,,,,,
Personal Medical History,,hearingvision_howoldwereyouglaucoma,personal_medical_history,,radio,About how old were you when you were first told you had glaucoma?,"HowOldWereYouGlaucoma_Child, Child (0-11) | HowOldWereYouGlaucoma_Adolescent, Adolescent (12-17) | HowOldWereYouGlaucoma_Adult, Adult (18-64) | HowOldWereYouGlaucoma_OlderAdult, Older adult (65-74) | HowOldWereYouGlaucoma_Elderly, Elderly (75+)",,,,[hearingvision_hearingvisionconditions(HearingVisionConditions_Glaucoma)] = '1',,,,,,
Personal Medical History,,hearingvision_rxmedsforglaucoma,personal_medical_history,,radio,Are you currently prescribed medications and/or receiving treatment for glaucoma?,"RxMedsforGlaucoma_Yes, Yes | RxMedsforGlaucoma_No, No",,,,[hearingvision_hearingvisionconditions(HearingVisionConditions_Glaucoma)] = '1',,,,,,
Personal Medical History,,hearingvision_maculardegenerationcurrently,personal_medical_history,,radio,Are you still seeing a doctor or health care provider for macular degeneration?,"MacularDegenerationCurrently_Yes, Yes | MacularDegenerationCurrently_No, No",,,,[hearingvision_hearingvisionconditions(HearingVisionConditions_MacularDegeneration)] = '1',,,,,,
Personal Medical History,,hearingvision_howoldwereyoumaculardegeneration,personal_medical_history,,radio,About how old were you when you were first told you had macular degeneration?,"HowOldWereYouMacularDegeneration_Child, Child (0-11) | HowOldWereYouMacularDegeneration_Adolescent, Adolescent (12-17) | HowOldWereYouMacularDegeneration_Adult, Adult (18-64) | HowOldWereYouMacularDegeneration_OlderAdult, Older adult (65-74) | HowOldWereYouMacularDegeneration_Elderly, Elderly (75+)",,,,[hearingvision_hearingvisionconditions(HearingVisionConditions_MacularDegeneration)] = '1',,,,,,
Personal Medical History,,hearingvision_rxmedsformaculardegeneration,personal_medical_history,,radio,Are you currently prescribed medications and/or receiving treatment for macular degeneration?,"RxMedsforMacularDegeneration_Yes, Yes | RxMedsforMacularDegeneration_No, No",,,,[hearingvision_hearingvisionconditions(HearingVisionConditions_MacularDegeneration)] = '1',,,,,,
Personal Medical History,,hearingvision_tinnituscurrently,personal_medical_history,,radio,Are you still seeing a doctor or health care provider for tinnitus?,"TinnitusCurrently_Yes, Yes | TinnitusCurrently_No, No",,,,[hearingvision_hearingvisionconditions(HearingVisionConditions_Tinnitus)] = '1',,,,,,
Personal Medical History,,hearingvision_howoldwereyoutinnitus,personal_medical_history,,radio,About how old were you when you were first told you had tinnitus?,"HowOldWereYouTinnitus_Child, Child (0-11) | HowOldWereYouTinnitus_Adolescent, Adolescent (12-17) | HowOldWereYouTinnitus_Adult, Adult (18-64) | HowOldWereYouTinnitus_OlderAdult, Older adult (65-74) | HowOldWereYouTinnitus_Elderly, Elderly (75+)",,,,[hearingvision_hearingvisionconditions(HearingVisionConditions_Tinnitus)] = '1',,,,,,
Personal Medical History,,hearingvision_rxmedsfortinnitus,personal_medical_history,,radio,Are you currently prescribed medications and/or receiving treatment for tinnitus?,"RxMedsforNearTinnitus_Yes, Yes | RxMedsforTinnitus_No, No",,,,[hearingvision_hearingvisionconditions(HearingVisionConditions_Tinnitus)] = '1',,,,,,
Personal Medical History,,hearingvision_hearinglosscurrently,personal_medical_history,,radio,Are you still seeing a doctor or health care provider for severe hearing loss or partial deafness in one or both ears?,"HearingLossCurrently_Yes, Yes | HearingLossCurrently_No, No",,,,[hearingvision_hearingvisionconditions(HearingVisionConditions_HearingLoss)] = '1',,,,,,
Personal Medical History,,hearingvision_howoldwereyouhearingloss,personal_medical_history,,radio,About how old were you when you were first told you had severe hearing loss or partial deafness in one or both ears?,"HowOldWereYouHearingLoss_Child, Child (0-11) | HowOldWereYouHearingLoss_Adolescent, Adolescent (12-17) | HowOldWereYouHearingLoss_Adult, Adult (18-64) | HowOldWereYouHearingLoss_OlderAdult, Older adult (65-74) | HowOldWereYouHearingLoss_Elderly, Elderly (75+)",,,,[hearingvision_hearingvisionconditions(HearingVisionConditions_HearingLoss)] = '1',,,,,,
Personal Medical History,,hearingvision_rxmedsforhearingloss,personal_medical_history,,radio,Are you currently prescribed medications and/or receiving treatment for severe hearing loss or partial deafness in one or both ears?,"RxMedsforNearHearingLoss_Yes, Yes | RxMedsforHearingLoss_No, No",,,,[hearingvision_hearingvisionconditions(HearingVisionConditions_HearingLoss)] = '1',,,,,,
Personal Medical History,,otherhearingeye_freetextbox,personal_medical_history,,text,Please specify other hearing or eye condition.,,,,,[hearingvision_hearingvisionconditions(HearingVisionConditions_OtherHearingEye)] = '1',,,REGISTERED_QUESTION_SUPPRESSED,,REGISTERED_QUESTION_SUPPRESSED,CONTROLLED_QUESTION_SUPPRESSED
Personal Medical History,,hearingvision_otherhearingeyeconditioncurrently,personal_medical_history,,radio,Are you still seeing a doctor or health care provider for other hearing or eye condition?,"OtherHearingEyeConditionCurrently_Yes, Yes | OtherHearingEyeConditionCurrently_No, No",,,,[hearingvision_hearingvisionconditions(HearingVisionConditions_OtherHearingEye)] = '1',,,,,,
Personal Medical History,,hearingvision_howoldwereyouotherhearingeyecondition,personal_medical_history,,radio,About how old were you when you were first told you had other hearing or eye condition?,"HowOldWereYouOtherHearingEyeCondition_Child, Child (0-11) | HowOldWereYouOtherHearingEyeCondition_Adolescent, Adolescent (12-17) | HowOldWereYouOtherHearingEyeCondition_Adult, Adult (18-64) | HowOldWereYouOtherHearingEyeCondition_OlderAdult, Older adult (65-74) | HowOldWereYouOtherHearingEyeCondition_Elderly, Elderly (75+)",,,,[hearingvision_hearingvisionconditions(HearingVisionConditions_OtherHearingEye)] = '1',,,"hearingvision_howoldwereyouotherhearingeyecondition=HearingVision_HowOldOtherCondition,
HowOldWereYouOtherHearingEyeCondition_Adolescent=HearingVision_OtherConditionAdolescent",,,
Personal Medical History,,hearingvision_rxmedsforotherhearingeyecondition,personal_medical_history,,radio,Are you currently prescribed medications and/or receiving treatment for other hearing or eye condition?,"RxMedsforNearOtherHearingEyeCondition_Yes, Yes | RxMedsforOtherHearingEyeCondition_No, No",,,,[hearingvision_hearingvisionconditions(HearingVisionConditions_OtherHearingEye)] = '1',,,,,,
Personal Medical History,,infectiousdiseases_infectiousdiseasecondition,personal_medical_history,Infectious Diseases,checkbox,Has a doctor or health care provider ever told you that you have...? Select all that apply.,"InfectiousDiseaseCondition_Chickenpox, Chickenpox | InfectiousDiseaseCondition_ChronicSinusInfection, Chronic sinus infections | InfectiousDiseaseCondition_DengueFever, Dengue fever | InfectiousDiseaseCondition_HepatitisA, Hepatitis A | InfectiousDiseaseCondition_HepatitisB, Hepatitis B | InfectiousDiseaseCondition_HepatitisC, Hepatitis C | InfectiousDiseaseCondition_HIVAIDS, HIV/AIDS | InfectiousDiseaseCondition_LymeDisease, Lyme disease | InfectiousDiseaseCondition_UrinaryTractInfection, Recurrent urinary tract infections (UTI)/bladder infections | InfectiousDiseaseCondition_YeastInfection, Recurrent yeast infections | InfectiousDiseaseCondition_SARS, Severe acute respiratory syndrome (SARS) | InfectiousDiseaseCondition_SexuallyTransmittedInfections, Sexually transmitted infections (Gonorrhea, Syphilis, Chlamydia) | InfectiousDiseaseCondition_Shingles, Shingles | InfectiousDiseaseCondition_Tuberculosis, Tuberculosis | InfectiousDiseaseCondition_WestNileVirus, West Nile virus | InfectiousDiseaseCondition_ZikaVirus, Zika virus | InfectiousDiseaseCondition_OtherInfectiousDisease, Other infectious disease | InfectiousDiseaseCondition_NoInfectiousDisease, I have/have had no infectious disease",,,,,,,@NONEOFTHEABOVE=InfectiousDiseaseCondition_NoInfectiousDisease InfectiousDiseaseCondition_SexuallyTransmittedInfections=InfectiousDiseaseConditions_SexuallyTransmitted,,,
Personal Medical History,,infectiousdiseases_chickenpoxcurrently,personal_medical_history,,radio,Are you still seeing a doctor or health care provider for chickenpox?,"ChickenpoxCurrently_Yes, Yes | ChickenpoxCurrently_No, No",,,,[infectiousdiseases_infectiousdiseasecondition(InfectiousDiseaseCondition_Chickenpox)] = '1',,,,,,
Personal Medical History,,infectiousdiseases_howoldwereyouchickenpox,personal_medical_history,,radio,About how old were you when you were first told you had chickenpox?,"HowOldWereYouChickenpox_Child, Child (0-11) | HowOldWereYouChickenpox_Adolescent, Adolescent (12-17) | HowOldWereYouChickenpox_Adult, Adult (18-64) | HowOldWereYouChickenpox_OlderAdult, Older adult (65-74) | HowOldWereYouChickenpox_Elderly, Elderly (75+)",,,,[infectiousdiseases_infectiousdiseasecondition(InfectiousDiseaseCondition_Chickenpox)] = '1',,,,,,
Personal Medical History,,infectiousdiseases_rxmedsforchickenpox,personal_medical_history,,radio,Are you currently prescribed medications and/or receiving treatment for chickenpox?,"RxMedsforChickenpox_Yes, Yes | RxMedsforChickenpox_No, No",,,,[infectiousdiseases_infectiousdiseasecondition(InfectiousDiseaseCondition_Chickenpox)] = '1',,,,,,
Personal Medical History,,infectiousdiseases_chronicsinuscurrently,personal_medical_history,,radio,Are you still seeing a doctor or health care provider for chronic sinus infections?,"ChronicSinusCurrently_Yes, Yes | ChronicSinusCurrently_No, No",,,,[infectiousdiseases_infectiousdiseasecondition(InfectiousDiseaseCondition_ChronicSinusInfection)] = '1',,,,,,
Personal Medical History,,infectiousdiseases_howoldwereyouchronicsinus,personal_medical_history,,radio,About how old were you when you were first told you had chronic sinus infections?,"HowOldWereYouChronicSinus_Child, Child (0-11) | HowOldWereYouChronicSinus_Adolescent, Adolescent (12-17) | HowOldWereYouChronicSinus_Adult, Adult (18-64) | HowOldWereYouChronicSinus_OlderAdult, Older adult (65-74) | HowOldWereYouChronicSinus_Elderly, Elderly (75+)",,,,[infectiousdiseases_infectiousdiseasecondition(InfectiousDiseaseCondition_ChronicSinusInfection)] = '1',,,,,,
Personal Medical History,,infectiousdiseases_rxmedsforchronicsinus,personal_medical_history,,radio,Are you currently prescribed medications and/or receiving treatment for chronic sinus infections?,"RxMedsforChronicSinus_Yes, Yes | RxMedsforChronicSinus_No, No",,,,[infectiousdiseases_infectiousdiseasecondition(InfectiousDiseaseCondition_ChronicSinusInfection)] = '1',,,,,,
Personal Medical History,,infectiousdiseases_denguefevercurrently,personal_medical_history,,radio,Are you still seeing a doctor or health care provider for dengue fever?,"DengueFeverCurrently_Yes, Yes | DengueFeverCurrently_No, No",,,,[infectiousdiseases_infectiousdiseasecondition(InfectiousDiseaseCondition_DengueFever)] = '1',,,,,,
Personal Medical History,,infectiousdiseases_howoldwereyoudenguefever,personal_medical_history,,radio,About how old were you when you were first told you had dengue fever?,"HowOldWereYouDengueFever_Child, Child (0-11) | HowOldWereYouDengueFever_Adolescent, Adolescent (12-17) | HowOldWereYouDengueFever_Adult, Adult (18-64) | HowOldWereYouDengueFever_OlderAdult, Older adult (65-74) | HowOldWereYouDengueFever_Elderly, Elderly (75+)",,,,[infectiousdiseases_infectiousdiseasecondition(InfectiousDiseaseCondition_DengueFever)] = '1',,,,,,
Personal Medical History,,infectiousdiseases_rxmedsfordenguefever,personal_medical_history,,radio,Are you currently prescribed medications and/or receiving treatment for dengue fever?,"RxMedsforDengueFever_Yes, Yes | RxMedsforDengueFever_No, No",,,,[infectiousdiseases_infectiousdiseasecondition(InfectiousDiseaseCondition_DengueFever)] = '1',,,,,,
Personal Medical History,,infectiousdiseases_hepatitisacurrently,personal_medical_history,,radio,Are you still seeing a doctor or health care provider for hepatitis A?,"HepatitisACurrently_Yes, Yes | HepatitisACurrently_No, No",,,,[infectiousdiseases_infectiousdiseasecondition(InfectiousDiseaseCondition_HepatitisA)] = '1',,,,,,
Personal Medical History,,infectiousdiseases_howoldwereyouhepatitisa,personal_medical_history,,radio,About how old were you when you were first told you had hepatitis A?,"HowOldWereYouHepatitisA_Child, Child (0-11) | HowOldWereYouHepatitisA_Adolescent, Adolescent (12-17) | HowOldWereYouHepatitisA_Adult, Adult (18-64) | HowOldWereYouHepatitisA_OlderAdult, Older adult (65-74) | HowOldWereYouHepatitisA_Elderly, Elderly (75+)",,,,[infectiousdiseases_infectiousdiseasecondition(InfectiousDiseaseCondition_HepatitisA)] = '1',,,,,,
Personal Medical History,,infectiousdiseases_rxmedsforhepatitisa,personal_medical_history,,radio,Are you currently prescribed medications and/or receiving treatment for hepatitis A?,"RxMedsforHepatitisA_Yes, Yes | RxMedsforHepatitisA_No, No",,,,[infectiousdiseases_infectiousdiseasecondition(InfectiousDiseaseCondition_HepatitisA)] = '1',,,,,,
Personal Medical History,,infectiousdiseases_hepatitisbcurrently,personal_medical_history,,radio,Are you still seeing a doctor or health care provider for hepatitis B?,"HepatitisBCurrently_Yes, Yes | HepatitisBCurrently_No, No",,,,[infectiousdiseases_infectiousdiseasecondition(InfectiousDiseaseCondition_HepatitisB)] = '1',,,,,,
Personal Medical History,,infectiousdiseases_howoldwereyouhepatitisb,personal_medical_history,,radio,About how old were you when you were first told you had hepatitis B?,"HowOldWereYouHepatitisB_Child, Child (0-11) | HowOldWereYouHepatitisB_Adolescent, Adolescent (12-17) | HowOldWereYouHepatitisB_Adult, Adult (18-64) | HowOldWereYouHepatitisB_OlderAdult, Older adult (65-74) | HowOldWereYouHepatitisB_Elderly, Elderly (75+)",,,,[infectiousdiseases_infectiousdiseasecondition(InfectiousDiseaseCondition_HepatitisB)] = '1',,,,,,
Personal Medical History,,infectiousdiseases_rxmedsforhepatitisb,personal_medical_history,,radio,Are you currently prescribed medications and/or receiving treatment for hepatitis B?,"RxMedsforHepatitisB_Yes, Yes | RxMedsforHepatitisB_No, No",,,,[infectiousdiseases_infectiousdiseasecondition(InfectiousDiseaseCondition_HepatitisB)] = '1',,,,,,
Personal Medical History,,infectiousdiseases_hepatitisccurrently,personal_medical_history,,radio,Are you still seeing a doctor or health care provider for hepatitis C?,"HepatitisCCurrently_Yes, Yes | HepatitisCCurrently_No, No",,,,[infectiousdiseases_infectiousdiseasecondition(InfectiousDiseaseCondition_HepatitisC)] = '1',,,,,,
Personal Medical History,,infectiousdiseases_howoldwereyouhepatitisc,personal_medical_history,,radio,About how old were you when you were first told you had hepatitis C?,"HowOldWereYouHepatitisC_Child, Child (0-11) | HowOldWereYouHepatitisC_Adolescent, Adolescent (12-17) | HowOldWereYouHepatitisC_Adult, Adult (18-64) | HowOldWereYouHepatitisC_OlderAdult, Older adult (65-74) | HowOldWereYouHepatitisC_Elderly, Elderly (75+)",,,,[infectiousdiseases_infectiousdiseasecondition(InfectiousDiseaseCondition_HepatitisC)] = '1',,,,,,
Personal Medical History,,infectiousdiseases_rxmedsforhepatitisc,personal_medical_history,,radio,Are you currently prescribed medications and/or receiving treatment for hepatitis C?,"RxMedsforHepatitisC_Yes, Yes | RxMedsforHepatitisC_No, No",,,,[infectiousdiseases_infectiousdiseasecondition(InfectiousDiseaseCondition_HepatitisC)] = '1',,,,,,
Personal Medical History,,infectiousdiseases_hivaidscurrently,personal_medical_history,,radio,Are you still seeing a doctor or health care provider for HIV/AIDS?,"HIVAIDSCurrently_Yes, Yes | HIVAIDSCurrently_No, No",,,,[infectiousdiseases_infectiousdiseasecondition(InfectiousDiseaseCondition_HIVAIDS)] = '1',,,,,,
Personal Medical History,,infectiousdiseases_howoldwereyouhivaids,personal_medical_history,,radio,About how old were you when you were first told you had HIV/AIDS?,"HowOldWereYouHIVAIDS_Child, Child (0-11) | HowOldWereYouHIVAIDS_Adolescent, Adolescent (12-17) | HowOldWereYouHIVAIDS_Adult, Adult (18-64) | HowOldWereYouHIVAIDS_OlderAdult, Older adult (65-74) | HowOldWereYouHIVAIDS_Elderly, Elderly (75+)",,,,[infectiousdiseases_infectiousdiseasecondition(InfectiousDiseaseCondition_HIVAIDS)] = '1',,,,,,
Personal Medical History,,infectiousdiseases_rxmedsforhivaids,personal_medical_history,,radio,Are you currently prescribed medications and/or receiving treatment for HIV/AIDS?,"RxMedsforHIVAIDS_Yes, Yes | RxMedsforHIVAIDS_No, No",,,,[infectiousdiseases_infectiousdiseasecondition(InfectiousDiseaseCondition_HIVAIDS)] = '1',,,,,,
Personal Medical History,,infectiousdiseases_lymediseasecurrently,personal_medical_history,,radio,Are you still seeing a doctor or health care provider for Lyme disease?,"LymeDiseaseCurrently_Yes, Yes | LymeDiseaseCurrently_No, No",,,,[infectiousdiseases_infectiousdiseasecondition(InfectiousDiseaseCondition_LymeDisease)] = '1',,,,,,
Personal Medical History,,infectiousdiseases_howoldwereyoulymedisease,personal_medical_history,,radio,About how old were you when you were first told you had Lyme disease?,"HowOldWereYouLymeDisease_Child, Child (0-11) | HowOldWereYouLymeDisease_Adolescent, Adolescent (12-17) | HowOldWereYouLymeDisease_Adult, Adult (18-64) | HowOldWereYouLymeDisease_OlderAdult, Older adult (65-74) | HowOldWereYouLymeDisease_Elderly, Elderly (75+)",,,,[infectiousdiseases_infectiousdiseasecondition(InfectiousDiseaseCondition_LymeDisease)] = '1',,,,,,
Personal Medical History,,infectiousdiseases_rxmedsforlymedisease,personal_medical_history,,radio,Are you currently prescribed medications and/or receiving treatment for Lyme disease?,"RxMedsforLymeDisease_Yes, Yes | RxMedsforLymeDisease_No, No",,,,[infectiousdiseases_infectiousdiseasecondition(InfectiousDiseaseCondition_LymeDisease)] = '1',,,,,,
Personal Medical History,,infectiousdiseases_urinarytractcurrently,personal_medical_history,,radio,Are you still seeing a doctor or health care provider for recurrent urinary tract infections (UTI)/bladder infections?,"UrinaryTractCurrently_Yes, Yes | UrinaryTractCurrently_No, No",,,,[infectiousdiseases_infectiousdiseasecondition(InfectiousDiseaseCondition_UrinaryTractInfection)] = '1',,,,,,
Personal Medical History,,infectiousdiseases_howoldwereyouurinarytract,personal_medical_history,,radio,About how old were you when you were first told you had recurrent urinary tract infections (UTI)/bladder infections?,"HowOldWereYouUrinaryTract_Child, Child (0-11) | HowOldWereYouUrinaryTract_Adolescent, Adolescent (12-17) | HowOldWereYouUrinaryTract_Adult, Adult (18-64) | HowOldWereYouUrinaryTract_OlderAdult, Older adult (65-74) | HowOldWereYouUrinaryTract_Elderly, Elderly (75+)",,,,[infectiousdiseases_infectiousdiseasecondition(InfectiousDiseaseCondition_UrinaryTractInfection)] = '1',,,,,,
Personal Medical History,,infectiousdiseases_rxmedsforurinarytract,personal_medical_history,,radio,Are you currently prescribed medications and/or receiving treatment for recurrent urinary tract infections (UTI)/bladder infections?,"RxMedsforUrinaryTract_Yes, Yes | RxMedsforUrinaryTract_No, No",,,,[infectiousdiseases_infectiousdiseasecondition(InfectiousDiseaseCondition_UrinaryTractInfection)] = '1',,,,,,
Personal Medical History,,infectiousdiseases_yeastinfectioncurrently,personal_medical_history,,radio,Are you still seeing a doctor or health care provider for recurrent yeast infections?,"YeastInfectionCurrently_Yes, Yes | YeastInfectionCurrently_No, No",,,,[infectiousdiseases_infectiousdiseasecondition(InfectiousDiseaseCondition_YeastInfection)] = '1',,,,,,
Personal Medical History,,infectiousdiseases_howoldwereyouyeastinfection,personal_medical_history,,radio,About how old were you when you were first told you had recurrent yeast infections?,"HowOldWereYouYeastInfection_Child, Child (0-11) | HowOldWereYouYeastInfection_Adolescent, Adolescent (12-17) | HowOldWereYouYeastInfection_Adult, Adult (18-64) | HowOldWereYouYeastInfection_OlderAdult, Older adult (65-74) | HowOldWereYouYeastInfection_Elderly, Elderly (75+)",,,,[infectiousdiseases_infectiousdiseasecondition(InfectiousDiseaseCondition_YeastInfection)] = '1',,,,,,
Personal Medical History,,infectiousdiseases_rxmedsforyeastinfection,personal_medical_history,,radio,Are you currently prescribed medications and/or receiving treatment for recurrent yeast infections?,"RxMedsforYeastInfection_Yes, Yes | RxMedsforYeastInfection_No, No",,,,[infectiousdiseases_infectiousdiseasecondition(InfectiousDiseaseCondition_YeastInfection)] = '1',,,,,,
Personal Medical History,,infectiousdiseases_sarscurrently,personal_medical_history,,radio,Are you still seeing a doctor or health care provider for severe acute respiratory syndrome (SARS)?,"SARSCurrently_Yes, Yes | SARSCurrently_No, No",,,,[infectiousdiseases_infectiousdiseasecondition(InfectiousDiseaseCondition_SARS)] = '1',,,,,,
Personal Medical History,,infectiousdiseases_howoldwereyousars,personal_medical_history,,radio,About how old were you when you were first told you had severe acute respiratory syndrome (SARS)?,"HowOldWereYouSARS_Child, Child (0-11) | HowOldWereYouSARS_Adolescent, Adolescent (12-17) | HowOldWereYouSARS_Adult, Adult (18-64) | HowOldWereYouSARS_OlderAdult, Older adult (65-74) | HowOldWereYouSARS_Elderly, Elderly (75+)",,,,[infectiousdiseases_infectiousdiseasecondition(InfectiousDiseaseCondition_SARS)] = '1',,,,,,
Personal Medical History,,infectiousdiseases_rxmedsforsars,personal_medical_history,,radio,Are you currently prescribed medications and/or receiving treatment for severe acute respiratory syndrome (SARS)?,"RxMedsforSARS_Yes, Yes | RxMedsforSARS_No, No",,,,[infectiousdiseases_infectiousdiseasecondition(InfectiousDiseaseCondition_SARS)] = '1',,,,,,
Personal Medical History,,infectiousdiseases_stiscurrently,personal_medical_history,,radio,"Are you still seeing a doctor or health care provider for sexually transmitted infections (Gonorrhea, Syphilis, Chlamydia)?","STIsCurrently_Yes, Yes | STIsCurrently_No, No",,,,[infectiousdiseases_infectiousdiseasecondition(InfectiousDiseaseCondition_SexuallyTransmittedInfections)] = '1',,,,,,
Personal Medical History,,infectiousdiseases_howoldwereyoustis,personal_medical_history,,radio,"About how old were you when you were first told you had sexually transmitted infections (Gonorrhea, Syphilis, Chlamydia)?","HowOldWereYouSTIs_Child, Child (0-11) | HowOldWereYouSTIs_Adolescent, Adolescent (12-17) | HowOldWereYouSTIs_Adult, Adult (18-64) | HowOldWereYouSTIs_OlderAdult, Older adult (65-74) | HowOldWereYouSTIs_Elderly, Elderly (75+)",,,,[infectiousdiseases_infectiousdiseasecondition(InfectiousDiseaseCondition_SexuallyTransmittedInfections)] = '1',,,,,,
Personal Medical History,,infectiousdiseases_rxmedsforstis,personal_medical_history,,radio,"Are you currently prescribed medications and/or receiving treatment for sexually transmitted infections (Gonorrhea, Syphilis, Chlamydia)?","RxMedsforSTIs_Yes, Yes | RxMedsforSTIs_No, No",,,,[infectiousdiseases_infectiousdiseasecondition(InfectiousDiseaseCondition_SexuallyTransmittedInfections)] = '1',,,,,,
Personal Medical History,,infectiousdiseases_shinglescurrently,personal_medical_history,,radio,Are you still seeing a doctor or health care provider for shingles?,"ShinglesCurrently_Yes, Yes | ShinglesCurrently_No, No",,,,[infectiousdiseases_infectiousdiseasecondition(InfectiousDiseaseCondition_Shingles)] = '1',,,,,,
Personal Medical History,,infectiousdiseases_howoldwereyoushingles,personal_medical_history,,radio,About how old were you when you were first told you had shingles?,"HowOldWereYouShingles_Child, Child (0-11) | HowOldWereYouShingles_Adolescent, Adolescent (12-17) | HowOldWereYouShingles_Adult, Adult (18-64) | HowOldWereYouShingles_OlderAdult, Older adult (65-74) | HowOldWereYouShingles_Elderly, Elderly (75+)",,,,[infectiousdiseases_infectiousdiseasecondition(InfectiousDiseaseCondition_Shingles)] = '1',,,,,,
Personal Medical History,,infectiousdiseases_rxmedsforshingles,personal_medical_history,,radio,Are you currently prescribed medications and/or receiving treatment for shingles?,"RxMedsforShingles_Yes, Yes | RxMedsforShingles_No, No",,,,[infectiousdiseases_infectiousdiseasecondition(InfectiousDiseaseCondition_Shingles)] = '1',,,,,,
Personal Medical History,,infectiousdiseases_tuberculosiscurrently,personal_medical_history,,radio,Are you still seeing a doctor or health care provider for tuberculosis?,"TuberculosisCurrently_Yes, Yes | TuberculosisCurrently_No, No",,,,[infectiousdiseases_infectiousdiseasecondition(InfectiousDiseaseCondition_Tuberculosis)] = '1',,,,,,
Personal Medical History,,infectiousdiseases_howoldwereyoutuberculosis,personal_medical_history,,radio,About how old were you when you were first told you had tuberculosis?,"HowOldWereYouTuberculosis_Child, Child (0-11) | HowOldWereYouTuberculosis_Adolescent, Adolescent (12-17) | HowOldWereYouTuberculosis_Adult, Adult (18-64) | HowOldWereYouTuberculosis_OlderAdult, Older adult (65-74) | HowOldWereYouTuberculosis_Elderly, Elderly (75+)",,,,[infectiousdiseases_infectiousdiseasecondition(InfectiousDiseaseCondition_Tuberculosis)] = '1',,,,,,
Personal Medical History,,infectiousdiseases_rxmedsfortuberculosis,personal_medical_history,,radio,Are you currently prescribed medications and/or receiving treatment for tuberculosis?,"RxMedsforTuberculosis_Yes, Yes | RxMedsforTuberculosis_No, No",,,,[infectiousdiseases_infectiousdiseasecondition(InfectiousDiseaseCondition_Tuberculosis)] = '1',,,,,,
Personal Medical History,,infectiousdiseases_westnileviruscurrently,personal_medical_history,,radio,Are you still seeing a doctor or health care provider for West Nile virus?,"WestNileVirusCurrently_Yes, Yes | WestNileVirusCurrently_No, No",,,,[infectiousdiseases_infectiousdiseasecondition(InfectiousDiseaseCondition_WestNileVirus)] = '1',,,,,,
Personal Medical History,,infectiousdiseases_howoldwereyouwestnilevirus,personal_medical_history,,radio,About how old were you when you were first told you had West Nile virus?,"HowOldWereYouWestNileVirus_Child, Child (0-11) | HowOldWereYouWestNileVirus_Adolescent, Adolescent (12-17) | HowOldWereYouWestNileVirus_Adult, Adult (18-64) | HowOldWereYouWestNileVirus_OlderAdult, Older adult (65-74) | HowOldWereYouWestNileVirus_Elderly, Elderly (75+)",,,,[infectiousdiseases_infectiousdiseasecondition(InfectiousDiseaseCondition_WestNileVirus)] = '1',,,,,,
Personal Medical History,,infectiousdiseases_rxmedsforwestnilevirus,personal_medical_history,,radio,Are you currently prescribed medications and/or receiving treatment for West Nile virus?,"RxMedsforWestNileVirus_Yes, Yes | RxMedsforWestNileVirus_No, No",,,,[infectiousdiseases_infectiousdiseasecondition(InfectiousDiseaseCondition_WestNileVirus)] = '1',,,,,,
Personal Medical History,,infectiousdiseases_zikaviruscurrently,personal_medical_history,,radio,Are you still seeing a doctor or health care provider for Zika virus?,"ZikaVirusCurrently_Yes, Yes | ZikaVirusCurrently_No, No",,,,[infectiousdiseases_infectiousdiseasecondition(InfectiousDiseaseCondition_ZikaVirus)] = '1',,,,,,
Personal Medical History,,infectiousdiseases_howoldwereyouzikavirus,personal_medical_history,,radio,About how old were you when you were first told you had Zika virus?,"HowOldWereYouZikaVirus_Child, Child (0-11) | HowOldWereYouZikaVirus_Adolescent, Adolescent (12-17) | HowOldWereYouZikaVirus_Adult, Adult (18-64) | HowOldWereYouZikaVirus_OlderAdult, Older adult (65-74) | HowOldWereYouZikaVirus_Elderly, Elderly (75+)",,,,[infectiousdiseases_infectiousdiseasecondition(InfectiousDiseaseCondition_ZikaVirus)] = '1',,,,,,
Personal Medical History,,infectiousdiseases_rxmedsforzikavirus,personal_medical_history,,radio,Are you currently prescribed medications and/or receiving treatment for Zika virus?,"RxMedsforZikaVirus_Yes, Yes | RxMedsforZikaVirus_No, No",,,,[infectiousdiseases_infectiousdiseasecondition(InfectiousDiseaseCondition_ZikaVirus)] = '1',,,,,,
Personal Medical History,,otherinfectiousdisease_freetextbox,personal_medical_history,,text,Please specify other infectious disease.,,,,,[infectiousdiseases_infectiousdiseasecondition(InfectiousDiseaseCondition_OtherInfectiousDisease)] = '1',,,REGISTERED_QUESTION_SUPPRESSED,,REGISTERED_QUESTION_SUPPRESSED,CONTROLLED_QUESTION_SUPPRESSED
Personal Medical History,,infectiousdiseases_otherinfectiousdiseasecurrently,personal_medical_history,,radio,Are you still seeing a doctor or health care provider for other infectious disease?,"OtherInfectiousDiseaseCurrently_Yes, Yes | OtherInfectiousDiseaseCurrently_No, No",,,,[infectiousdiseases_infectiousdiseasecondition(InfectiousDiseaseCondition_OtherInfectiousDisease)] = '1',,,,,,
Personal Medical History,,infectiousdiseases_howoldwereyouotherinfectiousdisease,personal_medical_history,,radio,About how old were you when you were first told you had other infectious disease?,"HowOldWereYouOtherInfectiousDisease_Child, Child (0-11) | HowOldWereYouOtherInfectiousDisease_Adolescent, Adolescent (12-17) | HowOldWereYouOtherInfectiousDisease_Adult, Adult (18-64) | HowOldWereYouOtherInfectiousDisease_OlderAdult, Older adult (65-74) | HowOldWereYouOtherInfectiousDisease_Elderly, Elderly (75+)",,,,[infectiousdiseases_infectiousdiseasecondition(InfectiousDiseaseCondition_OtherInfectiousDisease)] = '1',,,infectiousdiseases_howoldwereyouotherinfectiousdisease=InfectiousDisease_HowOldOther,,,
Personal Medical History,,infectiousdiseases_rxmedsforotherinfectiousdisease,personal_medical_history,,radio,Are you currently prescribed medications and/or receiving treatment for other infectious disease?,"RxMedsforOtherInfectiousDisease_Yes, Yes | RxMedsforOtherInfectiousDisease_No, No",,,,[infectiousdiseases_infectiousdiseasecondition(InfectiousDiseaseCondition_OtherInfectiousDisease)] = '1',,,infectiousdiseases_rxmedsforotherinfectiousdisease=InfectiousDisease_RxOtherDisease,,,
Personal Medical History,,nervoussystem_nervoussystemcondition,personal_medical_history,Brain and Nervous System Conditions,checkbox,Has a doctor or health care provider ever told you that you have...? Select all that apply.,"NervousSystemCondition_CerebralPalsy, Cerebral palsy | NervousSystemCondition_ChronicFatigue, Chronic fatigue | NervousSystemCondition_Concussion, Concussion or loss of consciousness | NervousSystemCondition_Dementia, Dementia | NervousSystemCondition_Epilepsy, Epilepsy or seizure | NervousSystemCondition_Insomnia, Insomnia | NervousSystemCondition_LouGehrigs, Lou Gehrig's disease (Amyotrophic Lateral Sclerosis or ALS) | NervousSystemCondition_MemoryLoss, Memory loss or impairment | NervousSystemCondition_Migraine, Migraine headaches | NervousSystemCondition_MultipleSclerosis, Multiple sclerosis | NervousSystemCondition_MuscularDystrophy, Muscular Dystrophy (MD) | NervousSystemCondition_Narcolepsy, Narcolepsy | NervousSystemCondition_Neuropathy, Neuropathy | NervousSystemCondition_ParkinsonsDisease, Parkinson's disease | NervousSystemCondition_RestlessLegSyndrome, Restless leg syndrome | NervousSystemCondition_SpinalCordInjury, Spinal cord injury or impairment | NervousSystemCondition_TraumaticBrainInjury, Traumatic brain injury (TBI) | NervousSystemCondition_OtherBrainNervousSystem, Other brain or nervous system condition | NervousSystemCondition_NoBrainNervousSystem, I have/have had no brain or nervous system condition",,,,,,,@NONEOFTHEABOVE=NervousSystemCondition_NoBrainNervousSystem,,,
Personal Medical History,,nervoussystem_cerebralpalsycurrently,personal_medical_history,,radio,Are you still seeing a doctor or health care provider for cerebral palsy?,"CerebralPalsyCurrently_Yes, Yes | CerebralPalsyCurrently_No, No",,,,[nervoussystem_nervoussystemcondition(NervousSystemCondition_CerebralPalsy)] = '1',,,,,,
Personal Medical History,,nervoussystem_howoldwereyoucerebralpalsy,personal_medical_history,,radio,About how old were you when you were first told you had cerebral palsy?,"HowOldWereYouCerebralPalsy_Child, Child (0-11) | HowOldWereYouCerebralPalsy_Adolescent, Adolescent (12-17) | HowOldWereYouCerebralPalsy_Adult, Adult (18-64) | HowOldWereYouCerebralPalsy_OlderAdult, Older adult (65-74) | HowOldWereYouCerebralPalsy_Elderly, Elderly (75+)",,,,[nervoussystem_nervoussystemcondition(NervousSystemCondition_CerebralPalsy)] = '1',,,,,,
Personal Medical History,,nervoussystem_rxmedsforcerebralpalsy,personal_medical_history,,radio,Are you currently prescribed medications and/or receiving treatment for cerebral palsy?,"RxMedsforCerebralPalsy_Yes, Yes | RxMedsforCerebralPalsy_No, No",,,,[nervoussystem_nervoussystemcondition(NervousSystemCondition_CerebralPalsy)] = '1',,,,,,
Personal Medical History,,nervoussystem_chronicfatiguecurrently,personal_medical_history,,radio,Are you still seeing a doctor or health care provider for chronic fatigue?,"ChronicFatigueCurrently_Yes, Yes | ChronicFatigueCurrently_No, No",,,,[nervoussystem_nervoussystemcondition(NervousSystemCondition_ChronicFatigue)] = '1',,,,,,
Personal Medical History,,nervoussystem_howoldwereyouchronicfatigue,personal_medical_history,,radio,About how old were you when you were first told you had chronic fatigue?,"HowOldWereYouChronicFatigue_Child, Child (0-11) | HowOldWereYouChronicFatigue_Adolescent, Adolescent (12-17) | HowOldWereYouChronicFatigue_Adult, Adult (18-64) | HowOldWereYouChronicFatigue_OlderAdult, Older adult (65-74) | HowOldWereYouChronicFatigue_Elderly, Elderly (75+)",,,,[nervoussystem_nervoussystemcondition(NervousSystemCondition_ChronicFatigue)] = '1',,,,,,
Personal Medical History,,nervoussystem_rxmedsforchronicfatigue,personal_medical_history,,radio,Are you currently prescribed medications and/or receiving treatment for chronic fatigue?,"RxMedsforChronicFatigue_Yes, Yes | RxMedsforChronicFatigue_No, No",,,,[nervoussystem_nervoussystemcondition(NervousSystemCondition_ChronicFatigue)] = '1',,,,,,
Personal Medical History,,nervoussystem_concussioncurrently,personal_medical_history,,radio,Are you still seeing a doctor or health care provider for concussion or loss of consciousness?,"ConcussionCurrently_Yes, Yes | ConcussionCurrently_No, No",,,,[nervoussystem_nervoussystemcondition(NervousSystemCondition_Concussion)] = '1',,,,,,
Personal Medical History,,nervoussystem_howoldwereyouconcussion,personal_medical_history,,radio,About how old were you when you were first told you had concussion or loss of consciousness?,"HowOldWereYouConcussion_Child, Child (0-11) | HowOldWereYouConcussion_Adolescent, Adolescent (12-17) | HowOldWereYouConcussion_Adult, Adult (18-64) | HowOldWereYouConcussion_OlderAdult, Older adult (65-74) | HowOldWereYouConcussion_Elderly, Elderly (75+)",,,,[nervoussystem_nervoussystemcondition(NervousSystemCondition_Concussion)] = '1',,,,,,
Personal Medical History,,nervoussystem_rxmedsforconcussion,personal_medical_history,,radio,Are you currently prescribed medications and/or receiving treatment for concussion or loss of consciousness?,"RxMedsforConcussion_Yes, Yes | RxMedsforConcussion_No, No",,,,[nervoussystem_nervoussystemcondition(NervousSystemCondition_Concussion)] = '1',,,,,,
Personal Medical History,,nervoussystem_dementiacurrently,personal_medical_history,,radio,Are you still seeing a doctor or health care provider for dementia?,"DementiaCurrently_Yes, Yes | DementiaCurrently_No, No",,,,[nervoussystem_nervoussystemcondition(NervousSystemCondition_Dementia)] = '1',,,,,,
Personal Medical History,,nervoussystem_howoldwereyoudementia,personal_medical_history,,radio,About how old were you when you were first told you had dementia?,"HowOldWereYouDementia_Child, Child (0-11) | HowOldWereYouDementia_Adolescent, Adolescent (12-17) | HowOldWereYouDementia_Adult, Adult (18-64) | HowOldWereYouDementia_OlderAdult, Older adult (65-74) | HowOldWereYouDementia_Elderly, Elderly (75+)",,,,[nervoussystem_nervoussystemcondition(NervousSystemCondition_Dementia)] = '1',,,,,,
Personal Medical History,,nervoussystem_rxmedsfordementia,personal_medical_history,,radio,Are you currently prescribed medications and/or receiving treatment for dementia?,"RxMedsforDementia_Yes, Yes | RxMedsforDementia_No, No",,,,[nervoussystem_nervoussystemcondition(NervousSystemCondition_Dementia)] = '1',,,,,,
Personal Medical History,,nervoussystem_epilepsycurrently,personal_medical_history,,radio,Are you still seeing a doctor or health care provider for epilepsy or seizure?,"EpilepsyCurrently_Yes, Yes | EpilepsyCurrently_No, No",,,,[nervoussystem_nervoussystemcondition(NervousSystemCondition_Epilepsy)] = '1',,,,,,
Personal Medical History,,nervoussystem_howoldwereyouepilepsy,personal_medical_history,,radio,About how old were you when you were first told you had epilepsy or seizure?,"HowOldWereYouEpilepsy_Child, Child (0-11) | HowOldWereYouEpilepsy_Adolescent, Adolescent (12-17) | HowOldWereYouEpilepsy_Adult, Adult (18-64) | HowOldWereYouEpilepsy_OlderAdult, Older adult (65-74) | HowOldWereYouEpilepsy_Elderly, Elderly (75+)",,,,[nervoussystem_nervoussystemcondition(NervousSystemCondition_Epilepsy)] = '1',,,,,,
Personal Medical History,,nervoussystem_rxmedsforepilepsy,personal_medical_history,,radio,Are you currently prescribed medications and/or receiving treatment for epilepsy or seizure?,"RxMedsforEpilepsy_Yes, Yes | RxMedsforEpilepsy_No, No",,,,[nervoussystem_nervoussystemcondition(NervousSystemCondition_Epilepsy)] = '1',,,,,,
Personal Medical History,,nervoussystem_insomniacurrently,personal_medical_history,,radio,Are you still seeing a doctor or health care provider for insomnia?,"InsomniaCurrently_Yes, Yes | InsomniaCurrently_No, No",,,,[nervoussystem_nervoussystemcondition(NervousSystemCondition_Insomnia)] = '1',,,,,,
Personal Medical History,,nervoussystem_howoldwereyouinsomnia,personal_medical_history,,radio,About how old were you when you were first told you had insomnia?,"HowOldWereYouInsomnia_Child, Child (0-11) | HowOldWereYouInsomnia_Adolescent, Adolescent (12-17) | HowOldWereYouInsomnia_Adult, Adult (18-64) | HowOldWereYouInsomnia_OlderAdult, Older adult (65-74) | HowOldWereYouInsomnia_Elderly, Elderly (75+)",,,,[nervoussystem_nervoussystemcondition(NervousSystemCondition_Insomnia)] = '1',,,,,,
Personal Medical History,,nervoussystem_rxmedsforinsomnia,personal_medical_history,,radio,Are you currently prescribed medications and/or receiving treatment for insomnia?,"RxMedsforInsomnia_Yes, Yes | RxMedsforInsomnia_No, No",,,,[nervoussystem_nervoussystemcondition(NervousSystemCondition_Insomnia)] = '1',,,,,,
Personal Medical History,,nervoussystem_lougehrigsdiseasecurrently,personal_medical_history,,radio,Are you still seeing a doctor or health care provider for Lou Gehrig's disease (Amyotrophic Lateral Sclerosis or ALS)?,"LouGehrigsDisease_Yes, Yes | LouGehrigsDisease_No, No",,,,[nervoussystem_nervoussystemcondition(NervousSystemCondition_LouGehrigs)] = '1',,,,,,
Personal Medical History,,nervoussystem_howoldwereyoulougehrigsdisease,personal_medical_history,,radio,About how old were you when you were first told you had Lou Gehrig's disease (Amyotrophic Lateral Sclerosis or ALS)?,"HowOldWereYouLouGehrigsDisease_Child, Child (0-11) | HowOldWereYouLouGehrigsDisease_Adolescent, Adolescent (12-17) | HowOldWereYouLouGehrigsDisease_Adult, Adult (18-64) | HowOldWereYouLouGehrigsDisease_OlderAdult, Older adult (65-74) | HowOldWereYouLouGehrigsDisease_Elderly, Elderly (75+)",,,,[nervoussystem_nervoussystemcondition(NervousSystemCondition_LouGehrigs)] = '1',,,,,,
Personal Medical History,,nervoussystem_rxmedsforlougehrigsdisease,personal_medical_history,,radio,Are you currently prescribed medications and/or receiving treatment for Lou Gehrig's disease (Amyotrophic Lateral Sclerosis or ALS)?,"RxMedsforLouGehrigsDisease_Yes, Yes | RxMedsforLouGehrigsDisease_No, No",,,,[nervoussystem_nervoussystemcondition(NervousSystemCondition_LouGehrigs)] = '1',,,,,,
Personal Medical History,,nervoussystem_memorylosscurrently,personal_medical_history,,radio,Are you still seeing a doctor or health care provider for memory loss or impairment?,"MemoryLossCurrently_Yes, Yes | MemoryLossCurrently_No, No",,,,[nervoussystem_nervoussystemcondition(NervousSystemCondition_MemoryLoss)] = '1',,,,,,
Personal Medical History,,nervoussystem_howoldwereyoumemoryloss,personal_medical_history,,radio,About how old were you when you were first told you had memory loss or impairment?,"HowOldWereYouMemoryLoss_Child, Child (0-11) | HowOldWereYouMemoryLoss_Adolescent, Adolescent (12-17) | HowOldWereYouMemoryLoss_Adult, Adult (18-64) | HowOldWereYouMemoryLoss_OlderAdult, Older adult (65-74) | HowOldWereYouMemoryLoss_Elderly, Elderly (75+)",,,,[nervoussystem_nervoussystemcondition(NervousSystemCondition_MemoryLoss)] = '1',,,,,,
Personal Medical History,,nervoussystem_rxmedsformemoryloss,personal_medical_history,,radio,Are you currently prescribed medications and/or receiving treatment for memory loss or impairment?,"RxMedsforMemoryLoss_Yes, Yes | RxMedsforMemoryLoss_No, No",,,,[nervoussystem_nervoussystemcondition(NervousSystemCondition_MemoryLoss)] = '1',,,,,,
Personal Medical History,,nervoussystem_migrainecurrently,personal_medical_history,,radio,Are you still seeing a doctor or health care provider for migraine headaches?,"MigraineCurrently_Yes, Yes | MigraineCurrently_No, No",,,,[nervoussystem_nervoussystemcondition(NervousSystemCondition_Migraine)] = '1',,,,,,
Personal Medical History,,nervoussystem_howoldwereyoumigraine,personal_medical_history,,radio,About how old were you when you were first told you had migraine headaches?,"HowOldWereYouMigraine_Child, Child (0-11) | HowOldWereYouMigraine_Adolescent, Adolescent (12-17) | HowOldWereYouMigraine_Adult, Adult (18-64) | HowOldWereYouMigraine_OlderAdult, Older adult (65-74) | HowOldWereYouMigraine_Elderly, Elderly (75+)",,,,[nervoussystem_nervoussystemcondition(NervousSystemCondition_Migraine)] = '1',,,,,,
Personal Medical History,,nervoussystem_rxmedsformigraine,personal_medical_history,,radio,Are you currently prescribed medications and/or receiving treatment for migraine headaches?,"RxMedsforMigraine_Yes, Yes | RxMedsforMigraine_No, No",,,,[nervoussystem_nervoussystemcondition(NervousSystemCondition_Migraine)] = '1',,,,,,
Personal Medical History,,nervoussystem_multiplesclerosiscurrently,personal_medical_history,,radio,Are you still seeing a doctor or health care provider for multiple sclerosis?,"MultipleSclerosisCurrently_Yes, Yes | MultipleSclerosisCurrently_No, No",,,,[nervoussystem_nervoussystemcondition(NervousSystemCondition_MultipleSclerosis)] = '1',,,,,,
Personal Medical History,,nervoussystem_howoldwereyoumultiplesclerosis,personal_medical_history,,radio,About how old were you when you were first told you had multiple sclerosis?,"HowOldWereYouMultipleSclerosis_Child, Child (0-11) | HowOldWereYouMultipleSclerosis_Adolescent, Adolescent (12-17) | HowOldWereYouMultipleSclerosis_Adult, Adult (18-64) | HowOldWereYouMultipleSclerosis_OlderAdult, Older adult (65-74) | HowOldWereYouMultipleSclerosis_Elderly, Elderly (75+)",,,,[nervoussystem_nervoussystemcondition(NervousSystemCondition_MultipleSclerosis)] = '1',,,,,,
Personal Medical History,,nervoussystem_rxmedsformultiplesclerosis,personal_medical_history,,radio,Are you currently prescribed medications and/or receiving treatment for multiple sclerosis?,"RxMedsforMultipleSclerosis_Yes, Yes | RxMedsforMultipleSclerosis_No, No",,,,[nervoussystem_nervoussystemcondition(NervousSystemCondition_MultipleSclerosis)] = '1',,,,,,
Personal Medical History,,nervoussystem_musculardystrophycurrently,personal_medical_history,,radio,Are you still seeing a doctor or health care provider for Muscular Dystrophy (MD)?,"MuscularDystrophyCurrently_Yes, Yes | MuscularDystrophyCurrently_No, No",,,,[nervoussystem_nervoussystemcondition(NervousSystemCondition_MuscularDystrophy)] = '1',,,,,,
Personal Medical History,,nervoussystem_howoldwereyoumusculardystrophy,personal_medical_history,,radio,About how old were you when you were first told you had Muscular Dystrophy (MD)?,"HowOldWereYouMuscularDystrophy_Child, Child (0-11) | HowOldWereYouMuscularDystrophy_Adolescent, Adolescent (12-17) | HowOldWereYouMuscularDystrophy_Adult, Adult (18-64) | HowOldWereYouMuscularDystrophy_OlderAdult, Older adult (65-74) | HowOldWereYouMuscularDystrophy_Elderly, Elderly (75+)",,,,[nervoussystem_nervoussystemcondition(NervousSystemCondition_MuscularDystrophy)] = '1',,,,,,
Personal Medical History,,nervoussystem_rxmedsformusculardystrophy,personal_medical_history,,radio,Are you currently prescribed medications and/or receiving treatment for Muscular Dystrophy (MD)?,"RxMedsforMuscularDystrophy_Yes, Yes | RxMedsforMuscularDystrophy_No, No",,,,[nervoussystem_nervoussystemcondition(NervousSystemCondition_MuscularDystrophy)] = '1',,,,,,
Personal Medical History,,nervoussystem_narcolepsycurrently,personal_medical_history,,radio,Are you still seeing a doctor or health care provider for narcolepsy?,"NarcolepsyCurrently_Yes, Yes | NarcolepsyCurrently_No, No",,,,[nervoussystem_nervoussystemcondition(NervousSystemCondition_Narcolepsy)] = '1',,,,,,
Personal Medical History,,nervoussystem_howoldwereyounarcolepsy,personal_medical_history,,radio,About how old were you when you were first told you had narcolepsy?,"HowOldWereYouNarcolepsy_Child, Child (0-11) | HowOldWereYouNarcolepsy_Adolescent, Adolescent (12-17) | HowOldWereYouNarcolepsy_Adult, Adult (18-64) | HowOldWereYouNarcolepsy_OlderAdult, Older adult (65-74) | HowOldWereYouNarcolepsy_Elderly, Elderly (75+)",,,,[nervoussystem_nervoussystemcondition(NervousSystemCondition_Narcolepsy)] = '1',,,,,,
Personal Medical History,,nervoussystem_rxmedsfornarcolepsy,personal_medical_history,,radio,Are you currently prescribed medications and/or receiving treatment for narcolepsy?,"RxMedsforNarcolepsy_Yes, Yes | RxMedsforNarcolepsy_No, No",,,,[nervoussystem_nervoussystemcondition(NervousSystemCondition_Narcolepsy)] = '1',,,,,,
Personal Medical History,,nervoussystem_neuropathycurrently,personal_medical_history,,radio,Are you still seeing a doctor or health care provider for neuropathy?,"NeuropathyCurrently_Yes, Yes | NeuropathyCurrently_No, No",,,,[nervoussystem_nervoussystemcondition(NervousSystemCondition_Neuropathy)] = '1',,,,,,
Personal Medical History,,nervoussystem_howoldwereyouneuropathy,personal_medical_history,,radio,About how old were you when you were first told you had neuropathy?,"HowOldWereYouNeuropathy_Child, Child (0-11) | HowOldWereYouNeuropathy_Adolescent, Adolescent (12-17) | HowOldWereYouNeuropathy_Adult, Adult (18-64) | HowOldWereYouNeuropathy_OlderAdult, Older adult (65-74) | HowOldWereYouNeuropathy_Elderly, Elderly (75+)",,,,[nervoussystem_nervoussystemcondition(NervousSystemCondition_Neuropathy)] = '1',,,,,,
Personal Medical History,,nervoussystem_rxmedsforneuropathy,personal_medical_history,,radio,Are you currently prescribed medications and/or receiving treatment for neuropathy?,"RxMedsforNeuropathy_Yes, Yes | RxMedsforNeuropathy_No, No",,,,[nervoussystem_nervoussystemcondition(NervousSystemCondition_Neuropathy)] = '1',,,,,,
Personal Medical History,,nervoussystem_parkinsonsdiseasecurrently,personal_medical_history,,radio,Are you still seeing a doctor or health care provider for Parkinson's disease?,"ParkinsonsDiseaseCurrently_Yes, Yes | ParkinsonsDiseaseCurrently_No, No",,,,[nervoussystem_nervoussystemcondition(NervousSystemCondition_ParkinsonsDisease)] = '1',,,,,,
Personal Medical History,,nervoussystem_howoldwereyouparkinsonsdisease,personal_medical_history,,radio,About how old were you when you were first told you had Parkinson's disease?,"HowOldWereYouParkinsonsDisease_Child, Child (0-11) | HowOldWereYouParkinsonsDisease_Adolescent, Adolescent (12-17) | HowOldWereYouParkinsonsDisease_Adult, Adult (18-64) | HowOldWereYouParkinsonsDisease_OlderAdult, Older adult (65-74) | HowOldWereYouParkinsonsDisease_Elderly, Elderly (75+)",,,,[nervoussystem_nervoussystemcondition(NervousSystemCondition_ParkinsonsDisease)] = '1',,,,,,
Personal Medical History,,nervoussystem_rxmedsforparkinsonsdisease,personal_medical_history,,radio,Are you currently prescribed medications and/or receiving treatment for Parkinson's disease?,"RxMedsforParkinsonsDisease_Yes, Yes | RxMedsforParkinsonsDisease_No, No",,,,[nervoussystem_nervoussystemcondition(NervousSystemCondition_ParkinsonsDisease)] = '1',,,,,,
Personal Medical History,,nervoussystem_restlesslegcurrently,personal_medical_history,,radio,Are you still seeing a doctor or health care provider for restless leg syndrome?,"RestlessLegCurrently_Yes, Yes | RestlessLegCurrently_No, No",,,,[nervoussystem_nervoussystemcondition(NervousSystemCondition_RestlessLegSyndrome)] = '1',,,,,,
Personal Medical History,,nervoussystem_howoldwereyourestlessleg,personal_medical_history,,radio,About how old were you when you were first told you had restless leg syndrome?,"HowOldWereYouRestlessLeg_Child, Child (0-11) | HowOldWereYouRestlessLeg_Adolescent, Adolescent (12-17) | HowOldWereYouRestlessLeg_Adult, Adult (18-64) | HowOldWereYouRestlessLeg_OlderAdult, Older adult (65-74) | HowOldWereYouRestlessLeg_Elderly, Elderly (75+)",,,,[nervoussystem_nervoussystemcondition(NervousSystemCondition_RestlessLegSyndrome)] = '1',,,,,,
Personal Medical History,,nervoussystem_rxmedsforrestlessleg,personal_medical_history,,radio,Are you currently prescribed medications and/or receiving treatment for restless leg syndrome?,"RxMedsforRestlessLeg_Yes, Yes | RxMedsforRestlessLeg_No, No",,,,[nervoussystem_nervoussystemcondition(NervousSystemCondition_RestlessLegSyndrome)] = '1',,,,,,
Personal Medical History,,nervoussystem_spinalcordinjurycurrently,personal_medical_history,,radio,Are you still seeing a doctor or health care provider for spinal cord injury or impairment?,"SpinalCordInjuryCurrently_Yes, Yes | SpinalCordInjuryCurrently_No, No",,,,[nervoussystem_nervoussystemcondition(NervousSystemCondition_SpinalCordInjury)] = '1',,,,,,
Personal Medical History,,nervoussystem_howoldwereyouspinalcordinjury,personal_medical_history,,radio,About how old were you when you were first told you had spinal cord injury or impairment?,"HowOldWereYouSpinalCordInjury_Child, Child (0-11) | HowOldWereYouSpinalCordInjury_Adolescent, Adolescent (12-17) | HowOldWereYouSpinalCordInjury_Adult, Adult (18-64) | HowOldWereYouSpinalCordInjury_OlderAdult, Older adult (65-74) | HowOldWereYouSpinalCordInjury_Elderly, Elderly (75+)",,,,[nervoussystem_nervoussystemcondition(NervousSystemCondition_SpinalCordInjury)] = '1',,,,,,
Personal Medical History,,nervoussystem_rxmedsforspinalcordinjury,personal_medical_history,,radio,Are you currently prescribed medications and/or receiving treatment for spinal cord injury or impairment?,"RxMedsforSpinalCordInjury_Yes, Yes | RxMedsforSpinalCordInjury_No, No",,,,[nervoussystem_nervoussystemcondition(NervousSystemCondition_SpinalCordInjury)] = '1',,,,,,
Personal Medical History,,nervoussystem_traumaticbraininjurycurrently,personal_medical_history,,radio,Are you still seeing a doctor or health care provider for traumatic brain injury (TBI)?,"TraumaBrainInjuryCurrently_Yes, Yes | TraumaBrainInjuryCurrently_No, No",,,,[nervoussystem_nervoussystemcondition(NervousSystemCondition_TraumaticBrainInjury)] = '1',,,,,,
Personal Medical History,,nervoussystem_howoldwereyoutraumabraininjury,personal_medical_history,,radio,About how old were you when you were first told you had traumatic brain injury (TBI)?,"HowOldWereYouTraumaBrainInjury_Child, Child (0-11) | HowOldWereYouTraumaBrainInjury_Adolescent, Adolescent (12-17) | HowOldWereYouTraumaBrainInjury_Adult, Adult (18-64) | HowOldWereYouTraumaBrainInjury_OlderAdult, Older adult (65-74) | HowOldWereYouTraumaBrainInjury_Elderly, Elderly (75+)",,,,[nervoussystem_nervoussystemcondition(NervousSystemCondition_TraumaticBrainInjury)] = '1',,,,,,
Personal Medical History,,nervoussystem_rxmedsfortraumabraininjury,personal_medical_history,,radio,Are you currently prescribed medications and/or receiving treatment for traumatic brain injury (TBI)?,"RxMedsforTraumaBrainInjury_Yes, Yes | RxMedsforTraumaBrainInjury_No, No",,,,[nervoussystem_nervoussystemcondition(NervousSystemCondition_TraumaticBrainInjury)] = '1',,,,,,
Personal Medical History,,otherbrainnervoussystem_freetextbox,personal_medical_history,,text,Please specify other brain or nervous system condition.,,,,,[nervoussystem_nervoussystemcondition(NervousSystemCondition_OtherBrainNervousSystem)] = '1',,,REGISTERED_QUESTION_SUPPRESSED,,REGISTERED_QUESTION_SUPPRESSED,CONTROLLED_QUESTION_SUPPRESSED
Personal Medical History,,nervoussystem_otherbrainnervoussystemcurrently,personal_medical_history,,radio,Are you still seeing a doctor or health care provider for other brain or nervous system condition?,"OtherBrainNervousSystemCurrently_Yes, Yes | OtherBrainNervousSystemCurrently_No, No",,,,[nervoussystem_nervoussystemcondition(NervousSystemCondition_OtherBrainNervousSystem)] = '1',,,,,,
Personal Medical History,,nervoussystem_howoldwereyouotherbrainnervoussystem,personal_medical_history,,radio,About how old were you when you were first told you had other brain or nervous system condition?,"HowOldWereYouOtherBrainNervousSystem_Child, Child (0-11) | HowOldWereYouOtherBrainNervousSystem_Adolescent, Adolescent (12-17) | HowOldWereYouOtherBrainNervousSystem_Adult, Adult (18-64) | HowOldWereYouOtherBrainNervousSystem_OlderAdult, Older adult (65-74) | HowOldWereYouOtherBrainNervousSystem_Elderly, Elderly (75+)",,,,[nervoussystem_nervoussystemcondition(NervousSystemCondition_OtherBrainNervousSystem)] = '1',,,nervoussystem_howoldwereyouotherbrainnervoussystem=NervousSystem_HowOldOtherCondition,,,
Personal Medical History,,nervoussystem_rxmedsforotherbrainnervoussystem,personal_medical_history,,radio,Are you currently prescribed medications and/or receiving treatment for other brain or nervous system condition?,"RxMedsforOtherBrainNervousSystem_Yes, Yes | RxMedsforOtherBrainorNervousSystem_No, No",,,,[nervoussystem_nervoussystemcondition(NervousSystemCondition_OtherBrainNervousSystem)] = '1',,,,,,
Personal Medical History,,mentalhealth_mentalhealthcondition,personal_medical_history,Mental Health and Substance Use Conditions,checkbox,Has a doctor or health care provider ever told you that you have...? Select all that apply.,"MentalHealthCondition_AlcoholUse, Alcohol use disorder | MentalHealthCondition_Anxiety, Anxiety reaction/panic disorder | MentalHealthCondition_ADHD, Attention-deficit/hyperactivity disorder (ADHD) | MentalHealthCondition_AutismSpectrum, Autism spectrum disorder | MentalHealthCondition_Bipolar, Bipolar disorder | MentalHealthCondition_Depression, Depression | MentalHealthCondition_DrugUse, Drug use disorder | MentalHealthCondition_EatingDisorder, Eating disorder | MentalHealthCondition_PersonalityDisorder, Personality disorder | MentalHealthCondition_PTSD, Post-traumatic stress disorder (PTSD) | MentalHealthCondition_Schizophrenia, Schizophrenia | MentalHealthCondition_SocialPhobia, Social phobia | MentalHealthCondition_OtherMentalHealthSubstanceUse, Other mental health or substance use condition | MentalHealthCondition_NoMentalHealthSubstanceUse, I have/have had no mental health or substance use condition",,,,,,,@NONEOFTHEABOVE=MentalHealthCondition_NoMentalHealthSubstanceUse MentalHealthCondition_OtherMentalHealthSubstanceUse=MentalHealthCondition_OtherCondition,,,
Personal Medical History,,mentalhealth_alcoholdisordercurrently,personal_medical_history,,radio,Are you still seeing a doctor or health care provider for alcohol use disorder?,"AlcoholOrDrugCurrently_Yes, Yes | AlcoholOrDrugCurrently_No, No",,,,[mentalhealth_mentalhealthcondition(MentalHealthCondition_AlcoholUse)] = '1',,,,,,
Personal Medical History,,mentalhealth_howoldwereyoualcoholdisorder,personal_medical_history,,radio,About how old were you when you were first told you had alcohol use disorder?,"HowOldWereYouAlcoholDisorder_Child, Child (0-11) | HowOldWereYouAlcoholDisorder_Adolescent, Adolescent (12-17) | HowOldWereYouAlcoholDisorder_Adult, Adult (18-64) | HowOldWereYouAlcoholDisorder_OlderAdult, Older adult (65-74) | HowOldWereYouAlcoholDisorder_Elderly, Elderly (75+)",,,,[mentalhealth_mentalhealthcondition(MentalHealthCondition_AlcoholUse)] = '1',,,,,,
Personal Medical History,,mentalhealth_rxmedsforalcoholdisorder,personal_medical_history,,radio,Are you currently prescribed medications and/or receiving treatment for alcohol use disorder?,"RxMedsforAlcoholOrDrug_Yes, Yes | RxMedsforAlcoholOrDrug_No, No",,,,[mentalhealth_mentalhealthcondition(MentalHealthCondition_AlcoholUse)] = '1',,,,,,
Personal Medical History,,mentalhealth_anxietycurrently,personal_medical_history,,radio,Are you still seeing a doctor or health care provider for anxiety reaction/panic disorder?,"AnxietyCurrently_Yes, Yes | AnxietyCurrently_No, No",,,,[mentalhealth_mentalhealthcondition(MentalHealthCondition_Anxiety)] = '1',,,,,,
Personal Medical History,,mentalhealth_howoldwereyouanxiety,personal_medical_history,,radio,About how old were you when you were first told you had anxiety reaction/panic disorder?,"HowOldWereYouAnxiety_Child, Child (0-11) | HowOldWereYouAnxiety_Adolescent, Adolescent (12-17) | HowOldWereYouAnxiety_Adult, Adult (18-64) | HowOldWereYouAnxiety_OlderAdult, Older adult (65-74) | HowOldWereYouAnxiety_Elderly, Elderly (75+)",,,,[mentalhealth_mentalhealthcondition(MentalHealthCondition_Anxiety)] = '1',,,,,,
Personal Medical History,,mentalhealth_rxmedsforanxiety,personal_medical_history,,radio,Are you currently prescribed medications and/or receiving treatment for anxiety reaction/panic disorder?,"RxMedsforAnxiety_Yes, Yes | RxMedsforAnxiety_No, No",,,,[mentalhealth_mentalhealthcondition(MentalHealthCondition_Anxiety)] = '1',,,,,,
Personal Medical History,,mentalhealth_adhdcurrently,personal_medical_history,,radio,Are you still seeing a doctor or health care provider for attention-deficit/hyperactivity disorder (ADHD)?,"ADHDCurrently_Yes, Yes | ADHDCurrently_No, No",,,,[mentalhealth_mentalhealthcondition(MentalHealthCondition_ADHD)] = '1',,,,,,
Personal Medical History,,mentalhealth_howoldwereyouadhd,personal_medical_history,,radio,About how old were you when you were first told you had attention-deficit/hyperactivity disorder (ADHD)?,"HowOldWereYouADHD_Child, Child (0-11) | HowOldWereYouADHD_Adolescent, Adolescent (12-17) | HowOldWereYouADHD_Adult, Adult (18-64) | HowOldWereYouADHD_OlderAdult, Older adult (65-74) | HowOldWereYouADHD_Elderly, Elderly (75+)",,,,[mentalhealth_mentalhealthcondition(MentalHealthCondition_ADHD)] = '1',,,,,,
Personal Medical History,,mentalhealth_rxmedsforadhd,personal_medical_history,,radio,Are you currently prescribed medications and/or receiving treatment for attention-deficit/hyperactivity disorder (ADHD)?,"RxMedsforADHD_Yes, Yes | RxMedsforADHD_No, No",,,,[mentalhealth_mentalhealthcondition(MentalHealthCondition_ADHD)] = '1',,,,,,
Personal Medical History,,mentalhealth_autismcurrently,personal_medical_history,,radio,Are you still seeing a doctor or health care provider for autism spectrum disorder?,"AutismCurrently_Yes, Yes | AutismCurrently_No, No",,,,[mentalhealth_mentalhealthcondition(MentalHealthCondition_AutismSpectrum)] = '1',,,,,,
Personal Medical History,,mentalhealth_howoldwereyouautism,personal_medical_history,,radio,About how old were you when you were first told you had autism spectrum disorder?,"HowOldWereYouAutism_Child, Child (0-11) | HowOldWereYouAutism_Adolescent, Adolescent (12-17) | HowOldWereYouAutism_Adult, Adult (18-64) | HowOldWereYouAutism_OlderAdult, Older adult (65-74) | HowOldWereYouAutism_Elderly, Elderly (75+)",,,,[mentalhealth_mentalhealthcondition(MentalHealthCondition_AutismSpectrum)] = '1',,,,,,
Personal Medical History,,mentalhealth_rxmedsforautism,personal_medical_history,,radio,Are you currently prescribed medications and/or receiving treatment for autism spectrum disorder?,"RxMedsforAutism_Yes, Yes | RxMedsforAutism_No, No",,,,[mentalhealth_mentalhealthcondition(MentalHealthCondition_AutismSpectrum)] = '1',,,,,,
Personal Medical History,,mentalhealth_bipolarcurrently,personal_medical_history,,radio,Are you still seeing a doctor or health care provider for bipolar disorder?,"BipolarCurrently_Yes, Yes | BipolarCurrently_No, No",,,,[mentalhealth_mentalhealthcondition(MentalHealthCondition_Bipolar)] = '1',,,,,,
Personal Medical History,,mentalhealth_howoldwereyoubipolar,personal_medical_history,,radio,About how old were you when you were first told you had bipolar disorder?,"HowOldWereYouBipolar_Child, Child (0-11) | HowOldWereYouBipolar_Adolescent, Adolescent (12-17) | HowOldWereYouBipolar_Adult, Adult (18-64) | HowOldWereYouBipolar_OlderAdult, Older adult (65-74) | HowOldWereYouBipolar_Elderly, Elderly (75+)",,,,[mentalhealth_mentalhealthcondition(MentalHealthCondition_Bipolar)] = '1',,,,,,
Personal Medical History,,mentalhealth_rxmedsforbipolar,personal_medical_history,,radio,Are you currently prescribed medications and/or receiving treatment for bipolar disorder?,"RxMedsforBipolar_Yes, Yes | RxMedsforBipolar_No, No",,,,[mentalhealth_mentalhealthcondition(MentalHealthCondition_Bipolar)] = '1',,,,,,
Personal Medical History,,mentalhealth_depressioncurrently,personal_medical_history,,radio,Are you still seeing a doctor or health care provider for depression?,"DepressionCurrently_Yes, Yes | DepressionCurrently_No, No",,,,[mentalhealth_mentalhealthcondition(MentalHealthCondition_Depression)] = '1',,,,,,
Personal Medical History,,mentalhealth_howoldwereyoudepression,personal_medical_history,,radio,About how old were you when you were first told you had depression?,"HowOldWereYouDepression_Child, Child (0-11) | HowOldWereYouDepression_Adolescent, Adolescent (12-17) | HowOldWereYouDepression_Adult, Adult (18-64) | HowOldWereYouDepression_OlderAdult, Older adult (65-74) | HowOldWereYouDepression_Elderly, Elderly (75+)",,,,[mentalhealth_mentalhealthcondition(MentalHealthCondition_Depression)] = '1',,,,,,
Personal Medical History,,mentalhealth_rxmedsfordepression,personal_medical_history,,radio,Are you currently prescribed medications and/or receiving treatment for depression?,"RxMedsforDepression_Yes, Yes | RxMedsforDepression_No, No",,,,[mentalhealth_mentalhealthcondition(MentalHealthCondition_Depression)] = '1',,,,,,
Personal Medical History,,mentalhealth_drugusedisordercurrently,personal_medical_history,,radio,Are you still seeing a doctor or health care provider for a drug use disorder?,"DrugUseDisorderCurrently_Yes, Yes | DrugUseDisorderCurrently_No, No",,,,[mentalhealth_mentalhealthcondition(MentalHealthCondition_DrugUse)] = '1',,,,,,
Personal Medical History,,mentalhealth_howoldwereyoudrugusedisorder,personal_medical_history,,radio,About how old were you when you were first told you had a drug use disorder?,"HowOldWereYouDrugUseDisorder_Child, Child (0-11) | HowOldWereYouDrugUseDisorder_Adolescent, Adolescent (12-17) | HowOldWereYouDrugUseDisorder_Adult, Adult (18-64) | HowOldWereYouDrugUseDisorder_OlderAdult, Older adult (65-74) | HowOldWereYouDrugUseDisorder_Elderly, Elderly (75+)",,,,[mentalhealth_mentalhealthcondition(MentalHealthCondition_DrugUse)] = '1',,,,,,
Personal Medical History,,mentalhealth_rxmedsfordrugusedisorder,personal_medical_history,,radio,Are you currently prescribed medications and/or receiving treatment for a drug use disorder?,"RxMedsforDrugUseDisorder_Yes, Yes | RxMedsforDrugUseDisorder_No, No",,,,[mentalhealth_mentalhealthcondition(MentalHealthCondition_DrugUse)] = '1',,,,,,
Personal Medical History,,mentalhealth_eatingdisordercurrently,personal_medical_history,,radio,"Are you still seeing a doctor or health care provider for an eating disorder?
","EatingDisorderCurrently_Yes, Yes | EatingDisorderCurrently_No, No",,,,[mentalhealth_mentalhealthcondition(MentalHealthCondition_EatingDisorder)] = '1',,LV,,,,
Personal Medical History,,mentalhealth_howoldwereyoueatingdisorder,personal_medical_history,,radio,"About how old were you when you were first told you had an eating disorder?
","HowOldWereYouEatingDisorder_Child, Child (0-11) | HowOldWereYouEatingDisorder_Adolescent, Adolescent (12-17) | HowOldWereYouEatingDisorder_Adult, Adult (18-64) | HowOldWereYouEatingDisorder_OlderAdult, Older adult (65-74) | HowOldWereYouEatingDisorder_Elderly, Elderly (75+)",,,,[mentalhealth_mentalhealthcondition(MentalHealthCondition_EatingDisorder)] = '1',,LV,,,,
Personal Medical History,,mentalhealth_rxmedsforeatingdisorder,personal_medical_history,,radio,"Are you currently prescribed medications and/or receiving treatment for an eating disorder?
","RxMedsforEatingDisorder_Yes, Yes | RxMedsforEatingDisorder_No, No",,,,[mentalhealth_mentalhealthcondition(MentalHealthCondition_EatingDisorder)] = '1',,LV,,,,
Personal Medical History,,mentalhealth_personalitydisordercurrently,personal_medical_history,,radio,Are you still seeing a doctor or health care provider for a personality disorder?,"PersonalityDisorderCurrently_Yes, Yes | PersonalityDisorderCurrently_No, No",,,,[mentalhealth_mentalhealthcondition(MentalHealthCondition_PersonalityDisorder)] = '1',,,,,,
Personal Medical History,,mentalhealth_howoldwereyoupersonalitydisorder,personal_medical_history,,radio,About how old were you when you were first told you had a personality disorder?,"HowOldWereYouPersonalityDisorder_Child, Child (0-11) | HowOldWereYouPersonalityDisorder_Adolescent, Adolescent (12-17) | HowOldWereYouPersonalityDisorder_Adult, Adult (18-64) | HowOldWereYouPersonalityDisorder_OlderAdult, Older adult (65-74) | HowOldWereYouPersonalityDisorder_Elderly, Elderly (75+)",,,,[mentalhealth_mentalhealthcondition(MentalHealthCondition_PersonalityDisorder)] = '1',,,,,,
Personal Medical History,,mentalhealth_rxmedsforpersonalitydisorder,personal_medical_history,,radio,Are you currently prescribed medications and/or receiving treatment for a personality disorder?,"RxMedsforPersonalityDisorder_Yes, Yes | RxMedsforPersonalityDisorder_No, No",,,,[mentalhealth_mentalhealthcondition(MentalHealthCondition_PersonalityDisorder)] = '1',,,,,,
Personal Medical History,,mentalhealth_ptsdcurrently,personal_medical_history,,radio,Are you still seeing a doctor or health care provider for post-traumatic stress disorder (PTSD)?,"PTSDCurrently_Yes, Yes | PTSDCurrently_No, No",,,,[mentalhealth_mentalhealthcondition(MentalHealthCondition_PTSD)] = '1',,,,,,
Personal Medical History,,mentalhealth_howoldwereyouptsd,personal_medical_history,,radio,About how old were you when you were first told you had post-traumatic stress disorder (PTSD)?,"HowOldWereYouPTSD_Child, Child (0-11) | HowOldWereYouPTSD_Adolescent, Adolescent (12-17) | HowOldWereYouPTSD_Adult, Adult (18-64) | HowOldWereYouPTSD_OlderAdult, Older adult (65-74) | HowOldWereYouPTSD_Elderly, Elderly (75+)",,,,[mentalhealth_mentalhealthcondition(MentalHealthCondition_PTSD)] = '1',,,,,,
Personal Medical History,,mentalhealth_rxmedsforptsd,personal_medical_history,,radio,Are you currently prescribed medications and/or receiving treatment for post-traumatic stress disorder (PTSD)?,"RxMedsforPTSD_Yes, Yes | RxMedsforPTSD_No, No",,,,[mentalhealth_mentalhealthcondition(MentalHealthCondition_PTSD)] = '1',,,,,,
Personal Medical History,,mentalhealth_schizophreniacurrently,personal_medical_history,,radio,Are you still seeing a doctor or health care provider for schizophrenia?,"SchizophreniaCurrently_Yes, Yes | SchizophreniaCurrently_No, No",,,,[mentalhealth_mentalhealthcondition(MentalHealthCondition_Schizophrenia)] = '1',,,,,,
Personal Medical History,,mentalhealth_howoldwereyouschizophrenia,personal_medical_history,,radio,About how old were you when you were first told you had schizophrenia?,"HowOldWereYouSchizophrenia_Child, Child (0-11) | HowOldWereYouSchizophrenia_Adolescent, Adolescent (12-17) | HowOldWereYouSchizophrenia_Adult, Adult (18-64) | HowOldWereYouSchizophrenia_OlderAdult, Older adult (65-74) | HowOldWereYouSchizophrenia_Elderly, Elderly (75+)",,,,[mentalhealth_mentalhealthcondition(MentalHealthCondition_Schizophrenia)] = '1',,,,,,
Personal Medical History,,mentalhealth_rxmedsforschizophrenia,personal_medical_history,,radio,Are you currently prescribed medications and/or receiving treatment for schizophrenia?,"RxMedsforSchizophrenia_Yes, Yes | RxMedsforSchizophrenia_No, No",,,,[mentalhealth_mentalhealthcondition(MentalHealthCondition_Schizophrenia)] = '1',,,,,,
Personal Medical History,,mentalhealth_socialphobiacurrently,personal_medical_history,,radio,Are you still seeing a doctor or health care provider for a social phobia?,"SocialPhobiaCurrently_Yes, Yes | SocialPhobiaCurrently_No, No",,,,[mentalhealth_mentalhealthcondition(MentalHealthCondition_SocialPhobia)] = '1',,,,,,
Personal Medical History,,mentalhealth_howoldwereyousocialphobia,personal_medical_history,,radio,About how old were you when you were first told you had a social phobia?,"HowOldWereYouSocialPhobia_Child, Child (0-11) | HowOldWereYouSocialPhobia_Adolescent, Adolescent (12-17) | HowOldWereYouSocialPhobia_Adult, Adult (18-64) | HowOldWereYouSocialPhobia_OlderAdult, Older adult (65-74) | HowOldWereYouSocialPhobia_Elderly, Elderly (75+)",,,,[mentalhealth_mentalhealthcondition(MentalHealthCondition_SocialPhobia)] = '1',,,,,,
Personal Medical History,,mentalhealth_rxmedsforsocialphobia,personal_medical_history,,radio,Are you currently prescribed medications and/or receiving treatment for a social phobia?,"RxMedsforSocialPhobia_Yes, Yes | RxMedsforSocialPhobia_No, No",,,,[mentalhealth_mentalhealthcondition(MentalHealthCondition_SocialPhobia)] = '1',,,,,,
Personal Medical History,,othermentalhealthsubstanceuse_freetextbox,personal_medical_history,,text,Please specify other mental health or substance use condition.,,,,,[mentalhealth_mentalhealthcondition(MentalHealthCondition_OtherMentalHealthSubstanceUse)] = '1',,,REGISTERED_QUESTION_SUPPRESSED,,REGISTERED_QUESTION_SUPPRESSED,CONTROLLED_QUESTION_SUPPRESSED
Personal Medical History,,mentalhealth_othermentalhealthsubstanceusecurrently,personal_medical_history,,radio,Are you still seeing a doctor or health care provider for other mental health or substance use condition?,"OtherMentalHealthSubstanceUseCurrently_Yes, Yes | OtherMentalHealthSubstanceUseCurrently_No, No",,,,[mentalhealth_mentalhealthcondition(MentalHealthCondition_OtherMentalHealthSubstanceUse)] = '1',,,mentalhealth_othermentalhealthsubstanceusecurrently=MentalHealth_OtherConditionCurrently,,,
Personal Medical History,,mentalhealth_howoldwereyouothermentalhealthsubstanceuse,personal_medical_history,,radio,About how old were you when you were first told you had other mental health or substance use condition?,"HowOldWereYouOtherMentalHealthSubstanceUse_Child, Child (0-11) | HowOldWereYouOtherMentalHealthSubstanceUse_Adolescent, Adolescent (12-17) | HowOldWereYouOtherMentalHealthSubstanceUse_Adult, Adult (18-64) | HowOldWereYouOtherMentalHealthSubstanceUse_OlderAdult, Older adult (65-74) | HowOldWereYouOtherMentalHealthSubstanceUse_Elderly, Elderly (75+)",,,,[mentalhealth_mentalhealthcondition(MentalHealthCondition_OtherMentalHealthSubstanceUse)] = '1',,,"mentalhealth_howoldwereyouothermentalhealthsubstanceuse=MentalHealthCondition_OtherHowOld,
HowOldWereYouOtherMentalHealthSubstanceUse_Adolescent=MentalHealthCondition_OtherAdolescent,
HowOldWereYouOtherMentalHealthSubstanceUse_Elderly=MentalHealthCondition_OtherElderly,
HowOldWereYouOtherMentalHealthSubstanceUse_OlderAdult=MentalHealthCondition_OtherOlderAdult",,,
Personal Medical History,,mentalhealth_rxmedsforothermentalhealthsubstanceuse,personal_medical_history,,radio,Are you currently prescribed medications and/or receiving treatment for other mental health or substance use condition?,"RxMedsforOtherMentalHealthSubstanceUse_Yes, Yes | RxMedsforOtherMentalHealthSubstanceUse_No, No",,,,[mentalhealth_mentalhealthcondition(MentalHealthCondition_OtherMentalHealthSubstanceUse)] = '1',,,mentalhealth_rxmedsforothermentalhealthsubstanceuse=MentalHealth_RxMedsOtherCondition,,,
Personal Medical History,,other_otherconditions,personal_medical_history,Other Conditions,checkbox,Has a doctor or health care provider ever told you that you have any of the following conditions? Select all that apply.,"OtherConditions_Acne, Acne | OtherConditions_Allergies, Allergies | OtherConditions_Endometriosis, Endometriosis | OtherConditions_EnlargedProstate, Enlarged prostate | OtherConditions_Fibroids, Fibroids | OtherConditions_Obesity, Obesity | OtherConditions_PCOS, PCOS (polycystic ovarian syndrome) | OtherConditions_ReactionsAnesthesia, Reactions to anesthesia (such as hyperthermia) | OtherConditions_SkinCondition, Skin condition (e.g., eczema, psoriasis) | OtherConditions_VitaminBDeficiency, Vitamin B deficiency | OtherConditions_VitaminDDeficiency, Vitamin D deficiency | OtherConditions_OtherDiagnosis, Other diagnosis",,,,,,,,,,
Personal Medical History,,other_acnecurrently,personal_medical_history,,radio,Are you still seeing a doctor or health care provider for acne?,"AcneCurrently_Yes, Yes | AcneCurrently_No, No",,,,[other_otherconditions(OtherConditions_Acne)] = '1',,,,,,
Personal Medical History,,other_howoldwereyouacne,personal_medical_history,,radio,About how old were you when you were first told you had acne?,"HowOldWereYouAcne_Child, Child (0-11) | HowOldWereYouAcne_Adolescent, Adolescent (12-17) | HowOldWereYouAcne_Adult, Adult (18-64) | HowOldWereYouAcne_OlderAdult, Older adult (65-74) | HowOldWereYouAcne_Elderly, Elderly (75+)",,,,[other_otherconditions(OtherConditions_Acne)] = '1',,,,,,
Personal Medical History,,other_rxmedsforacne,personal_medical_history,,radio,Are you currently prescribed medications and/or receiving treatment for acne?,"RxMedsforAcne_Yes, Yes | RxMedsforAcne_No, No",,,,[other_otherconditions(OtherConditions_Acne)] = '1',,,,,,
Personal Medical History,,other_allergiescurrently,personal_medical_history,,radio,Are you still seeing a doctor or health care provider for allergies?,"AllergiesCurrently_Yes, Yes | AllergiesCurrently_No, No",,,,[other_otherconditions(OtherConditions_Allergies)] = '1',,,,,,
Personal Medical History,,other_howoldwereyouallergies,personal_medical_history,,radio,About how old were you when you were first told you had allergies?,"HowOldWereYouAllergies_Child, Child (0-11) | HowOldWereYouAllergies_Adolescent, Adolescent (12-17) | HowOldWereYouAllergies_Adult, Adult (18-64) | HowOldWereYouAllergies_OlderAdult, Older adult (65-74) | HowOldWereYouAllergies_Elderly, Elderly (75+)",,,,[other_otherconditions(OtherConditions_Allergies)] = '1',,,,,,
Personal Medical History,,other_rxmedsforallergies,personal_medical_history,,radio,Are you currently prescribed medications and/or receiving treatment for allergies?,"RxMedsforAllergies_Yes, Yes | RxMedsforAllergies_No, No",,,,[other_otherconditions(OtherConditions_Allergies)] = '1',,,,,,
Personal Medical History,,other_endometriosiscurrently,personal_medical_history,,radio,Are you still seeing a doctor or health care provider for endometriosis?,"EndometriosisCurrently_Yes, Yes | EndometriosisCurrently_No, No",,,,[other_otherconditions(OtherConditions_Endometriosis)] = '1',,,,,,
Personal Medical History,,other_howoldwereyouendometriosis,personal_medical_history,,radio,About how old were you when you were first told you had endometriosis?,"HowOldWereYouEndometriosis_Child, Child (0-11) | HowOldWereYouEndometriosis_Adolescent, Adolescent (12-17) | HowOldWereYouEndometriosis_Adult, Adult (18-64) | HowOldWereYouEndometriosis_OlderAdult, Older adult (65-74) | HowOldWereYouEndometriosis_Elderly, Elderly (75+)",,,,[other_otherconditions(OtherConditions_Endometriosis)] = '1',,,,,,
Personal Medical History,,other_rxmedsforendometriosis,personal_medical_history,,radio,Are you currently prescribed medications and/or receiving treatment for endometriosis?,"RxMedsforEndometriosis_Yes, Yes | RxMedsforEndometriosis_No, No",,,,[other_otherconditions(OtherConditions_Endometriosis)] = '1',,,,,,
Personal Medical History,,other_enlargedprostatecurrently,personal_medical_history,,radio,Are you still seeing a doctor or health care provider for enlarged prostate?,"EnlargedProstateCurrently_Yes, Yes | EnlargedProstateCurrently_No, No",,,,[other_otherconditions(OtherConditions_EnlargedProstate)] = '1',,,,,,
Personal Medical History,,other_howoldwereyouenlargedprostate,personal_medical_history,,radio,About how old were you when you were first told you had enlarged prostate?,"HowOldWereYouEnlargedProstate_Child, Child (0-11) | HowOldWereYouEnlargedProstate_Adolescent, Adolescent (12-17) | HowOldWereYouEnlargedProstate_Adult, Adult (18-64) | HowOldWereYouEnlargedProstate_OlderAdult, Older adult (65-74) | HowOldWereYouEnlargedProstate_Elderly, Elderly (75+)",,,,[other_otherconditions(OtherConditions_EnlargedProstate)] = '1',,,,,,
Personal Medical History,,other_rxmedsforenlargedprostate,personal_medical_history,,radio,Are you currently prescribed medications and/or receiving treatment for enlarged prostate?,"RxMedsforEnlargedProstate_Yes, Yes | RxMedsforEnlargedProstate_No, No",,,,[other_otherconditions(OtherConditions_EnlargedProstate)] = '1',,,,,,
Personal Medical History,,other_fibroidscurrently,personal_medical_history,,radio,Are you still seeing a doctor or health care provider for fibroids?,"FibroidsCurrently_Yes, Yes | FibroidsCurrently_No, No",,,,[other_otherconditions(OtherConditions_Fibroids)] = '1',,,,,,
Personal Medical History,,other_howoldwereyoufibroids,personal_medical_history,,radio,About how old were you when you were first told you had fibroids?,"HowOldWereYouFibroids_Child, Child (0-11) | HowOldWereYouFibroids_Adolescent, Adolescent (12-17) | HowOldWereYouFibroids_Adult, Adult (18-64) | HowOldWereYouFibroids_OlderAdult, Older adult (65-74) | HowOldWereYouFibroids_Elderly, Elderly (75+)",,,,[other_otherconditions(OtherConditions_Fibroids)] = '1',,,,,,
Personal Medical History,,other_rxmedsforfibroids,personal_medical_history,,radio,Are you currently prescribed medications and/or receiving treatment for fibroids?,"RxMedsforFibroids_Yes, Yes | RxMedsforFibroids_No, No",,,,[other_otherconditions(OtherConditions_Fibroids)] = '1',,,,,,
Personal Medical History,,other_obesitycurrently,personal_medical_history,,radio,Are you still seeing a doctor or health care provider for obesity?,"ObesityCurrently_Yes, Yes | ObesityCurrently_No, No",,,,[other_otherconditions(OtherConditions_Obesity)] = '1',,,,,,
Personal Medical History,,other_howoldwereyouobesity,personal_medical_history,,radio,About how old were you when you were first told you had obesity?,"HowOldWereYouObesity_Child, Child (0-11) | HowOldWereYouObesity_Adolescent, Adolescent (12-17) | HowOldWereYouObesity_Adult, Adult (18-64) | HowOldWereYouObesity_OlderAdult, Older adult (65-74) | HowOldWereYouObesity_Elderly, Elderly (75+)",,,,[other_otherconditions(OtherConditions_Obesity)] = '1',,,,,,
Personal Medical History,,other_rxmedsforobesity,personal_medical_history,,radio,Are you currently prescribed medications and/or receiving treatment for obesity?,"RxMedsforObesity_Yes, Yes | RxMedsforObesity_No, No",,,,[other_otherconditions(OtherConditions_Obesity)] = '1',,,,,,
Personal Medical History,,other_pcoscurrently,personal_medical_history,,radio,Are you still seeing a doctor or health care provider for PCOS (polycystic ovarian syndrome)?,"PCOSCurrently_Yes, Yes | PCOSCurrently_No, No",,,,[other_otherconditions(OtherConditions_PCOS)] = '1',,,,,,
Personal Medical History,,other_howoldwereyoupcos,personal_medical_history,,radio,About how old were you when you were first told you had PCOS (polycystic ovarian syndrome)?,"HowOldWereYouPCOS_Child, Child (0-11) | HowOldWereYouPCOS_Adolescent, Adolescent (12-17) | HowOldWereYouPCOS_Adult, Adult (18-64) | HowOldWereYouPCOS_OlderAdult, Older adult (65-74) | HowOldWereYouPCOS_Elderly, Elderly (75+)",,,,[other_otherconditions(OtherConditions_PCOS)] = '1',,,,,,
Personal Medical History,,other_rxmedsforpcos,personal_medical_history,,radio,Are you currently prescribed medications and/or receiving treatment for PCOS (polycystic ovarian syndrome)?,"RxMedsforPCOS_Yes, Yes | RxMedsforPCOS_No, No",,,,[other_otherconditions(OtherConditions_PCOS)] = '1',,,,,,
Personal Medical History,,other_reactionsanesthesiacurrently,personal_medical_history,,radio,Are you still seeing a doctor or health care provider for reactions to anesthesia (such as hyperthermia)?,"ReactionsAnesthesiaCurrently_Yes, Yes | ReactionsAnesthesiaCurrently_No, No",,,,[other_otherconditions(OtherConditions_ReactionsAnesthesia)] = '1',,,,,,
Personal Medical History,,other_howoldwereyoureactionsanesthesia,personal_medical_history,,radio,About how old were you when you were first told you had reactions to anesthesia (such as hyperthermia)?,"HowOldWereYouReactionsAnesthesia_Child, Child (0-11) | HowOldWereYouReactionsAnesthesia_Adolescent, Adolescent (12-17) | HowOldWereYouReactionsAnesthesia_Adult, Adult (18-64) | HowOldWereYouReactionsAnesthesia_OlderAdult, Older adult (65-74) | HowOldWereYouReactionsAnesthesia_Elderly, Elderly (75+)",,,,[other_otherconditions(OtherConditions_ReactionsAnesthesia)] = '1',,,,,,
Personal Medical History,,other_rxmedsforreactionsanesthesia,personal_medical_history,,radio,Are you currently prescribed medications and/or receiving treatment for reactions to anesthesia (such as hyperthermia)?,"RxMedsforReactionsAnesthesia_Yes, Yes | RxMedsforReactionsAnesthesia_No, No",,,,[other_otherconditions(OtherConditions_ReactionsAnesthesia)] = '1',,,,,,
Personal Medical History,,other_skinconditioncurrently,personal_medical_history,,radio,"Are you still seeing a doctor or health care provider for a skin condition (e.g., eczema, psoriasis)?","SkinConditionCurrently_Yes, Yes | SkinConditionCurrently_No, No",,,,[other_otherconditions(OtherConditions_SkinCondition)] = '1',,,,,,
Personal Medical History,,other_howoldwereyouskincondition,personal_medical_history,,radio,"About how old were you when you were first told you had a skin condition (e.g., eczema, psoriasis)?","HowOldWereYouSkinCondition_Child, Child (0-11) | HowOldWereYouSkinCondition_Adolescent, Adolescent (12-17) | HowOldWereYouSkinCondition_Adult, Adult (18-64) | HowOldWereYouSkinCondition_OlderAdult, Older adult (65-74) | HowOldWereYouSkinCondition_Elderly, Elderly (75+)",,,,[other_otherconditions(OtherConditions_SkinCondition)] = '1',,,,,,
Personal Medical History,,other_rxmedsforskincondition,personal_medical_history,,radio,"Are you currently prescribed medications and/or receiving treatment for a skin condition (e.g., eczema, psoriasis)?","RxMedsforSkinCondition_Yes, Yes | RxMedsforSkinCondition_No, No",,,,[other_otherconditions(OtherConditions_SkinCondition)] = '1',,,,,,
Personal Medical History,,other_vitaminbdeficiencycurrently,personal_medical_history,,radio,Are you still seeing a doctor or health care provider for vitamin B deficiency?,"VitaminBDeficiencyCurrently_Yes, Yes | VitaminBDeficiencyCurrently_No, No",,,,[other_otherconditions(OtherConditions_VitaminBDeficiency)] = '1',,,,,,
Personal Medical History,,other_howoldwereyouvitaminbdeficiency,personal_medical_history,,radio,About how old were you when you were first told you had vitamin B deficiency?,"HowOldWereYouVitaminBDeficiency_Child, Child (0-11) | HowOldWereYouVitaminBDeficiency_Adolescent, Adolescent (12-17) | HowOldWereYouVitaminBDeficiency_Adult, Adult (18-64) | HowOldWereYouVitaminBDeficiency_OlderAdult, Older adult (65-74) | HowOldWereYouVitaminBDeficiency_Elderly, Elderly (75+)",,,,[other_otherconditions(OtherConditions_VitaminBDeficiency)] = '1',,,,,,
Personal Medical History,,other_rxmedsforvitaminbdeficiency,personal_medical_history,,radio,Are you currently prescribed medications and/or receiving treatment for vitamin B deficiency?,"RxMedsforVitaminBDeficiency_Yes, Yes | RxMedsforVitaminBDeficiency_No, No",,,,[other_otherconditions(OtherConditions_VitaminBDeficiency)] = '1',,,,,,
Personal Medical History,,other_vitaminddeficiencycurrently,personal_medical_history,,radio,Are you still seeing a doctor or health care provider for vitamin D deficiency?,"VitaminDDeficiencyCurrently_Yes, Yes | VitaminDDeficiencyCurrently_No, No",,,,[other_otherconditions(OtherConditions_VitaminDDeficiency)] = '1',,,,,,
Personal Medical History,,other_howoldwereyouvitaminddeficiency,personal_medical_history,,radio,About how old were you when you were first told you had vitamin D deficiency?,"HowOldWereYouVitaminDDeficiency_Child, Child (0-11) | HowOldWereYouVitaminDDeficiency_Adolescent, Adolescent (12-17) | HowOldWereYouVitaminDDeficiency_Adult, Adult (18-64) | HowOldWereYouVitaminDDeficiency_OlderAdult, Older adult (65-74) | HowOldWereYouVitaminDDeficiency_Elderly, Elderly (75+)",,,,[other_otherconditions(OtherConditions_VitaminDDeficiency)] = '1',,,,,,
Personal Medical History,,other_rxmedsforvitaminddeficiency,personal_medical_history,,radio,Are you currently prescribed medications and/or receiving treatment for vitamin D deficiency?,"RxMedsforVitaminDDeficiency_Yes, Yes | RxMedsforVitaminDDeficiency_No, No",,,,[other_otherconditions(OtherConditions_VitaminDDeficiency)] = '1',,,,,,
Personal Medical History,,otherdiagnosis_freetextbox,personal_medical_history,,text,Please specify other diagnosis.,,,,,[other_otherconditions(OtherConditions_OtherDiagnosis)] = '1',,,REGISTERED_QUESTION_SUPPRESSED,,REGISTERED_QUESTION_SUPPRESSED,CONTROLLED_QUESTION_SUPPRESSED
Personal Medical History,,other_otherdiagnosiscurrently,personal_medical_history,,radio,Are you still seeing a doctor or health care provider for other diagnosis?,"OtherDiagnosisCurrently_Yes, Yes | OtherDiagnosisCurrentlyCurrently_No, No",,,,[other_otherconditions(OtherConditions_OtherDiagnosis)] = '1',,,,,,
Personal Medical History,,other_howoldwereyouotherdiagnosis,personal_medical_history,,radio,About how old were you when you were first told you had other diagnosis?,"HowOldWereYouOtherDiagnosis_Child, Child (0-11) | HowOldWereYouOtherDiagnosis_Adolescent, Adolescent (12-17) | HowOldWereYouOtherDiagnosis_Adult, Adult (18-64) | HowOldWereYouOtherDiagnosis_OlderAdult, Older adult (65-74) | HowOldWereYouOtherDiagnosis_Elderly, Elderly (75+)",,,,[other_otherconditions(OtherConditions_OtherDiagnosis)] = '1',,,,,,
Personal Medical History,,other_rxmedsforotherdiagnosis,personal_medical_history,,radio,Are you currently prescribed medications and/or receiving treatment for other diagnosis?,"RxMedsforOtherDiagnosis_Yes, Yes | RxMedsforOtherDiagnosis_No, No",,,,[other_otherconditions(OtherConditions_OtherDiagnosis)] = '1',,,,,,
Personal and Family Health Hist,,personalfamilyhistory,personal_and_family_health_history,,descriptive,Personal and Family Health History,,,,,,,,,,,
Personal and Family Health Hist,,familyhistory_familymedicalhistoryaware,personal_and_family_health_history,"Please answer each question as honestly as possible. There are no right or wrong answers to any of the questions. It is important that you answer as many questions as you can. We are looking for your own answers, and not what you think your doctors, family, or friends want you to say.

Don't feel like you have to spend a long time on each question. The first answer that comes to you is usually the best one. If you aren't sure how to answer a question, choose the best answer from the available choices. Some questions also let you say if you don't know an answer or would rather not answer.

This module asks you about your personal and family's medical history, including medical conditions that you, your biological parents, grandparents, siblings, or children currently have or had in the past. Understanding your and your family's experiences with medical issues can tell us a lot about what kinds of medical issues might be related to your genetics. Genetics has to do with traits that are passed down from generation to generation in a family.

You will be asked questions about you and your family. In terms of your family, think only of people you are related to by blood including those living or deceased. ",radio,"How much do you know about illnesses or health problems for your parents, grandparents, brothers, sisters, and/or children?","FamilyMedicalHistoryAware_Alot, A lot | FamilyMedicalHistoryAware_Some, Some | FamilyMedicalHistoryAware_None, None at all",,,,,,,,,,
Personal and Family Health Hist,,diagnosedhealthcondition_cancercondition,personal_and_family_health_history,Cancer Conditions,checkbox,Have you or anyone in your family ever been diagnosed with the following cancer conditions? Think only of the people you are related to by blood. Select all that apply.,"CancerCondition_BladderCancer, Bladder cancer | CancerCondition_BloodCancer, Blood or soft tissue cancer | CancerCondition_BoneCancer, Bone cancer | CancerCondition_BrainCancer, Brain cancer | CancerCondition_BreastCancer, Breast cancer | CancerCondition_CervicalCancer, Cervical cancer | CancerCondition_ColonRectalCancer, Colon cancer/Rectal cancer | CancerCondition_EndocrineCancer, Endocrine cancer | CancerCondition_EndometrialCancer, Endometrial cancer | CancerCondition_EsophagealCancer, Esophageal cancer | CancerCondition_EyeCancer, Eye cancer | CancerCondition_HeadNeckCancer, Head and neck cancer (This includes cancers of the mouth, sinuses, nose, or throat. This does not include brain cancer.) | CancerCondition_KidneyCancer, Kidney cancer | CancerCondition_LungCancer, Lung cancer | CancerCondition_OvarianCancer, Ovarian cancer | CancerCondition_PancreaticCancer, Pancreatic cancer | CancerCondition_ProstateCancer, Prostate cancer | CancerCondition_SkinCancer, Skin cancer | CancerCondition_StomachCancer, Stomach cancer | CancerCondition_ThyroidCancer, Thyroid cancer | CancerCondition_OtherCancer, Other cancer | PMI_None, None of the above | PMI_DontKnow, Don't know | PMI_PreferNotToAnswer, Prefer not to answer",,,,,,,,,,
Personal and Family Health Hist,,cancercondition_bladdercancer_yes,personal_and_family_health_history,,checkbox,"Including yourself, who in your family has had bladder cancer? Select all that apply.","CancerConditions_BladderCancer, Self | MotherCancerCondition_BladderCancer, Mother | FatherCancerCondition_BladderCancer, Father | SiblingCancerCondition_BladderCancer, Sibling | DaughterCancerCondition_BladderCancer, Daughter | SonCancerCondition_BladderCancer, Son | GrandparentCancerCondition_BladderCancer, Grandparent",,,,[diagnosedhealthcondition_cancercondition(CancerCondition_BladderCancer)] = '1',,,,,,
Personal and Family Health Hist,,cancer_bladdercancercurrently,personal_and_family_health_history,,radio,Are you still seeing a doctor or health care provider for bladder cancer?,"BladderCancerCurrently_Yes, Yes | BladderCancerCurrently_No, No",,,,[cancercondition_bladdercancer_yes(CancerConditions_BladderCancer)] = '1',,,,,,
Personal and Family Health Hist,,cancer_howoldwereyoubladdercancer,personal_and_family_health_history,,radio,About how old were you when you were first told you had bladder cancer?,"HowOldWereYouBladderCancer_Child, Child (0-11) | HowOldWereYouBladderCancer_Adolescent, Adolescent (12-17) | HowOldWereYouBladderCancer_Adult, Adult (18-64) | HowOldWereYouBladderCancer_OlderAdult, Older adult (65-74) | HowOldWereYouBladderCancer_Elderly, Elderly (75+)",,,,[cancercondition_bladdercancer_yes(CancerConditions_BladderCancer)] = '1',,,,,,
Personal and Family Health Hist,,cancer_rxmedsforbladdercancer,personal_and_family_health_history,,radio,Are you currently prescribed medications and/or receiving treatment for bladder cancer?,"RxMedsforBladderCancer_Yes, Yes | RxMedsforBladderCancer_No, No",,,,[cancercondition_bladdercancer_yes(CancerConditions_BladderCancer)] = '1',,,,,,
Personal and Family Health Hist,,cancercondition_bloodcancer_yes,personal_and_family_health_history,,checkbox,"Including yourself, who in your family has had blood or soft tissue cancer? Select all that apply.","CancerConditions_BloodCancer, Self | MotherCancerCondition_BloodCancer, Mother | FatherCancerCondition_BloodCancer, Father | SiblingCancerCondition_BloodCancer, Sibling | DaughterCancerCondition_BloodCancer, Daughter | SonCancerCondition_BloodCancer, Son | GrandparentCancerCondition_BloodCancer, Grandparent",,,,[diagnosedhealthcondition_cancercondition(CancerCondition_BloodCancer)] = '1',,,,,,
Personal and Family Health Hist,,cancer_bloodcancercurrently,personal_and_family_health_history,,radio,Are you still seeing a doctor or health care provider for blood or soft tissue cancer?,"BloodCancerCurrently_Yes, Yes | BloodCancerCurrently_No, No",,,,[cancercondition_bloodcancer_yes(CancerConditions_BloodCancer)] = '1',,,,,,
Personal and Family Health Hist,,cancer_howoldwereyoubloodcancer,personal_and_family_health_history,,radio,About how old were you when you were first told you had blood or soft tissue cancer?,"HowOldWereYouBloodCancer_Child, Child (0-11) | HowOldWereYouBloodCancer_Adolescent, Adolescent (12-17) | HowOldWereYouBloodCancer_Adult, Adult (18-64) | HowOldWereYouBloodCancer_OlderAdult, Older adult (65-74) | HowOldWereYouBloodCancer_Elderly, Elderly (75+)",,,,[cancercondition_bloodcancer_yes(CancerConditions_BloodCancer)] = '1',,,,,,
Personal and Family Health Hist,,cancer_rxmedsforbloodcancer,personal_and_family_health_history,,radio,Are you currently prescribed medications and/or receiving treatment for blood or soft tissue cancer?,"RxMedsforBloodCancer_Yes, Yes | RxMedsforBloodCancer_No, No",,,,[cancercondition_bloodcancer_yes(CancerConditions_BloodCancer)] = '1',,,,,,
Personal and Family Health Hist,,cancercondition_bonecancer_yes,personal_and_family_health_history,,checkbox,"Including yourself, who in your family has had bone cancer? Select all that apply.","CancerConditions_BoneCancer, Self | MotherCancerCondition_BoneCancer, Mother | FatherCancerCondition_BoneCancer, Father | SiblingCancerCondition_BoneCancer, Sibling | DaughterCancerCondition_BoneCancer, Daughter | SonCancerCondition_BoneCancer, Son | GrandparentCancerCondition_BoneCancer, Grandparent",,,,[diagnosedhealthcondition_cancercondition(CancerCondition_BoneCancer)] = '1',,,,,,
Personal and Family Health Hist,,cancer_bonecancercurrently,personal_and_family_health_history,,radio,Are you still seeing a doctor or health care provider for bone cancer?,"BoneCancerCurrently_Yes, Yes | BoneCancerCurrently_No, No",,,,[cancercondition_bonecancer_yes(CancerConditions_BoneCancer)] = '1',,,,,,
Personal and Family Health Hist,,cancer_howoldwereyoubonecancer,personal_and_family_health_history,,radio,About how old were you when you were first told you had bone cancer?,"HowOldWereYouBoneCancer_Child, Child (0-11) | HowOldWereYouBoneCancer_Adolescent, Adolescent (12-17) | HowOldWereYouBoneCancer_Adult, Adult (18-64) | HowOldWereYouBoneCancer_OlderAdult, Older adult (65-74) | HowOldWereYouBoneCancer_Elderly, Elderly (75+)",,,,[cancercondition_bonecancer_yes(CancerConditions_BoneCancer)] = '1',,,,,,
Personal and Family Health Hist,,cancer_rxmedsforbonecancer,personal_and_family_health_history,,radio,Are you currently prescribed medications and/or receiving treatment for bone cancer?,"RxMedsforBoneCancer_Yes, Yes | RxMedsforBoneCancer_No, No",,,,[cancercondition_bonecancer_yes(CancerConditions_BoneCancer)] = '1',,,,,,
Personal and Family Health Hist,,cancercondition_braincancer_yes,personal_and_family_health_history,,checkbox,"Including yourself, who in your family has had brain cancer? Select all that apply.","CancerConditions_BrainCancer, Self | MotherCancerCondition_BrainCancer, Mother | FatherCancerCondition_BrainCancer, Father | SiblingCancerCondition_BrainCancer, Sibling | DaughterCancerCondition_BrainCancer, Daughter | SonCancerCondition_BrainCancer, Son | GrandparentCancerCondition_BrainCancer, Grandparent",,,,[diagnosedhealthcondition_cancercondition(CancerCondition_BrainCancer)] = '1',,,,,,
Personal and Family Health Hist,,cancer_braincancercurrently,personal_and_family_health_history,,radio,Are you still seeing a doctor or health care provider for brain cancer?,"BrainCancerCurrently_Yes, Yes | BrainCancerCurrently_No, No",,,,[cancercondition_braincancer_yes(CancerConditions_BrainCancer)] = '1',,,,,,
Personal and Family Health Hist,,cancer_howoldwereyoubraincancer,personal_and_family_health_history,,radio,About how old were you when you were first told you had brain cancer?,"HowOldWereYouBrainCancer_Child, Child (0-11) | HowOldWereYouBrainCancer_Adolescent, Adolescent (12-17) | HowOldWereYouBrainCancer_Adult, Adult (18-64) | HowOldWereYouBrainCancer_OlderAdult, Older adult (65-74) | HowOldWereYouBrainCancer_Elderly, Elderly (75+)",,,,[cancercondition_braincancer_yes(CancerConditions_BrainCancer)] = '1',,,,,,
Personal and Family Health Hist,,cancer_rxmedsforbraincancer,personal_and_family_health_history,,radio,Are you currently prescribed medications and/or receiving treatment for brain cancer?,"RxMedsforBrainCancer_Yes, Yes | RxMedsforBrainCancer_No, No",,,,[cancercondition_braincancer_yes(CancerConditions_BrainCancer)] = '1',,,,,,
Personal and Family Health Hist,,cancercondition_breastcancer_yes,personal_and_family_health_history,,checkbox,"Including yourself, who in your family has had breast cancer? Select all that apply.","CancerConditions_BreastCancer, Self | MotherCancerCondition_BreastCancer, Mother | FatherCancerCondition_BreastCancer, Father | SiblingCancerCondition_BreastCancer, Sibling | DaughterCancerCondition_BreastCancer, Daughter | SonCancerCondition_BreastCancer, Son | GrandparentCancerCondition_BreastCancer, Grandparent",,,,[diagnosedhealthcondition_cancercondition(CancerCondition_BreastCancer)] = '1',,,,,,
Personal and Family Health Hist,,cancer_breastcancercurrently,personal_and_family_health_history,,radio,Are you still seeing a doctor or health care provider for breast cancer?,"BreastCancerCurrently_Yes, Yes | BreastCancerCurrently_No, No",,,,[cancercondition_breastcancer_yes(CancerConditions_BreastCancer)] = '1',,,,,,
Personal and Family Health Hist,,cancer_howoldwereyoubreastcancer,personal_and_family_health_history,,radio,About how old were you when you were first told you had breast cancer?,"HowOldWereYouBreastCancer_Child, Child (0-11) | HowOldWereYouBreastCancer_Adolescent, Adolescent (12-17) | HowOldWereYouBreastCancer_Adult, Adult (18-64) | HowOldWereYouBreastCancer_OlderAdult, Older adult (65-74) | HowOldWereYouBreastCancer_Elderly, Elderly (75+)",,,,[cancercondition_breastcancer_yes(CancerConditions_BreastCancer)] = '1',,,,,,
Personal and Family Health Hist,,cancer_rxmedsforbreastcancer,personal_and_family_health_history,,radio,Are you currently prescribed medications and/or receiving treatment for breast cancer?,"RxMedsforBreastCancer_Yes, Yes | RxMedsforBreastCancer_No, No",,,,[cancercondition_breastcancer_yes(CancerConditions_BreastCancer)] = '1',,,,,,
Personal and Family Health Hist,,cancercondition_cervicalcancer_yes,personal_and_family_health_history,,checkbox,"Including yourself, who in your family has had cervical cancer? Select all that apply.","CancerConditions_CervicalCancer, Self | MotherCancerCondition_CervicalCancer, Mother | SiblingCancerCondition_CervicalCancer, Sibling | DaughterCancerCondition_CervicalCancer, Daughter | GrandparentCancerCondition_CervicalCancer, Grandparent",,,,[diagnosedhealthcondition_cancercondition(CancerCondition_CervicalCancer)] = '1',,,,,,
Personal and Family Health Hist,,cancer_cervicalcancercurrently,personal_and_family_health_history,,radio,Are you still seeing a doctor or health care provider for cervical cancer?,"CervicalCancerCurrently_Yes, Yes | CervicalCancerCurrently_No, No",,,,[cancercondition_cervicalcancer_yes(CancerConditions_CervicalCancer)] = '1',,,,,,
Personal and Family Health Hist,,cancer_howoldwereyoucervicalcancer,personal_and_family_health_history,,radio,About how old were you when you were first told you had cervical cancer?,"HowOldWereYouCervicalCancer_Child, Child (0-11) | HowOldWereYouCervicalCancer_Adolescent, Adolescent (12-17) | HowOldWereYouCervicalCancer_Adult, Adult (18-64) | HowOldWereYouCervicalCancer_OlderAdult, Older adult (65-74) | HowOldWereYouCervicalCancer_Elderly, Elderly (75+)",,,,[cancercondition_cervicalcancer_yes(CancerConditions_CervicalCancer)] = '1',,,,,,
Personal and Family Health Hist,,cancer_rxmedsforcervicalcancer,personal_and_family_health_history,,radio,Are you currently prescribed medications and/or receiving treatment for cervical cancer?,"RxMedsforCervicalCancer_Yes, Yes | RxMedsforCervicalCancer_No, No",,,,[cancercondition_cervicalcancer_yes(CancerConditions_CervicalCancer)] = '1',,,,,,
Personal and Family Health Hist,,cancercondition_colonrectalcancer_yes,personal_and_family_health_history,,checkbox,"Including yourself, who in your family has had colon cancer/rectal cancer? Select all that apply.","CancerConditions_ColonRectalCancer, Self | MotherCancerCondition_ColonRectalCancer, Mother | FatherCancerCondition_ColonRectalCancer, Father | SiblingCancerCondition_ColonRectalCancer, Sibling | DaughterCancerCondition_ColonRectalCancer, Daughter | SonCancerCondition_ColonRectalCancer, Son | GrandparentCancerCondition_ColonRectalCancer, Grandparent",,,,[diagnosedhealthcondition_cancercondition(CancerCondition_ColonRectalCancer)] = '1',,,,,,
Personal and Family Health Hist,,cancer_colonrectalcancercurrently,personal_and_family_health_history,,radio,Are you still seeing a doctor or health care provider for colon cancer/rectal cancer?,"ColonRectalCancerCurrently_Yes, Yes | ColonRectalCancerCurrently_No, No",,,,[cancercondition_colonrectalcancer_yes(CancerConditions_ColonRectalCancer)] = '1',,,,,,
Personal and Family Health Hist,,cancer_howoldwereyoucolonrectalcancer,personal_and_family_health_history,,radio,About how old were you when you were first told you had colon cancer/rectal cancer?,"HowOldWereYouColonRectalCancer_Child, Child (0-11) | HowOldWereYouColonRectalCancer_Adolescent, Adolescent (12-17) | HowOldWereYouColonRectalCancer_Adult, Adult (18-64) | HowOldWereYouColonRectalCancer_OlderAdult, Older adult (65-74) | HowOldWereYouColonRectalCancer_Elderly, Elderly (75+)",,,,[cancercondition_colonrectalcancer_yes(CancerConditions_ColonRectalCancer)] = '1',,,,,,
Personal and Family Health Hist,,cancer_rxmedsforcolonrectalcancer,personal_and_family_health_history,,radio,Are you currently prescribed medications and/or receiving treatment for colon cancer/rectal cancer?,"RxMedsforColonRectalCancer_Yes, Yes | RxMedsforColonRectalCancer_No, No",,,,[cancercondition_colonrectalcancer_yes(CancerConditions_ColonRectalCancer)] = '1',,,,,,
Personal and Family Health Hist,,cancercondition_endocrinecancer_yes,personal_and_family_health_history,,checkbox,"Including yourself, who in your family has had endocrine cancer? Select all that apply.","CancerConditions_EndocrineCancer, Self | MotherCancerCondition_EndocrineCancer, Mother | FatherCancerCondition_EndocrineCancer, Father | SiblingCancerCondition_EndocrineCancer, Sibling | DaughterCancerCondition_EndocrineCancer, Daughter | SonCancerCondition_EndocrineCancer, Son | GrandparentCancerCondition_EndocrineCancer, Grandparent",,,,[diagnosedhealthcondition_cancercondition(CancerCondition_EndocrineCancer)] = '1',,,,,,
Personal and Family Health Hist,,cancer_endocrinecancercurrently,personal_and_family_health_history,,radio,Are you still seeing a doctor or health care provider for endocrine cancer?,"EndocrineCancerCurrently_Yes, Yes | EndocrineCancerCurrently_No, No",,,,[cancercondition_endocrinecancer_yes(CancerConditions_EndocrineCancer)] = '1',,,,,,
Personal and Family Health Hist,,cancer_howoldwereyouendocrinecancer,personal_and_family_health_history,,radio,About how old were you when you were first told you had endocrine cancer?,"HowOldWereYouEndocrineCancer_Child, Child (0-11) | HowOldWereYouEndocrineCancer_Adolescent, Adolescent (12-17) | HowOldWereYouEndocrineCancer_Adult, Adult (18-64) | HowOldWereYouEndocrineCancer_OlderAdult, Older adult (65-74) | HowOldWereYouEndocrineCancer_Elderly, Elderly (75+)",,,,[cancercondition_endocrinecancer_yes(CancerConditions_EndocrineCancer)] = '1',,,,,,
Personal and Family Health Hist,,cancer_rxmedsforendocrinecancer,personal_and_family_health_history,,radio,Are you currently prescribed medications and/or receiving treatment for endocrine cancer?,"RxMedsforEndocrineCancer_Yes, Yes | RxMedsforEndocrineCancer_No, No",,,,[cancercondition_endocrinecancer_yes(CancerConditions_EndocrineCancer)] = '1',,,,,,
Personal and Family Health Hist,,cancercondition_endometrialcancer_yes,personal_and_family_health_history,,checkbox,"Including yourself, who in your family has had endometrial cancer? Select all that apply.","CancerConditions_EndometrialCancer, Self | MotherCancerCondition_EndometrialCancer, Mother | SiblingCancerCondition_EndometrialCancer, Sibling | DaughterCancerCondition_EndometrialCancer, Daughter | GrandparentCancerCondition_EndometrialCancer, Grandparent",,,,[diagnosedhealthcondition_cancercondition(CancerCondition_EndometrialCancer)] = '1',,,,,,
Personal and Family Health Hist,,cancer_endometrialcancercurrently,personal_and_family_health_history,,radio,Are you still seeing a doctor or health care provider for endometrial cancer?,"EndometrialCancerCurrently_Yes, Yes | EndometrialCancerCurrently_No, No",,,,[cancercondition_endometrialcancer_yes(CancerConditions_EndometrialCancer)] = '1',,,,,,
Personal and Family Health Hist,,cancer_howoldwereyouendometrialcancer,personal_and_family_health_history,,radio,About how old were you when you were first told you had endometrial cancer?,"HowOldWereYouEndometrialCancer_Child, Child (0-11) | HowOldWereYouEndometrialCancer_Adolescent, Adolescent (12-17) | HowOldWereYouEndometrialCancer_Adult, Adult (18-64) | HowOldWereYouEndometrialCancer_OlderAdult, Older adult (65-74) | HowOldWereYouEndometrialCancer_Elderly, Elderly (75+)",,,,[cancercondition_endometrialcancer_yes(CancerConditions_EndometrialCancer)] = '1',,,,,,
Personal and Family Health Hist,,cancer_rxmedsforendometrialcancer,personal_and_family_health_history,,radio,Are you currently prescribed medications and/or receiving treatment for endometrial cancer?,"RxMedsforEndometrialCancer_Yes, Yes | RxMedsforEndometrialCancer_No, No",,,,[cancercondition_endometrialcancer_yes(CancerConditions_EndometrialCancer)] = '1',,,,,,
Personal and Family Health Hist,,cancercondition_esophagealcancer_yes,personal_and_family_health_history,,checkbox,"Including yourself, who in your family has had esophageal cancer? Select all that apply.","CancerConditions_EsophagealCancer, Self | MotherCancerCondition_EsophagealCancer, Mother | FatherCancerCondition_EsophagealCancer, Father | SiblingCancerCondition_EsophagealCancer, Sibling | DaughterCancerCondition_EsophagealCancer, Daughter | SonCancerCondition_EsophagealCancer, Son | GrandparentCancerCondition_EsophagealCancer, Grandparent",,,,[diagnosedhealthcondition_cancercondition(CancerCondition_EsophagealCancer)] = '1',,,,,,
Personal and Family Health Hist,,cancer_esophagealcancercurrently,personal_and_family_health_history,,radio,Are you still seeing a doctor or health care provider for esophageal cancer?,"EsophagealCancerCurrently_Yes, Yes | EsophagealCancerCurrently_No, No",,,,[cancercondition_esophagealcancer_yes(CancerConditions_EsophagealCancer)] = '1',,,,,,
Personal and Family Health Hist,,cancer_howoldwereyouesophagealcancer,personal_and_family_health_history,,radio,About how old were you when you were first told you had esophageal cancer?,"HowOldWereYouEsophagealCancer_Child, Child (0-11) | HowOldWereYouEsophagealCancer_Adolescent, Adolescent (12-17) | HowOldWereYouEsophagealCancer_Adult, Adult (18-64) | HowOldWereYouEsophagealCancer_OlderAdult, Older adult (65-74) | HowOldWereYouEsophagealCancer_Elderly, Elderly (75+)",,,,[cancercondition_esophagealcancer_yes(CancerConditions_EsophagealCancer)] = '1',,,,,,
Personal and Family Health Hist,,cancer_rxmedsforesophagealcancer,personal_and_family_health_history,,radio,Are you currently prescribed medications and/or receiving treatment for esophageal cancer?,"RxMedsforEsophagealCancer_Yes, Yes | RxMedsforEsophagealCancer_No, No",,,,[cancercondition_esophagealcancer_yes(CancerConditions_EsophagealCancer)] = '1',,,,,,
Personal and Family Health Hist,,cancercondition_eyecancer_yes,personal_and_family_health_history,,checkbox,"Including yourself, who in your family has had eye cancer? Select all that apply.","CancerConditions_EyeCancer, Self | MotherCancerCondition_EyeCancer, Mother | FatherCancerCondition_EyeCancer, Father | SiblingCancerCondition_EyeCancer, Sibling | DaughterCancerCondition_EyeCancer, Daughter | SonCancerCondition_EyeCancer, Son | GrandparentCancerCondition_EyeCancer, Grandparent",,,,[diagnosedhealthcondition_cancercondition(CancerCondition_EyeCancer)] = '1',,,,,,
Personal and Family Health Hist,,cancer_eyecancercurrently,personal_and_family_health_history,,radio,Are you still seeing a doctor or health care provider for eye cancer?,"EyeCancerCurrently_Yes, Yes | EyeCancerCurrently_No, No",,,,[cancercondition_eyecancer_yes(CancerConditions_EyeCancer)] = '1',,,,,,
Personal and Family Health Hist,,cancer_howoldwereyoueyecancer,personal_and_family_health_history,,radio,About how old were you when you were first told you had eye cancer?,"HowOldWereYouEyeCancer_Child, Child (0-11) | HowOldWereYouEyeCancer_Adolescent, Adolescent(12-17) | HowOldWereYouEyeCancer_Adult, Adult (18-64) | HowOldWereYouEyeCancer_OlderAdult, Older adult (65-64) | HowOldWereYouEyeCancer_Elderly, Elderly (75+)",,,,[cancercondition_eyecancer_yes(CancerConditions_EyeCancer)] = '1',,,,,,
Personal and Family Health Hist,,cancer_rxmedsforeyecancer,personal_and_family_health_history,,radio,Are you currently prescribed medications and/or receiving treatment for eye cancer?,"RxMedsforEyeCancer_Yes, Yes | RxMedsforEyeCancer_No, No",,,,[cancercondition_eyecancer_yes(CancerConditions_EyeCancer)] = '1',,,,,,
Personal and Family Health Hist,,cancercondition_headneckcancer_yes,personal_and_family_health_history,,checkbox,"Including yourself, who in your family has had head and neck cancer? (This includes cancers of the mouth, sinuses, nose, or throat. This does not include brain cancer.) Select all that apply.","CancerConditions_HeadNeckCancer, Self | MotherCancerCondition_HeadNeckCancer, Mother | FatherCancerCondition_HeadNeckCancer, Father | SiblingCancerCondition_HeadNeckCancer, Sibling | DaughterCancerCondition_HeadNeckCancer, Daughter | SonCancerCondition_HeadNeckCancer, Son | GrandparentCancerCondition_HeadNeckCancer, Grandparent",,,,[diagnosedhealthcondition_cancercondition(CancerCondition_HeadNeckCancer)] = '1',,,,,,
Personal and Family Health Hist,,cancer_headneckcancercurrently,personal_and_family_health_history,,radio,"Are you still seeing a doctor or health care provider for head and neck cancer? (This includes cancers of the mouth, sinuses, nose, or throat. This does not include brain cancer.)","HeadNeckCancerCurrently_Yes, Yes | HeadNeckCancerCurrently_No, No",,,,[cancercondition_headneckcancer_yes(CancerConditions_HeadNeckCancer)] = '1',,,,,,
Personal and Family Health Hist,,cancer_howoldwereyouheadneckcancer,personal_and_family_health_history,,radio,"About how old were you when you were first told you had head and neck cancer? (This includes cancers of the mouth, sinuses, nose, or throat. This does not include brain cancer.)","HowOldWereYouHeadNeckCancer_Child, Child (0-11) | HowOldWereYouHeadNeckCancer_Adolescent, Adolescent (12-17) | HowOldWereYouHeadNeckCancer_Adult, Adult (18-64) | HowOldWereYouHeadNeckCancer_OlderAdult, Older adult (65-74) | HowOldWereYouHeadNeckCancer_Elderly, Elderly (75+)",,,,[cancercondition_headneckcancer_yes(CancerConditions_HeadNeckCancer)] = '1',,,,,,
Personal and Family Health Hist,,cancer_rxmedsforheadneckcancer,personal_and_family_health_history,,radio,"Are you currently prescribed medications and/or receiving treatment for head and neck cancer? (This includes cancers of the mouth, sinuses, nose, or throat. This does not include brain cancer.)","RxMedsforHeadNeckCancer_Yes, Yes | RxMedsforHeadNeckCancer_No, No",,,,[cancercondition_headneckcancer_yes(CancerConditions_HeadNeckCancer)] = '1',,,,,,
Personal and Family Health Hist,,cancercondition_kidneycancer_yes,personal_and_family_health_history,,checkbox,"Including yourself, who in your family has had kidney cancer? Select all that apply.","CancerConditions_KidneyCancer, Self | MotherCancerCondition_KidneyCancer, Mother | FatherCancerCondition_KidneyCancer, Father | SiblingCancerCondition_KidneyCancer, Sibling | DaughterCancerCondition_KidneyCancer, Daughter | SonCancerCondition_KidneyCancer, Son | GrandparentCancerCondition_KidneyCancer, Grandparent",,,,[diagnosedhealthcondition_cancercondition(CancerCondition_KidneyCancer)] = '1',,,,,,
Personal and Family Health Hist,,cancer_kidneycancercurrently,personal_and_family_health_history,,radio,Are you still seeing a doctor or health care provider for kidney cancer?,"KidneyCancerCurrently_Yes, Yes | KidneyCancerCurrently_No, No",,,,[cancercondition_kidneycancer_yes(CancerConditions_KidneyCancer)] = '1',,,,,,
Personal and Family Health Hist,,cancer_howoldwereyoukidneycancer,personal_and_family_health_history,,radio,About how old were you when you were first told you had kidney cancer?,"HowOldWereYouKidneyCancer_Child, Child (0-11) | HowOldWereYouKidneyCancer_Adolescent, Adolescent (12-17) | HowOldWereYouKidneyCancer_Adult, Adult (18-64) | HowOldWereYouKidneyCancer_OlderAdult, Older adult (65-74) | HowOldWereYouKidneyCancer_Elderly, Elderly (75+)",,,,[cancercondition_kidneycancer_yes(CancerConditions_KidneyCancer)] = '1',,,,,,
Personal and Family Health Hist,,cancer_rxmedsforkidneycancer,personal_and_family_health_history,,radio,Are you currently prescribed medications and/or receiving treatment for kidney cancer?,"RxMedsforKidneyCancer_Yes, Yes | RxMedsforKidneyCancer_No, No",,,,[cancercondition_kidneycancer_yes(CancerConditions_KidneyCancer)] = '1',,,,,,
Personal and Family Health Hist,,cancercondition_lungcancer_yes,personal_and_family_health_history,,checkbox,"Including yourself, who in your family has had lung cancer? Select all that apply.","CancerConditions_LungCancer, Self | MotherCancerCondition_LungCancer, Mother | FatherCancerCondition_LungCancer, Father | SiblingCancerCondition_LungCancer, Sibling | DaughterCancerCondition_LungCancer, Daughter | SonCancerCondition_LungCancer, Son | GrandparentCancerCondition_LungCancer, Grandparent",,,,[diagnosedhealthcondition_cancercondition(CancerCondition_LungCancer)] = '1',,,,,,
Personal and Family Health Hist,,cancer_lungcancercurrently,personal_and_family_health_history,,radio,Are you still seeing a doctor or health care provider for lung cancer?,"LungCancerCurrently_Yes, Yes | LungCancerCurrently_No, No",,,,[cancercondition_lungcancer_yes(CancerConditions_LungCancer)] = '1',,,,,,
Personal and Family Health Hist,,cancer_howoldwereyoulungcancer,personal_and_family_health_history,,radio,About how old were you when you were first told you had lung cancer?,"HowOldWereYouLungCancer_Child, Child (0-11) | HowOldWereYouLungCancer_Adolescent, Adolescent (12-17) | HowOldWereYouLungCancer_Adult, Adult (18-64) | HowOldWereYouLungCancer_OlderAdult, Older adult (65-74) | HowOldWereYouLungCancer_Elderly, Elderly (75+)",,,,[cancercondition_lungcancer_yes(CancerConditions_LungCancer)] = '1',,,,,,
Personal and Family Health Hist,,cancer_rxmedsforlungcancer,personal_and_family_health_history,,radio,Are you currently prescribed medications and/or receiving treatment for lung cancer?,"RxMedsforLungCancer_Yes, Yes | RxMedsforLungCancer_No, No",,,,[cancercondition_lungcancer_yes(CancerConditions_LungCancer)] = '1',,,,,,
Personal and Family Health Hist,,cancercondition_ovariancancer_yes,personal_and_family_health_history,,checkbox,"Including yourself, who in your family has had ovarian cancer? Select all that apply.","CancerConditions_OvarianCancer, Self | MotherCancerCondition_OvarianCancer, Mother | SiblingCancerCondition_OvarianCancer, Sibling | DaughterCancerCondition_OvarianCancer, Daughter | GrandparentCancerCondition_OvarianCancer, Grandparent",,,,[diagnosedhealthcondition_cancercondition(CancerCondition_OvarianCancer)] = '1',,,,,,
Personal and Family Health Hist,,cancer_ovariancancercurrently,personal_and_family_health_history,,radio,Are you still seeing a doctor or health care provider for ovarian cancer?,"OvarianCancerCurrently_Yes, Yes | OvarianCancerCurrently_No, No",,,,[cancercondition_ovariancancer_yes(CancerConditions_OvarianCancer)] = '1',,,,,,
Personal and Family Health Hist,,cancer_howoldwereyouovariancancer,personal_and_family_health_history,,radio,About how old were you when you were first told you had ovarian cancer?,"HowOldWereYouOvarianCancer_Child, Child (0-11) | HowOldWereYouOvarianCancer_Adolescent, Adolescent (12-17) | HowOldWereYouOvarianCancer_Adult, Adult (18-64) | HowOldWereYouOvarianCancer_OlderAdult, Older adult (65-74) | HowOldWereYouOvarianCancer_Elderly, Elderly (75+)",,,,[cancercondition_ovariancancer_yes(CancerConditions_OvarianCancer)] = '1',,,,,,
Personal and Family Health Hist,,cancer_rxmedsforovariancancer,personal_and_family_health_history,,radio,Are you currently prescribed medications and/or receiving treatment for ovarian cancer?,"RxMedsforOvarianCancer_Yes, Yes | RxMedsforOvarianCancer_No, No",,,,[cancercondition_ovariancancer_yes(CancerConditions_OvarianCancer)] = '1',,,,,,
Personal and Family Health Hist,,cancercondition_pancreaticcancer_yes,personal_and_family_health_history,,checkbox,"Including yourself, who in your family has had pancreatic cancer? Select all that apply.","CancerConditions_PancreaticCancer, Self | MotherCancerCondition_PancreaticCancer, Mother | FatherCancerCondition_PancreaticCancer, Father | SiblingCancerCondition_PancreaticCancer, Sibling | DaughterCancerCondition_PancreaticCancer, Daughter | SonCancerCondition_PancreaticCancer, Son | GrandparentCancerCondition_PancreaticCancer, Grandparent",,,,[diagnosedhealthcondition_cancercondition(CancerCondition_PancreaticCancer)] = '1',,,,,,
Personal and Family Health Hist,,cancer_pancreaticcancercurrently,personal_and_family_health_history,,radio,Are you still seeing a doctor or health care provider for pancreatic cancer?,"PancreaticCancerCurrently_Yes, Yes | PancreaticCancerCurrently_No, No",,,,[cancercondition_pancreaticcancer_yes(CancerConditions_PancreaticCancer)] = '1',,,,,,
Personal and Family Health Hist,,cancer_howoldwereyoupancreaticcancer,personal_and_family_health_history,,radio,About how old were you when you were first told you had pancreatic cancer?,"HowOldWereYouPancreaticCancer_Child, Child (0-11) | HowOldWereYouPancreaticCancer_Adolescent, Adolescent (12-17) | HowOldWereYouPancreaticCancer_Adult, Adult (18-64) | HowOldWereYouPancreaticCancer_OlderAdult, Older adult (65-74) | HowOldWereYouPancreaticCancer_Elderly, Elderly (75+)",,,,[cancercondition_pancreaticcancer_yes(CancerConditions_PancreaticCancer)] = '1',,,,,,
Personal and Family Health Hist,,cancer_rxmedsforpancreaticcancer,personal_and_family_health_history,,radio,Are you currently prescribed medications and/or receiving treatment for pancreatic cancer?,"RxMedsforPancreaticCancer_Yes, Yes | RxMedsforPancreaticCancer_No, No",,,,[cancercondition_pancreaticcancer_yes(CancerConditions_PancreaticCancer)] = '1',,,,,,
Personal and Family Health Hist,,cancercondition_prostatecancer_yes,personal_and_family_health_history,,checkbox,"Including yourself, who in your family has had prostate cancer? Select all that apply.","CancerConditions_ProstateCancer , Self | FatherCancerCondition_ProstateCancer, Father | SiblingCancerCondition_ProstateCancer, Sibling | SonCancerCondition_ProstateCancer, Son | GrandparentCancerCondition_ProstateCancer, Grandparent",,,,[diagnosedhealthcondition_cancercondition(CancerCondition_ProstateCancer)] = '1',,,,,,
Personal and Family Health Hist,,cancer_prostatecancercurrently,personal_and_family_health_history,,radio,Are you still seeing a doctor or health care provider for prostate cancer?,"ProstateCancerCurrently_Yes, Yes | ProstateCancerCurrently_No, No",,,,[cancercondition_prostatecancer_yes(CancerConditions_ProstateCancer)] = '1',,,,,,
Personal and Family Health Hist,,cancer_howoldwereyouprostatecancer,personal_and_family_health_history,,radio,About how old were you when you were first told you had prostate cancer?,"HowOldWereYouProstateCancer_Child, Child (0-11) | HowOldWereYouProstateCancer_Adolescent, Adolescent (12-17) | HowOldWereYouProstateCancer_Adult, Adult (18-64) | HowOldWereYouProstateCancer_OlderAdult, Older adult (65-74) | HowOldWereYouProstateCancer_Elderly, Elderly (75+)",,,,[cancercondition_prostatecancer_yes(CancerConditions_ProstateCancer)] = '1',,,,,,
Personal and Family Health Hist,,cancer_rxmedsforprostatecancer,personal_and_family_health_history,,radio,Are you currently prescribed medications and/or receiving treatment for prostate cancer?,"RxMedsforProstateCancer_Yes, Yes | RxMedsforProstateCancer_No, No",,,,[cancercondition_prostatecancer_yes(CancerConditions_ProstateCancer)] = '1',,,,,,
Personal and Family Health Hist,,cancercondition_skincancer_yes,personal_and_family_health_history,,checkbox,"Including yourself, who in your family has had skin cancer? Select all that apply.","CancerConditions_SkinCancer, Self | MotherCancerCondition_SkinCancer, Mother | FatherCancerCondition_SkinCancer, Father | SiblingCancerCondition_SkinCancer, Sibling | DaughterCancerCondition_SkinCancer, Daughter | SonCancerCondition_SkinCancer, Son | GrandparentCancerCondition_SkinCancer, Grandparent",,,,[diagnosedhealthcondition_cancercondition(CancerCondition_SkinCancer)] = '1',,,,,,
Personal and Family Health Hist,,cancer_skincancercurrently,personal_and_family_health_history,,radio,Are you still seeing a doctor or health care provider for skin cancer?,"SkinCancerCurrently_Yes, Yes | SkinCancerCurrently_No, No",,,,[cancercondition_skincancer_yes(CancerConditions_SkinCancer)] = '1',,,,,,
Personal and Family Health Hist,,cancer_howoldwereyouskincancer,personal_and_family_health_history,,radio,About how old were you when you were first told you had skin cancer?,"HowOldWereYouSkinCancer_Child, Child (0-11) | HowOldWereYouSkinCancer_Adolescent, Adolescent (12-17) | HowOldWereYouSkinCancer_Adult, Adult (18-64) | HowOldWereYouSkinCancer_OlderAdult, Older adult (65-74) | HowOldWereYouSkinCancer_Elderly, Elderly (75+)",,,,[cancercondition_skincancer_yes(CancerConditions_SkinCancer)] = '1',,,,,,
Personal and Family Health Hist,,cancer_rxmedsforskincancer,personal_and_family_health_history,,radio,Are you currently prescribed medications and/or receiving treatment for skin cancer?,"RxMedsforSkinCancer_Yes, Yes | RxMedsforSkinCancer_No, No",,,,[cancercondition_skincancer_yes(CancerConditions_SkinCancer)] = '1',,,,,,
Personal and Family Health Hist,,cancercondition_stomachcancer_yes,personal_and_family_health_history,,checkbox,"Including yourself, who in your family has had stomach cancer? Select all that apply.","CancerConditions_StomachCancer, Self | MotherCancerCondition_StomachCancer, Mother | FatherCancerCondition_StomachCancer, Father | SiblingCancerCondition_StomachCancer, Sibling | DaughterCancerCondition_StomachCancer, Daughter | SonCancerCondition_StomachCancer, Son | GrandparentCancerCondition_StomachCancer, Grandparent",,,,[diagnosedhealthcondition_cancercondition(CancerCondition_StomachCancer)] = '1',,,,,,
Personal and Family Health Hist,,cancer_stomachcancercurrently,personal_and_family_health_history,,radio,Are you still seeing a doctor or health care provider for stomach cancer?,"StomachCancerCurrently_Yes, Yes | StomachCancerCurrently_No, No",,,,[cancercondition_stomachcancer_yes(CancerConditions_StomachCancer)] = '1',,,,,,
Personal and Family Health Hist,,cancer_howoldwereyoustomachcancer,personal_and_family_health_history,,radio,About how old were you when you were first told you had stomach cancer?,"HowOldWereYouStomachCancer_Child, Child (0-11) | HowOldWereYouStomachCancer_Adolescent, Adolescent (12-17) | HowOldWereYouStomachCancer_Adult, Adult (18-64) | HowOldWereYouStomachCancer_OlderAdult, Older adult (65-74) | HowOldWereYouStomachCancer_Elderly, Elderly (75+)",,,,[cancercondition_stomachcancer_yes(CancerConditions_StomachCancer)] = '1',,,,,,
Personal and Family Health Hist,,cancer_rxmedsforstomachcancer,personal_and_family_health_history,,radio,Are you currently prescribed medications and/or receiving treatment for stomach cancer?,"RxMedsforStomachSkinCancer_Yes, Yes | RxMedsforStomachCancer_No, No",,,,[cancercondition_stomachcancer_yes(CancerConditions_StomachCancer)] = '1',,,,,,
Personal and Family Health Hist,,cancercondition_thyroidcancer_yes,personal_and_family_health_history,,checkbox,"Including yourself, who in your family has had thyroid cancer? Select all that apply.","CancerConditions_ThyroidCancer, Self | MotherCancerCondition_ThyroidCancer, Mother | FatherCancerCondition_ThyroidCancer, Father | SiblingCancerCondition_ThyroidCancer, Sibling | DaughterCancerCondition_ThyroidCancer, Daughter | SonCancerCondition_ThyroidCancer, Son | GrandparentCancerCondition_ThyroidCancer, Grandparent",,,,[diagnosedhealthcondition_cancercondition(CancerCondition_ThyroidCancer)] = '1',,,,,,
Personal and Family Health Hist,,cancer_thyroidcancercurrently,personal_and_family_health_history,,radio,Are you still seeing a doctor or health care provider for thyroid cancer?,"ThyroidCancerCurrently_Yes, Yes | ThyroidCancerCurrently_No, No",,,,[cancercondition_thyroidcancer_yes(CancerConditions_ThyroidCancer)] = '1',,,,,,
Personal and Family Health Hist,,cancer_howoldwereyouthyroidcancer,personal_and_family_health_history,,radio,About how old were you when you were first told you had thyroid cancer?,"HowOldWereYouThyroidCancer_Child, Child (0-11) | HowOldWereYouThyroidCancer_Adolescent, Adolescent (12-17) | HowOldWereYouThyroidCancer_Adult, Adult (18-64) | HowOldWereYouThyroidCancer_OlderAdult, Older adult (65-74) | HowOldWereYouThyroidCancer_Elderly, Elderly (75+)",,,,[cancercondition_thyroidcancer_yes(CancerConditions_ThyroidCancer)] = '1',,,,,,
Personal and Family Health Hist,,cancer_rxmedsforthyroidcancer,personal_and_family_health_history,,radio,Are you currently prescribed medications and/or receiving treatment for thyroid cancer?,"RxMedsforThyroidSkinCancer_Yes, Yes | RxMedsforThyroidCancer_No, No",,,,[cancercondition_thyroidcancer_yes(CancerConditions_ThyroidCancer)] = '1',,,,,,
Personal and Family Health Hist,,cancercondition_othercancer_yes,personal_and_family_health_history,,checkbox,"Including yourself, who in your family has had other cancer(s)? Select all that apply.","CancerConditions_OtherCancer, Self | MotherCancerCondition_OtherCancer, Mother | FatherCancerCondition_OtherCancer, Father | SiblingCancerCondition_OtherCancer, Sibling | DaughterCancerCondition_OtherCancer, Daughter | SonCancerCondition_OtherCancer, Son | GrandparentCancerCondition_OtherCancer, Grandparent",,,,[diagnosedhealthcondition_cancercondition(CancerCondition_OtherCancer)] = '1',,,,,,
Personal and Family Health Hist,,othercancer_freetextbox,personal_and_family_health_history,,text,Please specify the other cancer(s) you have had.,,,,,[cancercondition_othercancer_yes(CancerConditions_OtherCancer)] = '1',,,,,REGISTERED_QUESTION_SUPPRESSED,CONTROLLED_QUESTION_SUPPRESSED
Personal and Family Health Hist,,othercancer_motherfreetextbox,personal_and_family_health_history,,text,Please specify the other cancer(s) your mother has had.,,,,,[cancercondition_othercancer_yes(MotherCancerCondition_OtherCancer)] = '1',,,,,REGISTERED_QUESTION_SUPPRESSED,CONTROLLED_QUESTION_SUPPRESSED
Personal and Family Health Hist,,othercancer_fatherfreetextbox,personal_and_family_health_history,,text,Please specify the other cancer(s) your father has had.,,,,,[cancercondition_othercancer_yes(FatherCancerCondition_OtherCancer)] = '1',,,,,REGISTERED_QUESTION_SUPPRESSED,CONTROLLED_QUESTION_SUPPRESSED
Personal and Family Health Hist,,othercancer_siblingfreetextbox,personal_and_family_health_history,,text,Please specify the other cancer(s) your sibling(s) has had.,,,,,[cancercondition_othercancer_yes(SiblingCancerCondition_OtherCancer)] = '1',,,,,REGISTERED_QUESTION_SUPPRESSED,CONTROLLED_QUESTION_SUPPRESSED
Personal and Family Health Hist,,othercancer_daughterfreetextbox,personal_and_family_health_history,,text,Please specify the other cancer(s) your daughter(s) has had.,,,,,[cancercondition_othercancer_yes(DaughterCancerCondition_OtherCancer)] = '1',,,,,REGISTERED_QUESTION_SUPPRESSED,CONTROLLED_QUESTION_SUPPRESSED
Personal and Family Health Hist,,othercancer_sonfreetextbox,personal_and_family_health_history,,text,Please specify the other cancer(s) your son(s) has had.,,,,,[cancercondition_othercancer_yes(SonCancerCondition_OtherCancer)] = '1',,,,,REGISTERED_QUESTION_SUPPRESSED,CONTROLLED_QUESTION_SUPPRESSED
Personal and Family Health Hist,,othercancer_grandparentfreetextbox,personal_and_family_health_history,,text,Please specify the other cancer(s) your grandparent(s) has had.,,,,,[cancercondition_othercancer_yes(GrandparentCancerCondition_OtherCancer)] = '1',,,,,REGISTERED_QUESTION_SUPPRESSED,CONTROLLED_QUESTION_SUPPRESSED
Personal and Family Health Hist,,cancer_othercancercurrently,personal_and_family_health_history,,radio,Are you still seeing a doctor or health care provider for other cancer(s)?,"OtherCancerCurrently_Yes, Yes | OtherCancerCurrently_No, No",,,,[cancercondition_othercancer_yes(CancerConditions_OtherCancer)] = '1',,,,,,
Personal and Family Health Hist,,cancer_howoldwereyouothercancer,personal_and_family_health_history,,radio,About how old were you when you were first told you had other cancer(s)?,"HowOldWereYouOtherCancer_Child, Child (0-11) | HowOldWereYouOtherCancer_Adolescent, Adolescent (12-17) | HowOldWereYouOtherCancer_Adult, Adult (18-64) | HowOldWereYouOtherCancer_OlderAdult, Older adult (65-74) | HowOldWereYouOtherCancer_Elderly, Elderly (75+)",,,,[cancercondition_othercancer_yes(CancerConditions_OtherCancer)] = '1',,,,,,
Personal and Family Health Hist,,cancer_rxmedsforothercancer,personal_and_family_health_history,,radio,Are you currently prescribed medications and/or receiving treatment for other cancer(s)?,"RxMedsforOtherSkinCancer_Yes, Yes | RxMedsforOtherCancer_No, No",,,,[cancercondition_othercancer_yes(CancerConditions_OtherCancer)] = '1',,,,,,
Personal and Family Health Hist,,diagnosedhealthcondition_circulatorycondition,personal_and_family_health_history,Heart and Blood Conditions,checkbox,Have you or anyone in your family ever been diagnosed with the following heart and blood conditions? Think only of the people you are related to by blood. Select all that apply.,"DiagnosedHealthCondition_Anemia, Anemia | CirculatoryCondition_AorticAneurysm, Aortic aneurysm | CirculatoryCondition_AtrialFibrilation, Atrial fibrillation (or a-fib) or atrial flutter (or a-flutter). | CirculatoryCondition_BleedingDisorder, Bleeding disorder | CirculatoryCondition_CongestiveHeartFailure, Congestive heart failure | CirculatoryCondition_CoronaryArteryHeartDisease, Coronary artery/coronary heart disease (includes angina) | CirculatoryCondition_HeartAttack, Heart attack | CirculatoryCondition_HeartValveDisease, Heart valve disease | CirculatoryCondition_HighBloodPressure, High blood pressure (Hypertension) | CirculatoryCondition_HighCholesterol, High cholesterol | CirculatoryCondition_PeripheralVascularDisease, Peripheral vascular disease | CirculatoryCondition_PulmonaryEmbolismThrombosis, Pulmonary embolism or deep vein thrombosis (DVT) | CirculatoryCondition_SickleCellDisease, Sickle cell disease | CirculatoryCondition_Stroke, Stroke | CirculatoryCondition_SuddenDeath, Sudden death | CirculatoryCondition_TransientIschemicAttack, Transient ischemic attacks (TIAs or mini-strokes) | CirculatoryCondition_OtherHeartorBloodCondition, Other heart or blood condition | PMI_None, None of the above | PMI_DontKnow, Don't know | PMI_PreferNotToAnswer, Prefer not to answer",,,,,,,,,,
Personal and Family Health Hist,,diagnosedhealthcondition_anemia_yes,personal_and_family_health_history,,checkbox,"Including yourself, who in your family has had anemia? Select all that apply.","CirculatoryConditions_Anemia, Self | MotherCirculatoryCondition_Anemia, Mother | FatherCirculatoryCondition_Anemia, Father | SiblingCirculatoryCondition_Anemia, Sibling | DaughterCirculatoryCondition_Anemia, Daughter | SonCirculatoryCondition_Anemia, Son | GrandparentCirculatoryCondition_Anemia, Grandparent",,,,[diagnosedhealthcondition_circulatorycondition(DiagnosedHealthCondition_Anemia)] = '1',,,,,,
Personal and Family Health Hist,,circulatory_anemiacurrently,personal_and_family_health_history,,radio,Are you still seeing a doctor or health care provider for anemia?,"AnemiaCurrently_Yes, Yes | AnemiaCurrently_No, No",,,,[diagnosedhealthcondition_anemia_yes(CirculatoryConditions_Anemia)] = '1',,,,,,
Personal and Family Health Hist,,circulatory_howoldwereyouanemia,personal_and_family_health_history,,radio,About how old were you when you were first told you had anemia?,"HowOldWereYouAnemia_Child, Child (0-11) | HowOldWereYouAnemia_Adolescent, Adolescent (12-17) | HowOldWereYouAnemia_Adult, Adult (18-64) | HowOldWereYouAnemia_OlderAdult, Older adult (65-74) | HowOldWereYouAnemia_Elderly, Elderly (75+)",,,,[diagnosedhealthcondition_anemia_yes(CirculatoryConditions_Anemia)] = '1',,,,,,
Personal and Family Health Hist,,circulatory_rxmedsforanemia,personal_and_family_health_history,,radio,Are you currently prescribed medications and/or receiving treatment for anemia?,"RxMedsforAnemia_Yes, Yes | RxMedsforAnemia_No, No",,,,[diagnosedhealthcondition_anemia_yes(CirculatoryConditions_Anemia)] = '1',,,,,,
Personal and Family Health Hist,,circulatorycondition_aorticaneurysm_yes,personal_and_family_health_history,,checkbox,"Including yourself, who in your family has had aortic aneurysm? Select all that apply.","CirculatoryConditions_AorticAneurysm, Self | MotherCirculatoryCondition_AorticAneurysm, Mother | FatherCirculatoryCondition_AorticAneurysm, Father | SiblingCirculatoryCondition_AorticAneurysm, Sibling | DaughterCirculatoryCondition_AorticAneurysm, Daughter | SonCirculatoryCondition_AorticAneurysm, Son | GrandparentCirculatoryCondition_AorticAneurysm, Grandparent",,,,[diagnosedhealthcondition_circulatorycondition(CirculatoryCondition_AorticAneurysm)] = '1',,,,,,
Personal and Family Health Hist,,circulatory_aorticaneurysmcurrently,personal_and_family_health_history,,radio,Are you still seeing a doctor or health care provider for aortic aneurysm?,"AorticAneurysmCurrently_Yes, Yes | AorticAneurysmCurrently_No, No",,,,[circulatorycondition_aorticaneurysm_yes(CirculatoryConditions_AorticAneurysm)] = '1',,,,,,
Personal and Family Health Hist,,circulatory_howoldwereyouaorticaneurysm,personal_and_family_health_history,,radio,About how old were you when you were first told you had aortic aneurysm?,"HowOldWereYouAorticAneurysm_Child, Child (0-11) | HowOldWereYouAorticAneurysm_Adolescent, Adolescent (12-17) | HowOldWereYouAorticAneurysm_Adult, Adult (18-64) | HowOldWereYouAorticAneurysm_OlderAdult, Older adult (65-74) | HowOldWereYouAorticAneurysm_Elderly, Elderly (75+)",,,,[circulatorycondition_aorticaneurysm_yes(CirculatoryConditions_AorticAneurysm)] = '1',,,,,,
Personal and Family Health Hist,,circulatory_rxmedsforaorticaneurysm,personal_and_family_health_history,,radio,Are you currently prescribed medications and/or receiving treatment for aortic aneurysm?,"RxMedsforAorticAneurysm_Yes, Yes | RxMedsforAorticAneurysm_No, No",,,,[circulatorycondition_aorticaneurysm_yes(CirculatoryConditions_AorticAneurysm)] = '1',,,,,,
Personal and Family Health Hist,,circulatorycondition_atrialfibrilation_yes,personal_and_family_health_history,,checkbox,"Including yourself, who in your family has had atrial fibrillation (or a-fib) or atrial flutter (or a-flutter)? Select all that apply.","CirculatoryConditions_AtrialFibrillation, Self | MotherCirculatoryCondition_AtrialFibrilation, Mother | FatherCirculatoryCondition_AtrialFibrilation, Father | SiblingCirculatoryCondition_AtrialFibrilation, Sibling | DaughterCirculatoryCondition_AtrialFibrilation, Daughter | SonCirculatoryCondition_AtrialFibrilation, Son | GrandparentCirculatoryCondition_AtrialFibrilation, Grandparent",,,,[diagnosedhealthcondition_circulatorycondition(CirculatoryCondition_AtrialFibrilation)] = '1',,,,,,
Personal and Family Health Hist,,circulatory_atrialfibrillationcurrently,personal_and_family_health_history,,radio,Are you still seeing a doctor or health care provider for atrial fibrillation (a-fib) or atrial flutter (or a-flutter)?,"AtrialFibrillationCurrently_Yes, Yes | AtrialFibrillationCurrently_No, No",,,,[circulatorycondition_atrialfibrilation_yes(CirculatoryConditions_AtrialFibrillation)] = '1',,,,,,
Personal and Family Health Hist,,circulatory_howoldwereyouatrialfibrillation,personal_and_family_health_history,,radio,About how old were you when you were first told you had atrial fibrillation (a-fib) or atrial flutter (or a-flutter)?,"HowOldWereYouAtrialFibrillation_Child, Child (0-11) | HowOldWereYouAtrialFibrillation_Adolescent, Adolescent (12-17) | HowOldWereYouAtrialFibrillation_Adult, Adult (18-64) | HowOldWereYouAtrialFibrillation_OlderAdult, Older adult (65-74) | HowOldWereYouAtrialFibrillation_Elderly, Elderly (75+)",,,,[circulatorycondition_atrialfibrilation_yes(CirculatoryConditions_AtrialFibrillation)] = '1',,,,,,
Personal and Family Health Hist,,circulatory_rxmedsforatrialfibrillation,personal_and_family_health_history,,radio,Are you currently prescribed medications and/or receiving treatment for atrial fibrillation (a-fib) or atrial flutter (or a-flutter)?,"RxMedsforAtrialFibrillation_Yes, Yes | RxMedsforAtrialFibrillation_No, No",,,,[circulatorycondition_atrialfibrilation_yes(CirculatoryConditions_AtrialFibrillation)] = '1',,,,,,
Personal and Family Health Hist,,circulatorycondition_bleedingdisorder_yes,personal_and_family_health_history,,checkbox,"Including yourself, who in your family has had a bleeding disorder? Select all that apply.","CirculatoryConditions_BleedingDisorder, Self | MotherCirculatoryCondition_BleedingDisorder, Mother | FatherCirculatoryCondition_BleedingDisorder, Father | SiblingCirculatoryCondition_BleedingDisorder, Sibling | DaughterCirculatoryCondition_BleedingDisorder, Daughter | SonCirculatoryCondition_BleedingDisorder, Son | GrandparentCirculatoryCondition_BleedingDisorder, Grandparent",,,,[diagnosedhealthcondition_circulatorycondition(CirculatoryCondition_BleedingDisorder)] = '1',,,,,,
Personal and Family Health Hist,,circulatory_bleedingdisordercurrently,personal_and_family_health_history,,radio,Are you still seeing a doctor or health care provider for a bleeding disorder?,"BleedingDisorderCurrently_Yes, Yes | BleedingDisorderCurrently_No, No",,,,[circulatorycondition_bleedingdisorder_yes(CirculatoryConditions_BleedingDisorder)] = '1',,,,,,
Personal and Family Health Hist,,circulatory_howoldwereyoubleedingdisorder,personal_and_family_health_history,,radio,About how old were you when you were first told you had a bleeding disorder?,"HowOldWereYouBleedingDisorder_Child, Child (0-11) | HowOldWereYouBleedingDisorder_Adolescent, Adolescent (12-17) | HowOldWereYouBleedingDisorder_Adult, Adult (18-64) | HowOldWereYouBleedingDisorder_OlderAdult, Older adult (65-74) | HowOldWereYouBleedingDisorder_Elderly, Elderly (75+)",,,,[circulatorycondition_bleedingdisorder_yes(CirculatoryConditions_BleedingDisorder)] = '1',,,,,,
Personal and Family Health Hist,,circulatory_rxmedsforbleedingdisorder,personal_and_family_health_history,,radio,Are you currently prescribed medications and/or receiving treatment for a bleeding disorder?,"RxMedsforBleedingDisorder_Yes, Yes | RxMedsforBleedingDisorder_No, No",,,,[circulatorycondition_bleedingdisorder_yes(CirculatoryConditions_BleedingDisorder)] = '1',,,,,,
Personal and Family Health Hist,,circulatorycondition_congestiveheartfailure_yes,personal_and_family_health_history,,checkbox,"Including yourself, who in your family has had congestive heart failure? Select all that apply.","CirculatoryConditions_CongestiveHeartFailure, Self | MotherCirculatoryCondition_CongestiveHeartFailure, Mother | FatherCirculatoryCondition_CongestiveHeartFailure, Father | SiblingCirculatoryCondition_CongestiveHeartFailure, Sibling | DaughterCirculatoryCondition_CongestiveHeartFailure, Daughter | SonCirculatoryCondition_CongestiveHeartFailure, Son | GrandparentCirculatoryCondition_CongestiveHeartFailure, Grandparent",,,,[diagnosedhealthcondition_circulatorycondition(CirculatoryCondition_CongestiveHeartFailure)] = '1',,,,,,
Personal and Family Health Hist,,circulatory_congestiveheartfailurecurrently,personal_and_family_health_history,,radio,Are you still seeing a doctor or health care provider for congestive heart failure?,"CongestiveHeartFailureCurrently_Yes, Yes | CongestiveHeartFailureCurrently_No, No",,,,[circulatorycondition_congestiveheartfailure_yes(CirculatoryConditions_CongestiveHeartFailure)] = '1',,,,,,
Personal and Family Health Hist,,circulatory_howoldwereyoucongestiveheartfailure,personal_and_family_health_history,,radio,About how old were you when you were first told you had congestive heart failure?,"HowOldWereYouCongestiveHeartFailure_Child, Child (0-11) | HowOldWereYouCongestiveHeartFailure_Adolescent, Adolescent (12-17) | HowOldWereYouCongestiveHeartFailure_Adult, Adult (18-64) | HowOldWereYouCongestiveHeartFailure_OlderAdult, Older adult (65-74) | HowOldWereYouCongestiveHeartFailure_Elderly, Elderly (75+)",,,,[circulatorycondition_congestiveheartfailure_yes(CirculatoryConditions_CongestiveHeartFailure)] = '1',,,,,,
Personal and Family Health Hist,,circulatory_rxmedsforcongestiveheartfailure,personal_and_family_health_history,,radio,Are you currently prescribed medications and/or receiving treatment for congestive heart failure?,"RxMedsforCongestiveHeartFailure_Yes, Yes | RxMedsforCongestiveHeartFailure_No, No",,,,[circulatorycondition_congestiveheartfailure_yes(CirculatoryConditions_CongestiveHeartFailure)] = '1',,,,,,
Personal and Family Health Hist,,circulatorycondition_coronaryarteryheartdisease_yes,personal_and_family_health_history,,checkbox,"Including yourself, who in your family has had coronary artery/coronary heart disease? Select all that apply.","CirculatoryConditions_CoronaryArtery, Self | MotherCirculatoryCondition_CoronaryArteryHeartDisease, Mother | FatherCirculatoryCondition_CoronaryArteryHeartDisease, Father | SiblingCirculatoryCondition_CoronaryArteryHeartDisease, Sibling | DaughterCirculatoryCondition_CoronaryArteryHeartDisease, Daughter | SonCirculatoryCondition_CoronaryArteryHeartDisease, Son | GrandparentCirculatoryCondition_CoronaryArteryHeartDisease, Grandparent",,,,[diagnosedhealthcondition_circulatorycondition(CirculatoryCondition_CoronaryArteryHeartDisease)] = '1',,,,,,
Personal and Family Health Hist,,circulatory_coronaryarterycurrently,personal_and_family_health_history,,radio,Are you still seeing a doctor or health care provider for coronary artery/coronary heart disease?,"CoronaryArteryCurrently_Yes, Yes | CoronaryArteryCurrently_No, No",,,,[circulatorycondition_coronaryarteryheartdisease_yes(CirculatoryConditions_CoronaryArtery)] = '1',,,,,,
Personal and Family Health Hist,,circulatory_howoldwereyoucoronaryartery,personal_and_family_health_history,,radio,About how old were you when you were first told you had coronary artery/coronary heart disease?,"HowOldWereYouCoronaryArtery_Child, Child (0-11) | HowOldWereYouCoronaryArtery_Adolescent, Adolescent (12-17) | HowOldWereYouCoronaryArtery_Adult, Adult (18-64) | HowOldWereYouCoronaryArtery_OlderAdult, Older adult (65-74) | HowOldWereYouCoronaryArtery_Elderly, Elderly (75+)",,,,[circulatorycondition_coronaryarteryheartdisease_yes(CirculatoryConditions_CoronaryArtery)] = '1',,,,,,
Personal and Family Health Hist,,circulatory_rxmedsforcoronaryartery,personal_and_family_health_history,,radio,Are you currently prescribed medications and/or receiving treatment for coronary artery/coronary heart disease?,"RxMedsforCoronaryArtery_Yes, Yes | RxMedsforCoronaryArtery_No, No",,,,[circulatorycondition_coronaryarteryheartdisease_yes(CirculatoryConditions_CoronaryArtery)] = '1',,,,,,
Personal and Family Health Hist,,circulatorycondition_heartattack_yes,personal_and_family_health_history,,checkbox,"Including yourself, who in your family has had a heart attack? Select all that apply.","CirculatoryConditions_HeartAttack, Self | MotherCirculatoryCondition_HeartAttack, Mother | FatherCirculatoryCondition_HeartAttack, Father | SiblingCirculatoryCondition_HeartAttack, Sibling | DaughterCirculatoryCondition_HeartAttack, Daughter | SonCirculatoryCondition_HeartAttack, Son | GrandparentCirculatoryCondition_HeartAttack, Grandparent",,,,[diagnosedhealthcondition_circulatorycondition(CirculatoryCondition_HeartAttack)] = '1',,,,,,
Personal and Family Health Hist,,circulatory_heartattackcurrently,personal_and_family_health_history,,radio,Are you still seeing a doctor or health care provider for a heart attack?,"HeartAttackCurrently_Yes, Yes | HeartAttackCurrently_No, No",,,,[circulatorycondition_heartattack_yes(CirculatoryConditions_HeartAttack)] = '1',,,,,,
Personal and Family Health Hist,,circulatory_howoldwereyouheartattack,personal_and_family_health_history,,radio,About how old were you when you were first told you had a heart attack?,"HowOldWereYouHeartAttack_Child, Child (0-11) | HowOldWereYouHeartAttack_Adolescent, Adolescent (12-17) | HowOldWereYouHeartAttack_Adult, Adult (18-64) | HowOldWereYouHeartAttack_OlderAdult, Older adult (65-74) | HowOldWereYouHeartAttack_Elderly, Elderly (75+)",,,,[circulatorycondition_heartattack_yes(CirculatoryConditions_HeartAttack)] = '1',,,,,,
Personal and Family Health Hist,,circulatory_rxmedsforheartattack,personal_and_family_health_history,,radio,Are you currently prescribed medications and/or receiving treatment for a heart attack?,"RxMedsforHeartAttack_Yes, Yes | RxMedsforHeartAttack_No, No",,,,[circulatorycondition_heartattack_yes(CirculatoryConditions_HeartAttack)] = '1',,,,,,
Personal and Family Health Hist,,circulatorycondition_heartvalvedisease_yes,personal_and_family_health_history,,checkbox,"Including yourself, who in your family has had heart valve disease? Select all that apply.","CirculatoryConditions_HeartValveDisease, Self | MotherCirculatoryCondition_HeartValveDisease, Mother | FatherCirculatoryCondition_HeartValveDisease, Father | SiblingCirculatoryCondition_HeartValveDisease, Sibling | DaughterCirculatoryCondition_HeartValveDisease, Daughter | SonCirculatoryCondition_HeartValveDisease, Son | GrandparentCirculatoryCondition_HeartValveDisease, Grandparent",,,,[diagnosedhealthcondition_circulatorycondition(CirculatoryCondition_HeartValveDisease)] = '1',,,,,,
Personal and Family Health Hist,,circulatory_heartvalvediseasecurrently,personal_and_family_health_history,,radio,Are you still seeing a doctor or health care provider for heart valve disease?,"HeartValveDiseaseCurrently_Yes, Yes | HeartValveDiseaseCurrently_No, No",,,,[circulatorycondition_heartvalvedisease_yes(CirculatoryConditions_HeartValveDisease)] = '1',,,,,,
Personal and Family Health Hist,,circulatory_howoldwereyouheartvalvedisease,personal_and_family_health_history,,radio,About how old were you when you were first told you had heart valve disease?,"HowOldWereYouHeartValveDisease_Child, Child (0-11) | HowOldWereYouHeartValveDisease_Adolescent, Adolescent (12-17) | HowOldWereYouHeartValveDisease_Adult, Adult (18-64) | HowOldWereYouHeartValveDisease_OlderAdult, Older adult (65-74) | HowOldWereYouHeartValveDisease_Elderly, Elderly (75+)",,,,[circulatorycondition_heartvalvedisease_yes(CirculatoryConditions_HeartValveDisease)] = '1',,,,,,
Personal and Family Health Hist,,circulatory_rxmedsforheartvalvedisease,personal_and_family_health_history,,radio,Are you currently prescribed medications and/or receiving treatment for heart valve disease?,"RxMedsforHeartValveDisease_Yes, Yes | RxMedsforHeartValveDisease_No, No",,,,[circulatorycondition_heartvalvedisease_yes(CirculatoryConditions_HeartValveDisease)] = '1',,,,,,
Personal and Family Health Hist,,circulatorycondition_highbloodpressure_yes,personal_and_family_health_history,,checkbox,"Including yourself, who in your family has had high blood pressure (hypertension)? Select all that apply.","CirculatoryConditions_Hypertension, Self | MotherCirculatoryCondition_HighBloodPressure, Mother | FatherCirculatoryCondition_HighBloodPressure, Father | SiblingCirculatoryCondition_HighBloodPressure, Sibling | DaughterCirculatoryCondition_HighBloodPressure, Daughter | SonCirculatoryCondition_HighBloodPressure, Son | GrandparentCirculatoryCondition_HighBloodPressure, Grandparent",,,,[diagnosedhealthcondition_circulatorycondition(CirculatoryCondition_HighBloodPressure)] = '1',,,,,,
Personal and Family Health Hist,,circulatory_hypertensioncurrently,personal_and_family_health_history,,radio,Are you still seeing a doctor or health care provider for high blood pressure (hypertension)?,"HypertensionCurrently_Yes, Yes | HypertensionCurrently_No, No",,,,[circulatorycondition_highbloodpressure_yes(CirculatoryConditions_Hypertension)] = '1',,,,,,
Personal and Family Health Hist,,circulatory_howoldwereyouhypertension,personal_and_family_health_history,,radio,About how old were you when you were first told you had high blood pressure (hypertension)?,"HowOldWereYouHypertension_Child, Child (0-11) | HowOldWereYouHypertension_Adolescent, Adolescent (12-17) | HowOldWereYouHypertension_Adult, Adult (18-64) | HowOldWereYouHypertension_OlderAdult, Older adult (65-74) | HowOldWereYouHypertension_Elderly, Elderly (75+)",,,,[circulatorycondition_highbloodpressure_yes(CirculatoryConditions_Hypertension)] = '1',,,,,,
Personal and Family Health Hist,,circulatory_prescribedmedsforhypertension,personal_and_family_health_history,,radio,Are you currently prescribed medications and/or receiving treatment for high blood pressure (hypertension)?,"PrescribedMedsforHypertension_Yes, Yes | PrescribedMedsforHypertension_No, No",,,,[circulatorycondition_highbloodpressure_yes(CirculatoryConditions_Hypertension)] = '1',,,,,,
Personal and Family Health Hist,,circulatorycondition_highcholesterol_yes,personal_and_family_health_history,,checkbox,"Including yourself, who in your family has had high cholesterol? Select all that apply.","CirculatoryConditions_HighCholesterol, Self | MotherCirculatoryCondition_HighCholesterol, Mother | FatherCirculatoryCondition_HighCholesterol, Father | SiblingCirculatoryCondition_HighCholesterol, Sibling | DaughterCirculatoryCondition_HighCholesterol, Daughter | SonCirculatoryCondition_HighCholesterol, Son | GrandparentCirculatoryCondition_HighCholesterol, Grandparent",,,,[diagnosedhealthcondition_circulatorycondition(CirculatoryCondition_HighCholesterol)] = '1',,,,,,
Personal and Family Health Hist,,circulatory_highcholesterolcurrently,personal_and_family_health_history,,radio,Are you still seeing a doctor or health care provider for high cholesterol?,"HighCholesterolCurrently_Yes, Yes | HighCholesterolCurrently_No, No",,,,[circulatorycondition_highcholesterol_yes(CirculatoryConditions_HighCholesterol)] = '1',,,,,,
Personal and Family Health Hist,,circulatory_howoldwereyouhighcholesterol,personal_and_family_health_history,,radio,About how old were you when you were first told you had high cholesterol?,"HowOldWereYouHighCholesterol_Child, Child (0-11) | HowOldWereYouHighCholesterol_Adolescent, Adolescent (12-17) | HowOldWereYouHighCholesterol_Adult, Adult (18-64) | HowOldWereYouHeartAttackHighCholesterol_OlderAdult, Older adult (65-74) | HowOldWereYouHighCholesterol_Elderly, Elderly (75+)",,,,[circulatorycondition_highcholesterol_yes(CirculatoryConditions_HighCholesterol)] = '1',,,,,,
Personal and Family Health Hist,,circulatory_rxmedsforhighcholesterol,personal_and_family_health_history,,radio,Are you currently prescribed medications and/or receiving treatment for high cholesterol?,"RxMedsforHighCholesterol_Yes, Yes | RxMedsforHighCholesterol_No, No",,,,[circulatorycondition_highcholesterol_yes(CirculatoryConditions_HighCholesterol)] = '1',,,,,,
Personal and Family Health Hist,,circulatorycondition_peripheralvasculardisease_yes,personal_and_family_health_history,,checkbox,"Including yourself, who in your family has had peripheral vascular disease? Select all that apply.","CirculatoryConditions_PeripheralVascularDisease, Self | MotherCirculatoryCondition_PeripheralVascularDisease, Mother | FatherCirculatoryCondition_PeripheralVascularDisease, Father | SiblingCirculatoryCondition_PeripheralVascularDisease, Sibling | DaughterCirculatoryCondition_PeripheralVascularDisease, Daughter | SonCirculatoryCondition_PeripheralVascularDisease, Son | GrandparentCirculatoryCondition_PeripheralVascularDisease, Grandparent",,,,[diagnosedhealthcondition_circulatorycondition(CirculatoryCondition_PeripheralVascularDisease)] = '1',,,,,,
Personal and Family Health Hist,,circulatory_peripheralvasculardiseasecurrently,personal_and_family_health_history,,radio,Are you still seeing a doctor or health care provider for peripheral vascular disease?,"PeripheralVascularDiseaseCurrently_Yes, Yes | PeripheralVascularDiseaseCurrently_No, No",,,,[circulatorycondition_peripheralvasculardisease_yes(CirculatoryConditions_PeripheralVascularDisease)] = '1',,,,,,
Personal and Family Health Hist,,circulatory_howoldwereyouperipheralvasculardisease,personal_and_family_health_history,,radio,About how old were you when you were first told you had peripheral vascular disease?,"HowOldWereYouPeripheralVascularDisease_Child, Child (0-11) | HowOldWereYouPeripheralVascularDisease_Adolescent, Adolescent (12-17) | HowOldWereYouPeripheralVascularDisease_Adult, Adult (18-64) | HowOldWereYouPeripheralVascularDisease_OlderAdult, Older adult (65-74) | HowOldWereYouPeripheralVascularDisease_Elderly, Elderly (75+)",,,,[circulatorycondition_peripheralvasculardisease_yes(CirculatoryConditions_PeripheralVascularDisease)] = '1',,,,,,
Personal and Family Health Hist,,circulatory_rxmedsforperipheralvasculardisease,personal_and_family_health_history,,radio,Are you currently prescribed medications and/or receiving treatment for peripheral vascular disease?,"RxMedsforPeripheralVascularDisease_Yes, Yes | RxMedsforPeripheralVascularDisease_No, No",,,,[circulatorycondition_peripheralvasculardisease_yes(CirculatoryConditions_PeripheralVascularDisease)] = '1',,,,,,
Personal and Family Health Hist,,circulatorycondition_pulmonaryembolismthrombosis_yes,personal_and_family_health_history,,checkbox,"Including yourself, who in your family has had pulmonary embolism or deep vein thrombosis (DVT)? Select all that apply.","CirculatoryConditions_PulmonaryEmbolism, Self | MotherCirculatoryCondition_PulmonaryEmbolismThrombosis, Mother | FatherCirculatoryCondition_PulmonaryEmbolismThrombosis, Father | SiblingCirculatoryCondition_PulmonaryEmbolismThrombosis, Sibling | DaughterCirculatoryCondition_PulmonaryEmbolismThrombosis, Daughter | SonCirculatoryCondition_PulmonaryEmbolismThrombosis, Son | GrandparentCirculatoryCondition_PulmonaryEmbolismThrombosis, Grandparent",,,,[diagnosedhealthcondition_circulatorycondition(CirculatoryCondition_PulmonaryEmbolismThrombosis)] = '1',,,,,,
Personal and Family Health Hist,,circulatory_pulmonaryembolismcurrently,personal_and_family_health_history,,radio,Are you still seeing a doctor or health care provider for pulmonary embolism or deep vein thrombosis (DVT)?,"PulmonaryEmbolismCurrently_Yes, Yes | PulmonaryEmbolismCurrently_No, No",,,,[circulatorycondition_pulmonaryembolismthrombosis_yes(CirculatoryConditions_PulmonaryEmbolism)] = '1',,,,,,
Personal and Family Health Hist,,circulatory_howoldwereyoupulmonaryembolism,personal_and_family_health_history,,radio,About how old were you when you were first told you had pulmonary embolism or deep vein thrombosis (DVT)?,"HowOldWereYouPulmonaryEmbolism_Child, Child (0-11) | HowOldWereYouPulmonaryEmbolism_Adolescent, Adolescent (12-17) | HowOldWereYouPulmonaryEmbolism_Adult, Adult (18-64) | HowOldWereYouPulmonaryEmbolism_OlderAdult, Older adult (65-74) | HowOldWereYouPulmonaryEmbolism_Elderly, Elderly (75+)",,,,[circulatorycondition_pulmonaryembolismthrombosis_yes(CirculatoryConditions_PulmonaryEmbolism)] = '1',,,,,,
Personal and Family Health Hist,,circulatory_rxmedsforpulmonaryembolism,personal_and_family_health_history,,radio,Are you currently prescribed medications and/or receiving treatment for pulmonary embolism or deep vein thrombosis (DVT)?,"RxMedsforPulmonaryEmbolism_Yes, Yes | RxMedsforPulmonaryEmbolism_No, No",,,,[circulatorycondition_pulmonaryembolismthrombosis_yes(CirculatoryConditions_PulmonaryEmbolism)] = '1',,,,,,
Personal and Family Health Hist,,circulatorycondition_sicklecelldisease_yes,personal_and_family_health_history,,checkbox,"Including yourself, who in your family has had sickle cell disease? Select all that apply.","CirculatoryConditions_SickleCellDisease, Self | MotherCirculatoryCondition_SickleCellDisease, Mother | FatherCirculatoryCondition_SickleCellDisease, Father | SiblingCirculatoryCondition_SickleCellDisease, Sibling | DaughterCirculatoryCondition_SickleCellDisease, Daughter | SonCirculatoryCondition_SickleCellDisease, Son | GrandparentCirculatoryCondition_SickleCellDisease, Grandparent",,,,[diagnosedhealthcondition_circulatorycondition(CirculatoryCondition_SickleCellDisease)] = '1',,,,,,
Personal and Family Health Hist,,circulatory_sicklecelldiseasecurrently,personal_and_family_health_history,,radio,Are you still seeing a doctor or health care provider for sickle cell disease?,"SickleCellDiseaseCurrently_Yes, Yes | SickleCellDiseaseCurrently_No, No",,,,[circulatorycondition_sicklecelldisease_yes(CirculatoryConditions_SickleCellDisease)] = '1',,,,,,
Personal and Family Health Hist,,circulatory_howoldwereyousicklecelldisease,personal_and_family_health_history,,radio,About how old were you when you were first told you had sickle cell disease?,"HowOldWereYouSickleCellDisease_Child, Child (0-11) | HowOldWereYouSickleCellDisease_Adolescent, Adolescent (12-17) | HowOldWereYouSickleCellDisease_Adult, Adult (18-64) | HowOldWereYouSickleCellDisease_OlderAdult, Older adult (65-74) | HowOldWereYouSickleCellDisease_Elderly, Elderly (75+)",,,,[circulatorycondition_sicklecelldisease_yes(CirculatoryConditions_SickleCellDisease)] = '1',,,,,,
Personal and Family Health Hist,,circulatory_rxmedsforsicklecelldisease,personal_and_family_health_history,,radio,Are you currently prescribed medications and/or receiving treatment for sickle cell disease?,"RxMedsforSickleCellDisease_Yes, Yes | RxMedsforSickleCellDisease_No, No",,,,[circulatorycondition_sicklecelldisease_yes(CirculatoryConditions_SickleCellDisease)] = '1',,,,,,
Personal and Family Health Hist,,circulatorycondition_stroke_yes,personal_and_family_health_history,,checkbox,"Including yourself, who in your family has had a stroke? Select all that apply.","CirculatoryConditions_Stroke, Self | MotherCirculatoryCondition_Stroke, Mother | FatherCirculatoryCondition_Stroke, Father | SiblingCirculatoryCondition_Stroke, Sibling | DaughterCirculatoryCondition_Stroke, Daughter | SonCirculatoryCondition_Stroke, Son | GrandparentCirculatoryCondition_Stroke, Grandparent",,,,[diagnosedhealthcondition_circulatorycondition(CirculatoryCondition_Stroke)] = '1',,,,,,
Personal and Family Health Hist,,circulatory_strokecurrently,personal_and_family_health_history,,radio,Are you still seeing a doctor or health care provider for a stroke?,"StrokeCurrently_Yes, Yes | StrokeCurrently_No, No",,,,[circulatorycondition_stroke_yes(CirculatoryConditions_Stroke)] = '1',,,,,,
Personal and Family Health Hist,,circulatory_howoldwereyoustroke,personal_and_family_health_history,,radio,About how old were you when you were first told you had a stroke?,"HowOldWereYouStroke_Child, Child (0-11) | HowOldWereYouStroke_Adolescent, Adolescent (12-17) | HowOldWereYouStroke_Adult, Adult (18-64) | HowOldWereYouStroke_OlderAdult, Older adult (65-74) | HowOldWereYouStroke_Elderly, Elderly (75+)",,,,[circulatorycondition_stroke_yes(CirculatoryConditions_Stroke)] = '1',,,,,,
Personal and Family Health Hist,,circulatory_rxmedsforstroke,personal_and_family_health_history,,radio,Are you currently prescribed medications and/or receiving treatment for a stroke?,"RxMedsforStroke_Yes, Yes | RxMedsforStroke_No, No",,,,[circulatorycondition_stroke_yes(CirculatoryConditions_Stroke)] = '1',,,,,,
Personal and Family Health Hist,,circulatorycondition_suddendeath_yes,personal_and_family_health_history,,checkbox,Who in your family has had sudden death? Select all that apply.,"MotherCirculatoryCondition_SuddenDeath, Mother | FatherCirculatoryCondition_SuddenDeath, Father | SiblingCirculatoryCondition_SuddenDeath, Sibling | DaughterCirculatoryCondition_SuddenDeath, Daughter | SonCirculatoryCondition_SuddenDeath, Son | GrandparentCirculatoryCondition_SuddenDeath, Grandparent",,,,[diagnosedhealthcondition_circulatorycondition(CirculatoryCondition_SuddenDeath)] = '1',,,,,,
Personal and Family Health Hist,,circulatorycondition_transientischemicattack_yes,personal_and_family_health_history,,checkbox,"Including yourself, who in your family has had transient ischemic attacks (TIAs or mini-strokes)? Select all that apply.","CirculatoryConditions_TransientIschemicAttack, Self | MotherCirculatoryCondition_TransientIschemicAttack, Mother | FatherCirculatoryCondition_TransientIschemicAttack, Father | siblingcirculatorycondition_transientischemicattac, Sibling | daughtercirculatorycondition_transientischemicatta, Daughter | SonCirculatoryCondition_TransientIschemicAttack, Son | grandparentcirculatorycondition_transientischemica, Grandparent",,,,[diagnosedhealthcondition_circulatorycondition(CirculatoryCondition_TransientIschemicAttack)] = '1',,,,,,
Personal and Family Health Hist,,circulatory_transientischemicattackcurrently,personal_and_family_health_history,,radio,Are you still seeing a doctor or health care provider for transient ischemic attacks (TIAs or mini-strokes)?,"TransientIschemicAttackCurrently_Yes, Yes | TransientIschemicAttackCurrently_No, No",,,,[circulatorycondition_transientischemicattack_yes(CirculatoryConditions_TransientIschemicAttack)] = '1',,,,,,
Personal and Family Health Hist,,circulatory_howoldwereyoutransientischemicattack,personal_and_family_health_history,,radio,About how old were you when you were first told you had transient ischemic attacks (TIAs or mini-strokes)?,"HowOldWereYouTransientIschemicAttack_Child, Child (0-11) | HowOldWereYouTransientIschemicAttack_Adolescent, Adolescent (12-17) | HowOldWereYouTransientIschemicAttack_Adult, Adult (18-64) | HowOldWereYouTransientIschemicAttack_OlderAdult, Older adult (65-74) | HowOldWereYouTransientIschemicAttack_Elderly, Elderly (75+)",,,,[circulatorycondition_transientischemicattack_yes(CirculatoryConditions_TransientIschemicAttack)] = '1',,,,,,
Personal and Family Health Hist,,circulatory_rxmedsfortransientischemicattack,personal_and_family_health_history,,radio,Are you currently prescribed medications and/or receiving treatment for transient ischemic attacks (TIAs or mini-strokes)?,"RxMedsforTransientIschemicAttack_Yes, Yes | RxMedsforTransientIschemicAttack_No, No",,,,[circulatorycondition_transientischemicattack_yes(CirculatoryConditions_TransientIschemicAttack)] = '1',,,,,,
Personal and Family Health Hist,,circulatorycondition_otherheartorbloodcondition_ye,personal_and_family_health_history,,checkbox,"Including yourself, who in your family has had other heart or blood condition? Select all that apply.","CirculatoryConditions_OtherHeartorBloodCondition, Self | mothercirculatorycondition_otherheartorbloodcondit, Mother | fathercirculatorycondition_otherheartorbloodcondit, Father | siblingcirculatorycondition_otherheartorbloodcondi, Sibling | daughtercirculatorycondition_otherheartorbloodcond, Daughter | SonCirculatoryCondition_OtherHeartorBloodCondition, Son | grandparentcirculatorycondition_otherheartorbloodc, Grandparent",,,,[diagnosedhealthcondition_circulatorycondition(CirculatoryCondition_OtherHeartorBloodCondition)] = '1',,,,,,
Personal and Family Health Hist,,otherheartorbloodcondition_freetextbox,personal_and_family_health_history,,text,Please specify the other heart or blood condition(s) you have had.,,,,,[circulatorycondition_otherheartorbloodcondition_ye(CirculatoryConditions_OtherHeartorBloodCondition)] = '1',,,,,REGISTERED_QUESTION_SUPPRESSED,CONTROLLED_QUESTION_SUPPRESSED
Personal and Family Health Hist,,otherheartorbloodcondition_motherfreetextbox,personal_and_family_health_history,,text,Please specify the other heart or blood condition(s) your mother has had.,,,,,[circulatorycondition_otherheartorbloodcondition_ye(mothercirculatorycondition_otherheartorbloodcondit)] = '1',,,,,REGISTERED_QUESTION_SUPPRESSED,CONTROLLED_QUESTION_SUPPRESSED
Personal and Family Health Hist,,otherheartorbloodcondition_fatherfreetextbox,personal_and_family_health_history,,text,Please specify the other heart or blood condition(s) your father has had.,,,,,[circulatorycondition_otherheartorbloodcondition_ye(fathercirculatorycondition_otherheartorbloodcondit)] = '1',,,,,REGISTERED_QUESTION_SUPPRESSED,CONTROLLED_QUESTION_SUPPRESSED
Personal and Family Health Hist,,otherheartorbloodcondition_siblingfreetextbox,personal_and_family_health_history,,text,Please specify the other heart or blood condition(s) your sibling(s) has had.,,,,,[circulatorycondition_otherheartorbloodcondition_ye(siblingcirculatorycondition_otherheartorbloodcondi)] = '1',,,,,REGISTERED_QUESTION_SUPPRESSED,CONTROLLED_QUESTION_SUPPRESSED
Personal and Family Health Hist,,otherheartorbloodcondition_daughterfreetextbox,personal_and_family_health_history,,text,Please specify the other heart or blood condition(s) your daughter(s) has had.,,,,,[circulatorycondition_otherheartorbloodcondition_ye(daughtercirculatorycondition_otherheartorbloodcond)] = '1',,,,,REGISTERED_QUESTION_SUPPRESSED,CONTROLLED_QUESTION_SUPPRESSED
Personal and Family Health Hist,,otherheartorbloodcondition_sonfreetextbox,personal_and_family_health_history,,text,Please specify the other heart or blood condition(s) your son(s) has had.,,,,,[circulatorycondition_otherheartorbloodcondition_ye(SonCirculatoryCondition_OtherHeartorBloodCondition)] = '1',,,,,REGISTERED_QUESTION_SUPPRESSED,CONTROLLED_QUESTION_SUPPRESSED
Personal and Family Health Hist,,otherheartorbloodcondition_grandparentfreetextbox,personal_and_family_health_history,,text,Please specify the other heart or blood condition(s) your grandparent(s) has had.,,,,,[circulatorycondition_otherheartorbloodcondition_ye(grandparentcirculatorycondition_otherheartorbloodc)] = '1',,,,,REGISTERED_QUESTION_SUPPRESSED,CONTROLLED_QUESTION_SUPPRESSED
Personal and Family Health Hist,,circulatory_otherheartbloodcurrently,personal_and_family_health_history,,radio,Are you still seeing a doctor or health care provider for other heart or blood condition(s)?,"OtherHeartBloodCurrently_Yes, Yes | OtherHeartBloodCurrently_No, No",,,,[circulatorycondition_otherheartorbloodcondition_ye(CirculatoryConditions_OtherHeartorBloodCondition)] = '1',,,,,,
Personal and Family Health Hist,,circulatory_howoldwereyouotherheartblood,personal_and_family_health_history,,radio,About how old were you when you were first told you had other heart or blood condition(s)?,"HowOldWereYouOtherHeartBlood_Child, Child (0-11) | HowOldWereYouOtherHeartBlood_Adolescent, Adolescent (12-17) | HowOldWereYouOtherHeartBlood_Adult, Adult (18-64) | HowOldWereYouOtherHeartBlood_OlderAdult, Older adult (65-74) | HowOldWereYouOtherHeartBlood_Elderly, Elderly (75+)",,,,[circulatorycondition_otherheartorbloodcondition_ye(CirculatoryConditions_OtherHeartorBloodCondition)] = '1',,,,,,
Personal and Family Health Hist,,circulatory_rxmedsforotherheartblood,personal_and_family_health_history,,radio,Are you currently prescribed medications and/or receiving treatment for other heart or blood condition(s)?,"RxMedsforOtherHeartBlood_Yes, Yes | noRxMedsforOtherHeartBlood_No, No",,,,[circulatorycondition_otherheartorbloodcondition_ye(CirculatoryConditions_OtherHeartorBloodCondition)] = '1',,,,,,
Personal and Family Health Hist,,diagnosedhealthcondition_digestivecondition,personal_and_family_health_history,Digestive Conditions,checkbox,Have you or anyone in your family ever been diagnosed with the following digestive conditions? Think only of the people you are related to by blood. Select all that apply.,"DigestiveCondition_AcidReflux, Acid reflux | DigestiveCondition_BowelObstruction, Bowel obstruction | DigestiveCondition_CeliacDisease, Celiac disease | DigestiveCondition_ColonPolyps, Colon polyps | DigestiveCondition_CrohnsDisease, Crohn's disease | DigestiveCondition_Diverticulitis, Diverticulitis/Diverticulosis | DigestiveCondition_GallStones, Gall stones | DigestiveCondition_Hemorrhoids, Hemorrhoids | DigestiveCondition_Hernia, Hernia | DigestiveCondition_IrritableBowelSyndrome, Irritable bowel syndrome (IBS) | DigestiveCondition_LiverCondition, Liver condition (e.g., cirrhosis) | DigestiveCondition_Pancreatitis, Pancreatitis | DigestiveCondition_PepticUlcers, Peptic (stomach) ulcers | DigestiveCondition_UlcerativeColitis, Ulcerative colitis | DigestiveCondition_OtherDigestiveCondition, Other digestive condition | PMI_None, None of the above | PMI_DontKnow, Don't know | PMI_PreferNotToAnswer, Prefer not to answer",,,,,,,,,,
Personal and Family Health Hist,,digestivecondition_acidreflux_yes,personal_and_family_health_history,,checkbox,"Including yourself, who in your family has had acid reflux? Select all that apply.","DigestiveSystemConditions_AcidReflux, Self | MotherDigestiveCondition_AcidReflux, Mother | FatherDigestiveCondition_AcidReflux, Father | SiblingDigestiveCondition_AcidReflux, Sibling | DaughterDigestiveCondition_AcidReflux, Daughter | SonDigestiveCondition_AcidReflux, Son | GrandparentDigestiveCondition_AcidReflux, Grandparent",,,,[diagnosedhealthcondition_digestivecondition(DigestiveCondition_AcidReflux)] = '1',,,,,,
Personal and Family Health Hist,,digestive_acidrefluxcurrently,personal_and_family_health_history,,radio,Are you still seeing a doctor or health care provider for acid reflux?,"AcidRefluxCurrently_Yes, Yes | AcidRefluxCurrently_No, No",,,,[digestivecondition_acidreflux_yes(DigestiveSystemConditions_AcidReflux)] = '1',,,,,,
Personal and Family Health Hist,,digestive_howoldwereyouacidreflux,personal_and_family_health_history,,radio,About how old were you when you were first told you had acid reflux?,"HowOldWereYouAcidReflux_Child, Child (0-11) | HowOldWereYouAcidReflux_Adolescent, Adolescent (12-17) | HowOldWereYouAcidReflux_Adult, Adult (18-64) | HowOldWereYouAcidReflux_OlderAdult, Older adult (65-74) | HowOldWereYouAcidReflux_Elderly, Elderly (75+)",,,,[digestivecondition_acidreflux_yes(DigestiveSystemConditions_AcidReflux)] = '1',,,,,,
Personal and Family Health Hist,,digestive_rxmedsforacidreflux,personal_and_family_health_history,,radio,Are you currently prescribed medications and/or receiving treatment for acid reflux?,"RxMedsforAcidReflux_Yes, Yes | RxMedsforAcidReflux_No, No",,,,[digestivecondition_acidreflux_yes(DigestiveSystemConditions_AcidReflux)] = '1',,,,,,
Personal and Family Health Hist,,digestivecondition_bowelobstruction_yes,personal_and_family_health_history,,checkbox,"Including yourself, who in your family has had bowel obstruction? Select all that apply.","DigestiveSystemConditions_BowelObstruction, Self | MotherDigestiveCondition_BowelObstruction, Mother | FatherDigestiveCondition_BowelObstruction, Father | SiblingDigestiveCondition_BowelObstruction, Sibling | DaughterDigestiveCondition_BowelObstruction, Daughter | SonDigestiveCondition_BowelObstruction, Son | GrandparentDigestiveCondition_BowelObstruction, Grandparent",,,,[diagnosedhealthcondition_digestivecondition(DigestiveCondition_BowelObstruction)] = '1',,,,,,
Personal and Family Health Hist,,digestive_bowelobstructioncurrently,personal_and_family_health_history,,radio,Are you still seeing a doctor or health care provider for bowel obstruction?,"BowelObstructionCurrently_Yes, Yes | BowelObstructionCurrently_No, No",,,,[digestivecondition_bowelobstruction_yes(DigestiveSystemConditions_BowelObstruction)] = '1',,,,,,
Personal and Family Health Hist,,digestive_howoldwereyoubowelobstruction,personal_and_family_health_history,,radio,About how old were you when you were first told you had bowel obstruction?,"HowOldWereYouBowelObstruction_Child, Child (0-11) | HowOldWereYouBowelObstruction_Adolescent, Adolescent (12-17) | HowOldWereYouBowelObstruction_Adult, Adult (18-64) | HowOldWereYouBowelObstruction_OlderAdult, Older adult (65-74) | HowOldWereYouBowelObstruction_Elderly, Elderly (75+)",,,,[digestivecondition_bowelobstruction_yes(DigestiveSystemConditions_BowelObstruction)] = '1',,,,,,
Personal and Family Health Hist,,digestive_rxmedsforbowelobstruction,personal_and_family_health_history,,radio,Are you currently prescribed medications and/or receiving treatment for bowel obstruction?,"RxMedsforBowelObstruction_Yes, Yes | RxMedsforBowelObstruction_No, No",,,,[digestivecondition_bowelobstruction_yes(DigestiveSystemConditions_BowelObstruction)] = '1',,,,,,
Personal and Family Health Hist,,digestivecondition_celiacdisease_yes,personal_and_family_health_history,,checkbox,"Including yourself, who in your family has had celiac disease? Select all that apply.","DigestiveSystemConditions_CeliacDisease, Self | MotherDigestiveCondition_CeliacDisease, Mother | FatherDigestiveCondition_CeliacDisease, Father | SiblingDigestiveCondition_CeliacDisease, Sibling | DaughterDigestiveCondition_CeliacDisease, Daughter | SonDigestiveCondition_CeliacDisease, Son | GrandparentDigestiveCondition_CeliacDisease, Grandparent",,,,[diagnosedhealthcondition_digestivecondition(DigestiveCondition_CeliacDisease)] = '1',,,,,,
Personal and Family Health Hist,,digestive_celiacdiseasecurrently,personal_and_family_health_history,,radio,Are you still seeing a doctor or health care provider for celiac disease?,"CeliacDiseaseCurrently_Yes, Yes | CeliacDiseaseCurrently_No, No",,,,[digestivecondition_celiacdisease_yes(DigestiveSystemConditions_CeliacDisease)] = '1',,,,,,
Personal and Family Health Hist,,digestive_howoldwereyouceliacdisease,personal_and_family_health_history,,radio,About how old were you when you were first told you had celiac disease?,"HowOldWereYouCeliacDisease_Child, Child (0-11) | HowOldWereYouCeliacDisease_Adolescent, Adolescent (12-17) | HowOldWereYouCeliacDisease_Adult, Adult (18-64) | HowOldWereYouCeliacDisease_OlderAdult, Older adult (65-74) | HowOldWereYouCeliacDisease_Elderly, Elderly (75+)",,,,[digestivecondition_celiacdisease_yes(DigestiveSystemConditions_CeliacDisease)] = '1',,,,,,
Personal and Family Health Hist,,digestive_rxmedsforceliacdisease,personal_and_family_health_history,,radio,Are you currently prescribed medications and/or receiving treatment for celiac disease?,"RxMedsforCeliacDisease_Yes, Yes | RxMedsforCeliacDisease_No, No",,,,[digestivecondition_celiacdisease_yes(DigestiveSystemConditions_CeliacDisease)] = '1',,,,,,
Personal and Family Health Hist,,digestivecondition_colonpolyps_yes,personal_and_family_health_history,,checkbox,"Including yourself, who in your family has had colon polyps? Select all that apply.","DigestiveSystemConditions_ColonPolyps, Self | MotherDigestiveCondition_ColonPolyps, Mother | FatherDigestiveCondition_ColonPolyps, Father | SiblingDigestiveCondition_ColonPolyps, Sibling | DaughterDigestiveCondition_ColonPolyps, Daughter | SonDigestiveCondition_ColonPolyps, Son | GrandparentDigestiveCondition_ColonPolyps, Grandparent",,,,[diagnosedhealthcondition_digestivecondition(DigestiveCondition_ColonPolyps)] = '1',,,,,,
Personal and Family Health Hist,,digestive_colonpolypscurrently,personal_and_family_health_history,,radio,Are you still seeing a doctor or health care provider for colon polyps?,"ColonPolypsCurrently_Yes, Yes | ColonPolypsCurrently_No, No",,,,[digestivecondition_colonpolyps_yes(DigestiveSystemConditions_ColonPolyps)] = '1',,,,,,
Personal and Family Health Hist,,digestive_howoldwereyoucolonpolyps,personal_and_family_health_history,,radio,About how old were you when you were first told you had colon polyps?,"HowOldWereYouColonPolyps_Child, Child (0-11) | HowOldWereYouColonPolyps_Adolescent, Adolescent (12-17) | HowOldWereYouColonPolyps_Adult, Adult (18-64) | HowOldWereYouColonPolyps_OlderAdult, Older adult (65-74) | HowOldWereYouColonPolyps_Elderly, Elderly (75+)",,,,[digestivecondition_colonpolyps_yes(DigestiveSystemConditions_ColonPolyps)] = '1',,,,,,
Personal and Family Health Hist,,digestive_rxmedsforcolonpolyps,personal_and_family_health_history,,radio,Are you currently prescribed medications and/or receiving treatment for colon polyps?,"RxMedsforColonPolyps_Yes, Yes | RxMedsforColonPolyps_No, No",,,,[digestivecondition_colonpolyps_yes(DigestiveSystemConditions_ColonPolyps)] = '1',,,,,,
Personal and Family Health Hist,,digestivecondition_crohnsdisease_yes,personal_and_family_health_history,,checkbox,"Including yourself, who in your family has had Crohn's disease? Select all that apply.","DigestiveSystemConditions_CrohnsDisease, Self | MotherDigestiveCondition_CrohnsDisease, Mother | FatherDigestiveCondition_CrohnsDisease, Father | SiblingDigestiveCondition_CrohnsDisease, Sibling | DaughterDigestiveCondition_CrohnsDisease, Daughter | SonDigestiveCondition_CrohnsDisease, Son | GrandparentDigestiveCondition_CrohnsDisease, Grandparent",,,,[diagnosedhealthcondition_digestivecondition(DigestiveCondition_CrohnsDisease)] = '1',,,,,,
Personal and Family Health Hist,,digestive_crohnsdiseasecurrently,personal_and_family_health_history,,radio,Are you still seeing a doctor or health care provider for Crohn's disease?,"CrohnsDiseaseCurrently_Yes, Yes | CrohnsDiseaseCurrently_No, No",,,,[digestivecondition_crohnsdisease_yes(DigestiveSystemConditions_CrohnsDisease)] = '1',,,,,,
Personal and Family Health Hist,,digestive_howoldwereyoucrohnsdisease,personal_and_family_health_history,,radio,About how old were you when you were first told you had Crohn's disease?,"HowOldWereYouCrohnsDisease_Child, Child (0-11) | HowOldWereYouCrohnsDisease_Adolescent, Adolescent (12-17) | HowOldWereYouCrohnsDisease_Adult, Adult (18-64) | HowOldWereYouCrohnsDisease_OlderAdult, Older adult (65-74) | HowOldWereYouCrohnsDisease_Elderly, Elderly (75+)",,,,[digestivecondition_crohnsdisease_yes(DigestiveSystemConditions_CrohnsDisease)] = '1',,,,,,
Personal and Family Health Hist,,digestive_rxmedsforcrohnsdisease,personal_and_family_health_history,,radio,Are you currently prescribed medications and/or receiving treatment for Crohn's disease?,"RxMedsforCrohnsDisease_Yes, Yes | RxMedsforCrohnsDisease_No, No",,,,[digestivecondition_crohnsdisease_yes(DigestiveSystemConditions_CrohnsDisease)] = '1',,,,,,
Personal and Family Health Hist,,digestivecondition_diverticulitis_yes,personal_and_family_health_history,,checkbox,"Including yourself, who in your family has had diverticulitis/diverticulosis? Select all that apply.","DigestiveSystemConditions_Diverticulosis, Self | MotherDigestiveCondition_Diverticulitis, Mother | FatherDigestiveCondition_Diverticulitis, Father | SiblingDigestiveCondition_Diverticulitis, Sibling | DaughterDigestiveCondition_Diverticulitis, Daughter | SonDigestiveCondition_Diverticulitis, Son | GrandparentDigestiveCondition_Diverticulitis, Grandparent",,,,[diagnosedhealthcondition_digestivecondition(DigestiveCondition_Diverticulitis)] = '1',,,,,,
Personal and Family Health Hist,,digestive_diverticulosiscurrently,personal_and_family_health_history,,radio,Are you still seeing a doctor or health care provider for diverticulitis/diverticulosis?,"DiverticulosisCurrently_Yes, Yes | DiverticulosisCurrently_No, No",,,,[digestivecondition_diverticulitis_yes(DigestiveSystemConditions_Diverticulosis)] = '1',,,,,,
Personal and Family Health Hist,,digestive_howoldwereyoudiverticulosis,personal_and_family_health_history,,radio,About how old were you when you were first told you had diverticulitis/diverticulosis?,"HowOldWereYouDiverticulosis_Child, Child (0-11) | HowOldWereYouDiverticulosis_Adolescent, Adolescent (12-17) | HowOldWereYouDiverticulosis_Adult, Adult (18-64) | HowOldWereYouDiverticulosis_OlderAdult, Older adult (65-74) | HowOldWereYouDiverticulosis_Elderly, Elderly (75+)",,,,[digestivecondition_diverticulitis_yes(DigestiveSystemConditions_Diverticulosis)] = '1',,,,,,
Personal and Family Health Hist,,digestive_rxmedsfordiverticulosis,personal_and_family_health_history,,radio,Are you currently prescribed medications and/or receiving treatment for diverticulitis/diverticulosis?,"RxMedsforDiverticulosis_Yes, Yes | RxMedsforDiverticulosis_No, No",,,,[digestivecondition_diverticulitis_yes(DigestiveSystemConditions_Diverticulosis)] = '1',,,,,,
Personal and Family Health Hist,,digestivecondition_gallstones_yes,personal_and_family_health_history,,checkbox,"Including yourself, who in your family has had gall stones? Select all that apply.","DigestiveSystemConditions_GallStones, Self | MotherDigestiveCondition_GallStones, Mother | FatherDigestiveCondition_GallStones, Father | SiblingDigestiveCondition_GallStones, Sibling | DaughterDigestiveCondition_GallStones, Daughter | SonDigestiveCondition_GallStones, Son | GrandparentDigestiveCondition_GallStones, Grandparent",,,,[diagnosedhealthcondition_digestivecondition(DigestiveCondition_GallStones)] = '1',,,,,,
Personal and Family Health Hist,,digestive_gallstonescurrently,personal_and_family_health_history,,radio,Are you still seeing a doctor or health care provider for gall stones?,"GallStonesCurrently_Yes, Yes | GallStonesCurrently_No, No",,,,[digestivecondition_gallstones_yes(DigestiveSystemConditions_GallStones)] = '1',,,,,,
Personal and Family Health Hist,,digestive_howoldwereyougallstones,personal_and_family_health_history,,radio,About how old were you when you were first told you had gall stones?,"HowOldWereYouGallStones_Child, Child (0-11) | HowOldWereYouGallStones_Adolescent, Adolescent (12-17) | HowOldWereYouGallStones_Adult, Adult (18-64) | HowOldWereYouGallStones_OlderAdult, Older adult (65-74) | HowOldWereYouGallStones_Elderly, Elderly (75+)",,,,[digestivecondition_gallstones_yes(DigestiveSystemConditions_GallStones)] = '1',,,,,,
Personal and Family Health Hist,,digestive_rxmedsforgallstones,personal_and_family_health_history,,radio,Are you currently prescribed medications and/or receiving treatment for gall stones?,"RxMedsforGallStones_Yes, Yes | RxMedsforGallStones_No, No",,,,[digestivecondition_gallstones_yes(DigestiveSystemConditions_GallStones)] = '1',,,,,,
Personal and Family Health Hist,,digestivecondition_hemorrhoids_yes,personal_and_family_health_history,,checkbox,"Including yourself, who in your family has had hemorrhoids? Select all that apply.","DigestiveSystemConditions_Hemorrhoids, Self | MotherDigestiveCondition_Hemorrhoids, Mother | FatherDigestiveCondition_Hemorrhoids, Father | SiblingDigestiveCondition_Hemorrhoids, Sibling | DaughterDigestiveCondition_Hemorrhoids, Daughter | SonDigestiveCondition_Hemorrhoids, Son | GrandparentDigestiveCondition_Hemorrhoids, Grandparent",,,,[diagnosedhealthcondition_digestivecondition(DigestiveCondition_Hemorrhoids)] = '1',,,,,,
Personal and Family Health Hist,,digestive_hemorrhoidscurrently,personal_and_family_health_history,,radio,Are you still seeing a doctor or health care provider for hemorrhoids?,"HemorrhoidsCurrently_Yes, Yes | HemorrhoidsCurrently_No, No",,,,[digestivecondition_hemorrhoids_yes(DigestiveSystemConditions_Hemorrhoids)] = '1',,,,,,
Personal and Family Health Hist,,digestive_howoldwereyouhemorrhoids,personal_and_family_health_history,,radio,About how old were you when you were first told you had hemorrhoids?,"HowOldWereYouHemorrhoids_Child, Child (0-11) | HowOldWereYouHemorrhoids_Adolescent, Adolescent (12-17) | HowOldWereYouHemorrhoids_Adult, Adult (18-64) | HowOldWereYouHemorrhoids_OlderAdult, Older adult (65-74) | HowOldWereYouHemorrhoids_Elderly, Elderly (75+)",,,,[digestivecondition_hemorrhoids_yes(DigestiveSystemConditions_Hemorrhoids)] = '1',,,,,,
Personal and Family Health Hist,,digestive_rxmedsforhemorrhoids,personal_and_family_health_history,,radio,Are you currently prescribed medications and/or receiving treatment for hemorrhoids?,"RxMedsforHemorrhoids_Yes, Yes | RxMedsforHemorrhoids_No, No",,,,[digestivecondition_hemorrhoids_yes(DigestiveSystemConditions_Hemorrhoids)] = '1',,,,,,
Personal and Family Health Hist,,digestivecondition_hernia_yes,personal_and_family_health_history,,checkbox,"Including yourself, who in your family has had a hernia? Select all that apply.","DigestiveSystemConditions_Hernia, Self | MotherDigestiveCondition_Hernia, Mother | FatherDigestiveCondition_Hernia, Father | SiblingDigestiveCondition_Hernia, Sibling | DaughterDigestiveCondition_Hernia, Daughter | SonDigestiveCondition_Hernia, Son | GrandparentDigestiveCondition_Hernia, Grandparent",,,,[diagnosedhealthcondition_digestivecondition(DigestiveCondition_Hernia)] = '1',,,,,,
Personal and Family Health Hist,,digestive_herniacurrently,personal_and_family_health_history,,radio,Are you still seeing a doctor or health care provider for a hernia?,"HerniaCurrently_Yes, Yes | HerniaCurrently_No, No",,,,[digestivecondition_hernia_yes(DigestiveSystemConditions_Hernia)] = '1',,,,,,
Personal and Family Health Hist,,digestive_howoldwereyouhernia,personal_and_family_health_history,,radio,About how old were you when you were first told you had a hernia?,"HowOldWereYouHernia_Child, Child (0-11) | HowOldWereYouHernia_Adolescent, Adolescent (12-17) | HowOldWereYouHernia_Adult, Adult (18-64) | HowOldWereYouHernia_OlderAdult, Older adult (65-74) | HowOldWereYouHernia_Elderly, Elderly (75+)",,,,[digestivecondition_hernia_yes(DigestiveSystemConditions_Hernia)] = '1',,,,,,
Personal and Family Health Hist,,digestive_rxmedsforhernia,personal_and_family_health_history,,radio,Are you currently prescribed medications and/or receiving treatment for a hernia?,"RxMedsforHernia_Yes, Yes | RxMedsforHernia_No, No",,,,[digestivecondition_hernia_yes(DigestiveSystemConditions_Hernia)] = '1',,,,,,
Personal and Family Health Hist,,digestivecondition_irritablebowelsyndrome_yes,personal_and_family_health_history,,checkbox,"Including yourself, who in your family has had irritable bowel syndrome (IBS)? Select all that apply.","DigestiveSystemConditions_IrritableBowel, Self | MotherDigestiveCondition_IrritableBowelSyndrome, Mother | FatherDigestiveCondition_IrritableBowelSyndrome, Father | SiblingDigestiveCondition_IrritableBowelSyndrome, Sibling | DaughterDigestiveCondition_IrritableBowelSyndrome, Daughter | SonDigestiveCondition_IrritableBowelSyndrome, Son | GrandparentDigestiveCondition_IrritableBowelSyndrome, Grandparent",,,,[diagnosedhealthcondition_digestivecondition(DigestiveCondition_IrritableBowelSyndrome)] = '1',,,,,,
Personal and Family Health Hist,,digestive_irritablebowelcurrently,personal_and_family_health_history,,radio,Are you still seeing a doctor or health care provider for irritable bowel syndrome (IBS)?,"IrritableBowelCurrently_Yes, Yes | IrritableBowelCurrently_No, No",,,,[digestivecondition_irritablebowelsyndrome_yes(DigestiveSystemConditions_IrritableBowel)] = '1',,,,,,
Personal and Family Health Hist,,digestive_howoldwereyouirritablebowel,personal_and_family_health_history,,radio,About how old were you when you were first told you had irritable bowel syndrome (IBS)?,"HowOldWereYouIrritableBowel_Child, Child (0-11) | HowOldWereYouIrritableBowel_Adolescent, Adolescent (12-17) | HowOldWereYouIrritableBowel_Adult, Adult (18-64) | HowOldWereYouIrritableBowel_OlderAdult, Older adult (65-74) | HowOldWereYouIrritableBowel_Elderly, Elderly (75+)",,,,[digestivecondition_irritablebowelsyndrome_yes(DigestiveSystemConditions_IrritableBowel)] = '1',,,,,,
Personal and Family Health Hist,,digestive_rxmedsforirritablebowel,personal_and_family_health_history,,radio,Are you currently prescribed medications and/or receiving treatment for irritable bowel syndrome (IBS)?,"RxMedsforIrritableBowel_Yes, Yes | RxMedsforIrritableBowel_No, No",,,,[digestivecondition_irritablebowelsyndrome_yes(DigestiveSystemConditions_IrritableBowel)] = '1',,,,,,
Personal and Family Health Hist,,diagnosedhealthcondition_livercondition_yes,personal_and_family_health_history,,checkbox,"Including yourself, who in your family has had a liver condition (e.g., cirrhosis)? Select all that apply.","DigestiveSystemConditions_LiverCondition, Self | MotherDigestiveCondition_LiverCondition, Mother | FatherDigestiveCondition_LiverCondition, Father | SiblingDigestiveCondition_LiverCondition, Sibling | DaughterDigestiveCondition_LiverCondition, Daughter | SonDigestiveCondition_LiverCondition, Son | GrandparentDigestiveCondition_LiverCondition, Grandparent",,,,[diagnosedhealthcondition_digestivecondition(DigestiveCondition_LiverCondition)] = '1',,,,,,
Personal and Family Health Hist,,digestive_liverconditioncurrently,personal_and_family_health_history,,radio,"Are you still seeing a doctor or health care provider for a liver condition (e.g., cirrhosis)?","LiverConditionCurrently_Yes, Yes | LiverConditionCurrently_No, No",,,,[diagnosedhealthcondition_livercondition_yes(DigestiveSystemConditions_LiverCondition)] = '1',,,,,,
Personal and Family Health Hist,,digestive_howoldwereyoulivercondition,personal_and_family_health_history,,radio,"About how old were you when you were first told you had a liver condition (e.g., cirrhosis)?","HowOldWereYouLiverCondition_Child, Child (0-11) | HowOldWereYouLiverCondition_Adolescent, Adolescent (12-17) | HowOldWereYouLiverCondition_Adult, Adult (18-64) | HowOldWereYouLiverCondition_OlderAdult, Older adult (65-74) | HowOldWereYouLiverCondition_Elderly, Elderly (75+)",,,,[diagnosedhealthcondition_livercondition_yes(DigestiveSystemConditions_LiverCondition)] = '1',,,,,,
Personal and Family Health Hist,,digestive_rxmedsforlivercondition,personal_and_family_health_history,,radio,"Are you currently prescribed medications and/or receiving treatment for a liver condition (e.g., cirrhosis)?","RxMedsforLiverCondition_Yes, Yes | RxMedsforLiverCondition_No, No",,,,[diagnosedhealthcondition_livercondition_yes(DigestiveSystemConditions_LiverCondition)] = '1',,,,,,
Personal and Family Health Hist,,digestivecondition_pancreatitis_yes,personal_and_family_health_history,,checkbox,"Including yourself, who in your family has had a pancreatitis? Select all that apply.","DigestiveSystemConditions_Pancreatitis, Self | MotherDigestiveCondition_Pancreatitis, Mother | FatherDigestiveCondition_Pancreatitis, Father | SiblingDigestiveCondition_Pancreatitis, Sibling | DaughterDigestiveCondition_Pancreatitis, Daughter | SonDigestiveCondition_Pancreatitis, Son | GrandparentDigestiveCondition_Pancreatitis, Grandparent",,,,[diagnosedhealthcondition_digestivecondition(DigestiveCondition_Pancreatitis)] = '1',,,,,,
Personal and Family Health Hist,,digestive_pancreatitiscurrently,personal_and_family_health_history,,radio,Are you still seeing a doctor or health care provider for pancreatitis?,"PancreatitisCurrently_Yes, Yes | PancreatitisCurrently_No, No",,,,[digestivecondition_pancreatitis_yes(DigestiveSystemConditions_Pancreatitis)] = '1',,,,,,
Personal and Family Health Hist,,digestive_howoldwereyoupancreatitis,personal_and_family_health_history,,radio,About how old were you when you were first told you had pancreatitis?,"HowOldWereYouPancreatitis_Child, Child (0-11) | HowOldWereYouPancreatitis_Adolescent, Adolescent (12-17) | HowOldWereYouPancreatitis_Adult, Adult (18-64) | HowOldWereYouPancreatitis_OlderAdult, Older adult (65-74) | HowOldWereYouPancreatitis_Elderly, Elderly (75+)",,,,[digestivecondition_pancreatitis_yes(DigestiveSystemConditions_Pancreatitis)] = '1',,,,,,
Personal and Family Health Hist,,digestive_rxmedsforpancreatitis,personal_and_family_health_history,,radio,Are you currently prescribed medications and/or receiving treatment for pancreatitis?,"RxMedsforPancreatitis_Yes, Yes | RxMedsforPancreatitis_No, No",,,,[digestivecondition_pancreatitis_yes(DigestiveSystemConditions_Pancreatitis)] = '1',,,,,,
Personal and Family Health Hist,,digestivecondition_pepticulcers_yes,personal_and_family_health_history,,checkbox,"Including yourself, who in your family has had peptic (stomach) ulcers? Select all that apply.","DigestiveSystemConditions_PepticUlcers, Self | MotherDigestiveCondition_PepticUlcers, Mother | FatherDigestiveCondition_PepticUlcers, Father | SiblingDigestiveCondition_PepticUlcers, Sibling | DaughterDigestiveCondition_PepticUlcers, Daughter | SonDigestiveCondition_PepticUlcers, Son | GrandparentDigestiveCondition_PepticUlcers, Grandparent",,,,[diagnosedhealthcondition_digestivecondition(DigestiveCondition_PepticUlcers)] = '1',,,,,,
Personal and Family Health Hist,,digestive_pepticulcerscurrently,personal_and_family_health_history,,radio,Are you still seeing a doctor or health care provider for peptic (stomach) ulcers?,"PepticUlcersCurrently_Yes, Yes | PepticUlcersCurrently_No, No",,,,[digestivecondition_pepticulcers_yes(DigestiveSystemConditions_PepticUlcers)] = '1',,,,,,
Personal and Family Health Hist,,digestive_howoldwereyoupepticulcers,personal_and_family_health_history,,radio,About how old were you when you were first told you had peptic (stomach) ulcers?,"HowOldWereYouPepticUlcers_Child, Child (0-11) | HowOldWereYouPepticUlcers_Adolescent, Adolescent (12-17) | HowOldWereYouPepticUlcers_Adult, Adult (18-64) | HowOldWereYouPepticUlcers_OlderAdult, Older adult (65-74) | HowOldWereYouPepticUlcers_Elderly, Elderly (75+)",,,,[digestivecondition_pepticulcers_yes(DigestiveSystemConditions_PepticUlcers)] = '1',,,,,,
Personal and Family Health Hist,,digestive_rxmedsforpepticulcers,personal_and_family_health_history,,radio,Are you currently prescribed medications and/or receiving treatment for peptic (stomach) ulcers?,"RxMedsforPepticUlcers_Yes, Yes | RxMedsforPepticUlcers_No, No",,,,[digestivecondition_pepticulcers_yes(DigestiveSystemConditions_PepticUlcers)] = '1',,,,,,
Personal and Family Health Hist,,digestivecondition_ulcerativecolitis_yes,personal_and_family_health_history,,checkbox,"Including yourself, who in your family has had ulcerative colitis? Select all that apply.","DigestiveSystemConditions_UlcerativeColitis, Self | MotherDigestiveCondition_UlcerativeColitis, Mother | FatherDigestiveCondition_UlcerativeColitis, Father | SiblingDigestiveCondition_UlcerativeColitis, Sibling | DaughterDigestiveCondition_UlcerativeColitis, Daughter | SonDigestiveCondition_UlcerativeColitis, Son | GrandparentDigestiveCondition_UlcerativeColitis, Grandparent",,,,[diagnosedhealthcondition_digestivecondition(DigestiveCondition_UlcerativeColitis)] = '1',,,,,,
Personal and Family Health Hist,,digestive_ulcerativecolitiscurrently,personal_and_family_health_history,,radio,Are you still seeing a doctor or health care provider for ulcerative colitis?,"UlcerativeColitisCurrently_Yes, Yes | UlcerativeColitisCurrently_No, No",,,,[digestivecondition_ulcerativecolitis_yes(DigestiveSystemConditions_UlcerativeColitis)] = '1',,,,,,
Personal and Family Health Hist,,digestive_howoldwereyouulcerativecolitis,personal_and_family_health_history,,radio,About how old were you when you were first told you had ulcerative colitis?,"HowOldWereYouUlcerativeColitis_Child, Child (0-11) | HowOldWereYouUlcerativeColitis_Adolescent, Adolescent (12-17) | HowOldWereYouUlcerativeColitis_Adult, Adult (18-64) | HowOldWereYouUlcerativeColitis_OlderAdult, Older adult (65-74) | HowOldWereYouUlcerativeColitis_Elderly, Elderly (75+)",,,,[digestivecondition_ulcerativecolitis_yes(DigestiveSystemConditions_UlcerativeColitis)] = '1',,,,,,
Personal and Family Health Hist,,digestive_rxmedsforulcerativecolitis,personal_and_family_health_history,,radio,Are you currently prescribed medications and/or receiving treatment for ulcerative colitis?,"RxMedsforUlcerativeColitis_Yes, Yes | RxMedsforUlcerativeColitis_No, No",,,,[digestivecondition_ulcerativecolitis_yes(DigestiveSystemConditions_UlcerativeColitis)] = '1',,,,,,
Personal and Family Health Hist,,digestivecondition_otherdigestivecondition_yes,personal_and_family_health_history,,checkbox,"Including yourself, who in your family has had other digestive condition? Select all that apply.","DigestiveSystemConditions_OtherDigestiveCondition, Self | MotherDigestiveCondition_OtherDigestiveCondition, Mother | FatherDigestiveCondition_OtherDigestiveCondition, Father | SiblingDigestiveCondition_OtherDigestiveCondition, Sibling | DaughterDigestiveCondition_OtherDigestiveCondition, Daughter | SonDigestiveCondition_OtherDigestiveCondition, Son | grandparentdigestivecondition_otherdigestivecondit, Grandparent",,,,[diagnosedhealthcondition_digestivecondition(DigestiveCondition_OtherDigestiveCondition)] = '1',,,,,,
Personal and Family Health Hist,,otherdigestivecondition_freetextbox,personal_and_family_health_history,,text,Please specify the other digestive condition(s) you have had.,,,,,[digestivecondition_otherdigestivecondition_yes(DigestiveSystemConditions_OtherDigestiveCondition)] = '1',,,,,REGISTERED_QUESTION_SUPPRESSED,CONTROLLED_QUESTION_SUPPRESSED
Personal and Family Health Hist,,otherdigestivecondition_motherfreetextbox,personal_and_family_health_history,,text,Please specify the other digestive condition(s) your mother has had.,,,,,[digestivecondition_otherdigestivecondition_yes(MotherDigestiveCondition_OtherDigestiveCondition)] = '1',,,,,REGISTERED_QUESTION_SUPPRESSED,CONTROLLED_QUESTION_SUPPRESSED
Personal and Family Health Hist,,otherdigestivecondition_fatherfreetextbox,personal_and_family_health_history,,text,Please specify the other digestive condition(s) your father has had.,,,,,[digestivecondition_otherdigestivecondition_yes(FatherDigestiveCondition_OtherDigestiveCondition)] = '1',,,,,REGISTERED_QUESTION_SUPPRESSED,CONTROLLED_QUESTION_SUPPRESSED
Personal and Family Health Hist,,otherdigestivecondition_siblingfreetextbox,personal_and_family_health_history,,text,Please specify the other digestive condition(s) your sibling(s) has had.,,,,,[digestivecondition_otherdigestivecondition_yes(SiblingDigestiveCondition_OtherDigestiveCondition)] = '1',,,,,REGISTERED_QUESTION_SUPPRESSED,CONTROLLED_QUESTION_SUPPRESSED
Personal and Family Health Hist,,otherdigestivecondition_daughterfreetextbox,personal_and_family_health_history,,text,Please specify the other digestive condition(s) your daughter(s) has had.,,,,,[digestivecondition_otherdigestivecondition_yes(DaughterDigestiveCondition_OtherDigestiveCondition)] = '1',,,,,REGISTERED_QUESTION_SUPPRESSED,CONTROLLED_QUESTION_SUPPRESSED
Personal and Family Health Hist,,otherdigestivecondition_sonfreetextbox,personal_and_family_health_history,,text,Please specify the other digestive condition(s) your son(s) has had.,,,,,[digestivecondition_otherdigestivecondition_yes(SonDigestiveCondition_OtherDigestiveCondition)] = '1',,,,,REGISTERED_QUESTION_SUPPRESSED,CONTROLLED_QUESTION_SUPPRESSED
Personal and Family Health Hist,,otherdigestivecondition_grandparentfreetextbox,personal_and_family_health_history,,text,Please specify the other digestive condition(s) your grandparent(s) has had.,,,,,[digestivecondition_otherdigestivecondition_yes(grandparentdigestivecondition_otherdigestivecondit)] = '1',,,,,REGISTERED_QUESTION_SUPPRESSED,CONTROLLED_QUESTION_SUPPRESSED
Personal and Family Health Hist,,digestive_otherdigestiveconditioncurrently,personal_and_family_health_history,,radio,Are you still seeing a doctor or health care provider for other digestive condition(s)?,"OtherDigestiveConditionsCurrently_Yes, Yes | OtherDigestiveConditionsCurrently_No, No",,,,[digestivecondition_otherdigestivecondition_yes(DigestiveSystemConditions_OtherDigestiveCondition)] = '1',,,,,,
Personal and Family Health Hist,,digestive_howoldwereyouotherdigestivecondition,personal_and_family_health_history,,radio,About how old were you when you were first told you had other digestive condition(s)?,"HowOldWereYouOtherDigestiveCondition_Child, Child (0-11) | HowOldWereYouOtherDigestiveCondition_Adolescent, Adolescent (12-17) | HowOldWereYouOtherDigestiveCondition_Adult, Adult (18-64) | HowOldWereYouOtherDigestiveCondition_OlderAdult, Older adult (65-74) | HowOldWereYouOtherDigestiveCondition_Elderly, Elderly (75+)",,,,[digestivecondition_otherdigestivecondition_yes(DigestiveSystemConditions_OtherDigestiveCondition)] = '1',,,,,,
Personal and Family Health Hist,,digestive_rxmedsforotherdigestivecondition,personal_and_family_health_history,,radio,Are you currently prescribed medications and/or receiving treatment for other digestive condition(s)?,"RxMedsforOtherDigestiveCondition_Yes, Yes | RxMedsforOtherDigestiveCondition_No, No",,,,[digestivecondition_otherdigestivecondition_yes(DigestiveSystemConditions_OtherDigestiveCondition)] = '1',,,,,,
Personal and Family Health Hist,,diagnosedhealthcondition_endocrinecondition,personal_and_family_health_history,Hormone and Endocrine Conditions,checkbox,Have you or anyone in your family ever been diagnosed with the following hormone and endocrine conditions? Think only of the people you are related to by blood. Select all that apply.,"EndocrineCondition_Hyperthyroidism, Hyperthyroidism | EndocrineCondition_Hypothyroidism, Hypothyroidism | EndocrineCondition_PreDiabetes, Prediabetes | EndocrineCondition_Type1Diabetes, Type 1 diabetes | EndocrineCondition_Type2Diabetes, Type 2 diabetes | EndocrineCondition_OtherDiabetes, Other/unknown diabetes | EndocrineCondition_OtherThyroid, Other/unknown thyroid condition | EndocrineCondition_OtherHormoneEndocrine, Other hormone/endocrine condition | PMI_None, None of the above | PMI_DontKnow, Don't know | PMI_PreferNotToAnswer, Prefer not to answer",,,,,,,,,,
Personal and Family Health Hist,,endocrinecondition_hyperthyroidism_yes,personal_and_family_health_history,,checkbox,"Including yourself, who in your family has had hyperthyroidism? Select all that apply.","EndocrineConditions_Hyperthyroidism, Self | MotherEndocrineCondition_Hyperthyroidism, Mother | FatherEndocrineCondition_Hyperthyroidism, Father | SiblingEndocrineCondition_Hyperthyroidism, Sibling | DaughterEndocrineCondition_Hyperthyroidism, Daughter | SonEndocrineCondition_Hyperthyroidism, Son | GrandparentEndocrineCondition_Hyperthyroidism, Grandparent",,,,[diagnosedhealthcondition_endocrinecondition(EndocrineCondition_Hyperthyroidism)] = '1',,,,,,
Personal and Family Health Hist,,endocrine_hyperthyroidismcurrently,personal_and_family_health_history,,radio,Are you still seeing a doctor or health care provider for hyperthyroidism?,"HyperthyroidismCurrently_Yes, Yes | HyperthyroidismCurrently_No, No",,,,[endocrinecondition_hyperthyroidism_yes(EndocrineConditions_Hyperthyroidism)] = '1',,,,,,
Personal and Family Health Hist,,endocrine_howoldwereyouhyperthyroidism,personal_and_family_health_history,,radio,About how old were you when you were first told you had hyperthyroidism?,"HowOldWereYouHyperthyroidism_Child, Child (0-11) | HowOldWereYouHyperthyroidism_Adolescent, Adolescent (12-17) | HowOldWereYouHyperthyroidism_Adult, Adult (18-64) | HowOldWereYouHyperthyroidism_OlderAdult, Older adult (65-74) | HowOldWereYouHyperthyroidism_Elderly, Elderly (75+)",,,,[endocrinecondition_hyperthyroidism_yes(EndocrineConditions_Hyperthyroidism)] = '1',,,,,,
Personal and Family Health Hist,,endocrine_rxmedsforhyperthyroidism,personal_and_family_health_history,,radio,Are you currently prescribed medications and/or receiving treatment for hyperthyroidism?,"RxMedsforHyperthyroidism_Yes, Yes | RxMedsforHyperthyroidism_No, No",,,,[endocrinecondition_hyperthyroidism_yes(EndocrineConditions_Hyperthyroidism)] = '1',,,,,,
Personal and Family Health Hist,,endocrinecondition_hypothyroidism_yes,personal_and_family_health_history,,checkbox,"Including yourself, who in your family has had hypothyroidism? Select all that apply.","EndocrineConditions_Hypothyroidism, Self | MotherEndocrineCondition_Hypothyroidism, Mother | FatherEndocrineCondition_Hypothyroidism, Father | SiblingEndocrineCondition_Hypothyroidism, Sibling | DaughterEndocrineCondition_Hypothyroidism, Daughter | SonEndocrineCondition_Hypothyroidism, Son | GrandparentEndocrineCondition_Hypothyroidism, Grandparent",,,,[diagnosedhealthcondition_endocrinecondition(EndocrineCondition_Hypothyroidism)] = '1',,,,,,
Personal and Family Health Hist,,endocrine_hypothyroidismcurrently,personal_and_family_health_history,,radio,Are you still seeing a doctor or health care provider for hypothyroidism?,"HypothyroidismCurrently_Yes, Yes | HypothyroidismCurrently_No, No",,,,[endocrinecondition_hypothyroidism_yes(EndocrineConditions_Hypothyroidism)] = '1',,,,,,
Personal and Family Health Hist,,endocrine_howoldwereyouhypothyroidism,personal_and_family_health_history,,radio,About how old were you when you were first told you had hypothyroidism?,"HowOldWereYouHypothyroidism_Child, Child (0-11) | HowOldWereYouHypothyroidism_Adolescent, Adolescent (12-17) | HowOldWereYouHypothyroidism_Adult, Adult (18-64) | HowOldWereYouHypothyroidism_OlderAdult, Older adult (65-74) | HowOldWereYouHypothyroidism_Elderly, Elderly (75+)",,,,[endocrinecondition_hypothyroidism_yes(EndocrineConditions_Hypothyroidism)] = '1',,,,,,
Personal and Family Health Hist,,endocrine_rxmedsforhypothyroidism,personal_and_family_health_history,,radio,Are you currently prescribed medications and/or receiving treatment for hypothyroidism?,"RxMedsforHypothyroidism_Yes, Yes | RxMedsforHypothyroidism_No, No",,,,[endocrinecondition_hypothyroidism_yes(EndocrineConditions_Hypothyroidism)] = '1',,,,,,
Personal and Family Health Hist,,endocrinecondition_prediabetes_yes,personal_and_family_health_history,,checkbox,"Including yourself, who in your family has had prediabetes? Select all that apply.","EndocrineConditions_PreDiabetes, Self | MotherEndocrineCondition_Prediabetes, Mother | FatherEndocrineCondition_Prediabetes, Father | SiblingEndocrineCondition_Prediabetes, Sibling | DaughterEndocrineCondition_Prediabetes, Daughter | SonEndocrineCondition_Prediabetes, Son | GrandparentEndocrineCondition_Prediabetes, Grandparent",,,,[diagnosedhealthcondition_endocrinecondition(EndocrineCondition_PreDiabetes)] = '1',,,,,,
Personal and Family Health Hist,,endocrine_prediabetescurrently,personal_and_family_health_history,,radio,Are you still seeing a doctor or health care provider for prediabetes?,"PrediabetesCurrently_Yes, Yes | PrediabetesCurrently_No, No",,,,[endocrinecondition_prediabetes_yes(EndocrineConditions_PreDiabetes)] = '1',,,,,,
Personal and Family Health Hist,,endocrine_howoldwereyouprediabetes,personal_and_family_health_history,,radio,About how old were you when you were first told you had prediabetes?,"HowOldWereYouPrediabetes_Child, Child (0-11) | HowOldWereYouPrediabetes_Adolescent, Adolescent (12-17) | HowOldWereYouPrediabetes_Adult, Adult (18-64) | HowOldWereYouPrediabetes_OlderAdult, Older adult (65-74) | HowOldWereYouPrediabetes_Elderly, Elderly (75+)",,,,[endocrinecondition_prediabetes_yes(EndocrineConditions_PreDiabetes)] = '1',,,,,,
Personal and Family Health Hist,,endocrine_rxmedsforprediabetes,personal_and_family_health_history,,radio,Are you currently prescribed medications and/or receiving treatment for prediabetes?,"RxMedsforPrediabetes_Yes, Yes | RxMedsforPrediabetes_No, No",,,,[endocrinecondition_prediabetes_yes(EndocrineConditions_PreDiabetes)] = '1',,,,,,
Personal and Family Health Hist,,endocrinecondition_type1diabetes_yes,personal_and_family_health_history,,checkbox,"Including yourself, who in your family has had type 1 diabetes? Select all that apply.","EndocrineConditions_Type1Diabetes, Self | MotherEndocrineCondition_Type1Diabetes, Mother | FatherEndocrineCondition_Type1Diabetes, Father | SiblingEndocrineCondition_Type1Diabetes, Sibling | DaughterEndocrineCondition_Type1Diabetes, Daughter | SonEndocrineCondition_Type1Diabetes, Son | GrandparentEndocrineCondition_Type1Diabetes, Grandparent",,,,[diagnosedhealthcondition_endocrinecondition(EndocrineCondition_Type1Diabetes)] = '1',,,,,,
Personal and Family Health Hist,,endocrine_type1diabetescurrently,personal_and_family_health_history,,radio,Are you still seeing a doctor or health care provider for type 1 diabetes?,"Type1DiabetesCurrently_Yes, Yes | Type1DiabetesCurrently_No, No",,,,[endocrinecondition_type1diabetes_yes(EndocrineConditions_Type1Diabetes)] = '1',,,,,,
Personal and Family Health Hist,,endocrine_howoldwereyoutype1diabetes,personal_and_family_health_history,,radio,About how old were you when you were first told you had type 1 diabetes?,"HowOldWereYouType1Diabetes_Child, Child (0-11) | HowOldWereYouType1Diabetes_Adolescent, Adolescent (12-17) | HowOldWereYouType1Diabetes_Adult, Adult (18-64) | HowOldWereYouType1Diabetes_OlderAdult, Older adult (65-74) | HowOldWereYouType1Diabetes_Elderly, Elderly (75+)",,,,[endocrinecondition_type1diabetes_yes(EndocrineConditions_Type1Diabetes)] = '1',,,,,,
Personal and Family Health Hist,,endocrine_rxmedsfortype1diabetes,personal_and_family_health_history,,radio,Are you currently prescribed medications and/or receiving treatment for type 1 diabetes?,"RxMedsforType1Diabetes_Yes, Yes | RxMedsforType1Diabetes_No, No",,,,[endocrinecondition_type1diabetes_yes(EndocrineConditions_Type1Diabetes)] = '1',,,,,,
Personal and Family Health Hist,,endocrinecondition_type2diabetes_yes,personal_and_family_health_history,,checkbox,"Including yourself, who in your family has had type 2 diabetes? Select all that apply.","EndocrineConditions_Type2Diabetes, Self | MotherEndocrineCondition_Type2Diabetes, Mother | FatherEndocrineCondition_Type2Diabetes, Father | SiblingEndocrineCondition_Type2Diabetes, Sibling | DaughterEndocrineCondition_Type2Diabetes, Daughter | SonEndocrineCondition_Type2Diabetes, Son | GrandparentEndocrineCondition_Type2Diabetes, Grandparent",,,,[diagnosedhealthcondition_endocrinecondition(EndocrineCondition_Type2Diabetes)] = '1',,,,,,
Personal and Family Health Hist,,endocrine_type2diabetescurrently,personal_and_family_health_history,,radio,Are you still seeing a doctor or health care provider for type 2 diabetes?,"Type2DiabetesCurrently_Yes, Yes | Type2DiabetesCurrently_No, No",,,,[endocrinecondition_type2diabetes_yes(EndocrineConditions_Type2Diabetes)] = '1',,,,,,
Personal and Family Health Hist,,endocrine_howoldwereyoutype2diabetes,personal_and_family_health_history,,radio,About how old were you when you were first told you had type 2 diabetes?,"HowOldWereYouType2Diabetes_Child, Child (0-11) | HowOldWereYouType2Diabetes_Adolescent, Adolescent (12-17) | HowOldWereYouType2Diabetes_Adult, Adult (18-64) | HowOldWereYouType2Diabetes_OlderAdult, Older adult (65-74) | HowOldWereYouType2Diabetes_Elderly, Elderly (75+)",,,,[endocrinecondition_type2diabetes_yes(EndocrineConditions_Type2Diabetes)] = '1',,,,,,
Personal and Family Health Hist,,endocrine_rxmedsfortype2diabetes,personal_and_family_health_history,,radio,Are you currently prescribed medications and/or receiving treatment for type 2 diabetes?,"RxMedsforType2Diabetes_Yes, Yes | RxMedsforType2Diabetes_No, No",,,,[endocrinecondition_type2diabetes_yes(EndocrineConditions_Type2Diabetes)] = '1',,,,,,
Personal and Family Health Hist,,endocrinecondition_otherdiabetes_yes,personal_and_family_health_history,,checkbox,"Including yourself, who in your family has had other/unknown diabetes? Select all that apply.","EndocrineConditions_OtherDiabetes, Self | MotherEndocrineCondition_OtherDiabetes, Mother | FatherEndocrineCondition_OtherDiabetes, Father | SiblingEndocrineCondition_OtherDiabetes, Sibling | DaughterEndocrineCondition_OtherDiabetes, Daughter | SonEndocrineCondition_OtherDiabetes, Son | GrandparentEndocrineCondition_OtherDiabetes, Grandparent",,,,[diagnosedhealthcondition_endocrinecondition(EndocrineCondition_OtherDiabetes)] = '1',,,,,,
Personal and Family Health Hist,,otherdiabetes_freetextbox,personal_and_family_health_history,,text,Please specify the other/unknown diabetes you have had.,,,,,[endocrinecondition_otherdiabetes_yes(EndocrineConditions_OtherDiabetes)] = '1',,,,,REGISTERED_QUESTION_SUPPRESSED,CONTROLLED_QUESTION_SUPPRESSED
Personal and Family Health Hist,,otherdiabetes_motherfreetextbox,personal_and_family_health_history,,text,Please specify the other/unknown diabetes your mother has had.,,,,,[endocrinecondition_otherdiabetes_yes(MotherEndocrineCondition_OtherDiabetes)] = '1',,,,,REGISTERED_QUESTION_SUPPRESSED,CONTROLLED_QUESTION_SUPPRESSED
Personal and Family Health Hist,,otherdiabetes_fatherfreetextbox,personal_and_family_health_history,,text,Please specify the other/unknown diabetes your father has had.,,,,,[endocrinecondition_otherdiabetes_yes(FatherEndocrineCondition_OtherDiabetes)] = '1',,,,,REGISTERED_QUESTION_SUPPRESSED,CONTROLLED_QUESTION_SUPPRESSED
Personal and Family Health Hist,,otherdiabetes_siblingfreetextbox,personal_and_family_health_history,,text,Please specify the other/unknown diabetes your sibling(s) has had.,,,,,[endocrinecondition_otherdiabetes_yes(SiblingEndocrineCondition_OtherDiabetes)] = '1',,,,,REGISTERED_QUESTION_SUPPRESSED,CONTROLLED_QUESTION_SUPPRESSED
Personal and Family Health Hist,,otherdiabetes_daughterfreetextbox,personal_and_family_health_history,,text,Please specify the other/unknown diabetes your daughter(s) has had.,,,,,[endocrinecondition_otherdiabetes_yes(DaughterEndocrineCondition_OtherDiabetes)] = '1',,,,,REGISTERED_QUESTION_SUPPRESSED,CONTROLLED_QUESTION_SUPPRESSED
Personal and Family Health Hist,,otherdiabetes_sonfreetextbox,personal_and_family_health_history,,text,Please specify the other/unknown diabetes your son(s) has had.,,,,,[endocrinecondition_otherdiabetes_yes(SonEndocrineCondition_OtherDiabetes)] = '1',,,,,REGISTERED_QUESTION_SUPPRESSED,CONTROLLED_QUESTION_SUPPRESSED
Personal and Family Health Hist,,otherdiabetes_grandparentfreetextbox,personal_and_family_health_history,,text,Please specify the other/unknown the diabetes your grandparent(s) has had.,,,,,[endocrinecondition_otherdiabetes_yes(GrandparentEndocrineCondition_OtherDiabetes)] = '1',,,,,REGISTERED_QUESTION_SUPPRESSED,CONTROLLED_QUESTION_SUPPRESSED
Personal and Family Health Hist,,endocrine_otherdiabetescurrently,personal_and_family_health_history,,radio,Are you still seeing a doctor or health care provider for other/unknown diabetes?,"OtherDiabetesCurrently_Yes, Yes | OtherDiabetesCurrently_No, No",,,,[endocrinecondition_otherdiabetes_yes(EndocrineConditions_OtherDiabetes)] = '1',,,,,,
Personal and Family Health Hist,,endocrine_howoldwereyouotherdiabetes,personal_and_family_health_history,,radio,About how old were you when you were first told you had other/unknown diabetes?,"HowOldWereYouOtherDiabetes_Child, Child (0-11) | HowOldWereYouOtherDiabetes_Adolescent, Adolescent (12-17) | HowOldWereYouOtherDiabetes_Adult, Adult (18-64) | HowOldWereYouOtherDiabetes_OlderAdult, Older adult (65-74) | HowOldWereYouOtherDiabetes_Elderly, Elderly (75+)",,,,[endocrinecondition_otherdiabetes_yes(EndocrineConditions_OtherDiabetes)] = '1',,,,,,
Personal and Family Health Hist,,endocrine_rxmedsforotherdiabetes,personal_and_family_health_history,,radio,Are you currently prescribed medications and/or receiving treatment for other/unknown diabetes?,"RxMedsforOtherDiabetes_Yes, Yes | RxMedsforOtherDiabetes_No, No",,,,[endocrinecondition_otherdiabetes_yes(EndocrineConditions_OtherDiabetes)] = '1',,,,,,
Personal and Family Health Hist,,endocrinecondition_otherthyroid_yes,personal_and_family_health_history,,checkbox,"Including yourself, who in your family has had other/unknown thyroid condition? Select all that apply.","EndocrineConditions_OtherThyroid, Self | MotherEndocrineCondition_OtherThyroid, Mother | FatherEndocrineCondition_OtherThyroid, Father | SiblingEndocrineCondition_OtherThyroid, Sibling | DaughterEndocrineCondition_OtherThyroid, Daughter | SonEndocrineCondition_OtherThyroid, Son | GrandparentEndocrineCondition_OtherThyroid, Grandparent",,,,[diagnosedhealthcondition_endocrinecondition(EndocrineCondition_OtherThyroid)] = '1',,,,,,
Personal and Family Health Hist,,otherthyroid_freetextbox,personal_and_family_health_history,,text,Please specify the other/unknown thyroid condition(s) you have had.,,,,,[endocrinecondition_otherthyroid_yes(EndocrineConditions_OtherThyroid)] = '1',,,,,REGISTERED_QUESTION_SUPPRESSED,CONTROLLED_QUESTION_SUPPRESSED
Personal and Family Health Hist,,otherthyroid_motherfreetextbox,personal_and_family_health_history,,text,Please specify the other/unknown thyroid condition(s) your mother has had.,,,,,[endocrinecondition_otherthyroid_yes(MotherEndocrineCondition_OtherThyroid)] = '1',,,,,REGISTERED_QUESTION_SUPPRESSED,CONTROLLED_QUESTION_SUPPRESSED
Personal and Family Health Hist,,otherthyroid_fatherfreetextbox,personal_and_family_health_history,,text,Please specify the other/unknown thyroid condition(s) your father has had.,,,,,[endocrinecondition_otherthyroid_yes(FatherEndocrineCondition_OtherThyroid)] = '1',,,,,REGISTERED_QUESTION_SUPPRESSED,CONTROLLED_QUESTION_SUPPRESSED
Personal and Family Health Hist,,otherthyroid_siblingfreetextbox,personal_and_family_health_history,,text,Please specify the other/unknown thyroid condition(s) your sibling(s) has had.,,,,,[endocrinecondition_otherthyroid_yes(SiblingEndocrineCondition_OtherThyroid)] = '1',,,,,REGISTERED_QUESTION_SUPPRESSED,CONTROLLED_QUESTION_SUPPRESSED
Personal and Family Health Hist,,otherthyroid_daughterfreetextbox,personal_and_family_health_history,,text,Please specify the other/unknown thyroid condition(s) your daughter(s) has had.,,,,,[endocrinecondition_otherthyroid_yes(DaughterEndocrineCondition_OtherThyroid)] = '1',,,,,REGISTERED_QUESTION_SUPPRESSED,CONTROLLED_QUESTION_SUPPRESSED
Personal and Family Health Hist,,otherthyroid_sonfreetextbox,personal_and_family_health_history,,text,Please specify the other/unknown thyroid condition(s) your son(s) has had.,,,,,[endocrinecondition_otherthyroid_yes(SonEndocrineCondition_OtherThyroid)] = '1',,,,,REGISTERED_QUESTION_SUPPRESSED,CONTROLLED_QUESTION_SUPPRESSED
Personal and Family Health Hist,,otherthyroid_grandparentfreetextbox,personal_and_family_health_history,,text,Please specify the other/unknown thyroid condition(s) your grandparent(s) has had.,,,,,[endocrinecondition_otherthyroid_yes(GrandparentEndocrineCondition_OtherThyroid)] = '1',,,,,REGISTERED_QUESTION_SUPPRESSED,CONTROLLED_QUESTION_SUPPRESSED
Personal and Family Health Hist,,endocrine_otherthyroidcurrently,personal_and_family_health_history,,radio,Are you still seeing a doctor or health care provider for other/unknown thyroid condition(s)?,"OtherThyroidCurrently_Yes, Yes | OtherThyroidCurrently_No, No",,,,[endocrinecondition_otherthyroid_yes(EndocrineConditions_OtherThyroid)] = '1',,,,,,
Personal and Family Health Hist,,endocrine_howoldwereyouotherthyroid,personal_and_family_health_history,,radio,About how old were you when you were first told you had other/unknown thyroid condition(s)?,"HowOldWereYouOtherThyroid_Child, Child (0-11) | HowOldWereYouOtherThyroid_Adolescent, Adolescent (12-17) | HowOldWereYouOtherThyroid_Adult, Adult (18-64) | HowOldWereYouOtherThyroid_OlderAdult, Older adult (65-74) | HowOldWereYouOtherThyroid_Elderly, Elderly (75+)",,,,[endocrinecondition_otherthyroid_yes(EndocrineConditions_OtherThyroid)] = '1',,,,,,
Personal and Family Health Hist,,endocrine_rxmedsforotherthyroid,personal_and_family_health_history,,radio,Are you currently prescribed medications and/or receiving treatment for other/unknown thyroid condition(s)?,"RxMedsforOtherThyroid_Yes, Yes | RxMedsforOtherThyroid_No, No",,,,[endocrinecondition_otherthyroid_yes(EndocrineConditions_OtherThyroid)] = '1',,,,,,
Personal and Family Health Hist,,endocrinecondition_otherhormoneendocrine_yes,personal_and_family_health_history,,checkbox,"Including yourself, who in your family has had other hormone/endocrine condition? Select all that apply.","EndocrineConditions_OtherHormoneEndocrine, Self | MotherEndocrineCondition_OtherHormoneEndocrine, Mother | FatherEndocrineCondition_OtherHormoneEndocrine, Father | SiblingEndocrineCondition_OtherHormoneEndocrine, Sibling | DaughterEndocrineCondition_OtherHormoneEndocrine, Daughter | SonEndocrineCondition_OtherHormoneEndocrine, Son | grandparentendocrinecondition_otherhormoneendocrin, Grandparent",,,,[diagnosedhealthcondition_endocrinecondition(EndocrineCondition_OtherHormoneEndocrine)] = '1',,,,,,
Personal and Family Health Hist,,otherhormoneendocrine_freetextbox,personal_and_family_health_history,,text,Please specify the other hormone/endocrine condition(s) you have had.,,,,,[endocrinecondition_otherhormoneendocrine_yes(EndocrineConditions_OtherHormoneEndocrine)] = '1',,,,,REGISTERED_QUESTION_SUPPRESSED,CONTROLLED_QUESTION_SUPPRESSED
Personal and Family Health Hist,,otherhormoneendocrine_motherfreetextbox,personal_and_family_health_history,,text,Please specify the other hormone/endocrine condition(s) your mother has had.,,,,,[endocrinecondition_otherhormoneendocrine_yes(MotherEndocrineCondition_OtherHormoneEndocrine)] = '1',,,,,REGISTERED_QUESTION_SUPPRESSED,CONTROLLED_QUESTION_SUPPRESSED
Personal and Family Health Hist,,otherhormoneendocrine_fatherfreetextbox,personal_and_family_health_history,,text,Please specify the other hormone/endocrine condition(s) your father has had.,,,,,[endocrinecondition_otherhormoneendocrine_yes(FatherEndocrineCondition_OtherHormoneEndocrine)] = '1',,,,,REGISTERED_QUESTION_SUPPRESSED,CONTROLLED_QUESTION_SUPPRESSED
Personal and Family Health Hist,,otherhormoneendocrine_siblingfreetextbox,personal_and_family_health_history,,text,Please specify the other hormone/endocrine condition(s) your sibling(s) has had.,,,,,[endocrinecondition_otherhormoneendocrine_yes(SiblingEndocrineCondition_OtherHormoneEndocrine)] = '1',,,,,REGISTERED_QUESTION_SUPPRESSED,CONTROLLED_QUESTION_SUPPRESSED
Personal and Family Health Hist,,otherhormoneendocrine_daughterfreetextbox,personal_and_family_health_history,,text,Please specify the other hormone/endocrine condition(s) your daughter(s) has had.,,,,,[endocrinecondition_otherhormoneendocrine_yes(DaughterEndocrineCondition_OtherHormoneEndocrine)] = '1',,,,,REGISTERED_QUESTION_SUPPRESSED,CONTROLLED_QUESTION_SUPPRESSED
Personal and Family Health Hist,,otherhormoneendocrine_sonfreetextbox,personal_and_family_health_history,,text,Please specify the other hormone/endocrine condition(s) your son(s) has had.,,,,,[endocrinecondition_otherhormoneendocrine_yes(SonEndocrineCondition_OtherHormoneEndocrine)] = '1',,,,,REGISTERED_QUESTION_SUPPRESSED,CONTROLLED_QUESTION_SUPPRESSED
Personal and Family Health Hist,,otherhormoneendocrine_grandparentfreetextbox,personal_and_family_health_history,,text,Please specify the other hormone/endocrine condition(s) your grandparent(s) has had.,,,,,[endocrinecondition_otherhormoneendocrine_yes(grandparentendocrinecondition_otherhormoneendocrin)] = '1',,,,,REGISTERED_QUESTION_SUPPRESSED,CONTROLLED_QUESTION_SUPPRESSED
Personal and Family Health Hist,,endocrine_otherhormone_endocrineconditioncurrently,personal_and_family_health_history,,radio,Are you still seeing a doctor or health care provider for other hormone/endocrine condition(s)?,"OtherHormoneEndocrineConditionCurrently_Yes, Yes | OtherHormoneEndocrineConditionCurrently_No, No",,,,[endocrinecondition_otherhormoneendocrine_yes(EndocrineConditions_OtherHormoneEndocrine)] = '1',,,,,,
Personal and Family Health Hist,,endocrine_howoldwereyouotherhormoneedocrinecondition,personal_and_family_health_history,,radio,About how old were you when you were first told you had other hormone/endocrine condition(s)?,"HowOldWereYouOtherHormoneEndocrineCondition_Child, Child (0-11) | HowOldWereYouOtherHormoneEndocrineCondition_Adolescent, Adolescent (12-17) | HowOldWereYouOtherHormoneEndocrineCondition_Adult, Adult (18-64) | HowOldWereYouOtherHormoneEndocrineCondition_OlderAdult, Older adult (65-74) | HowOldWereYouOtherHormoneEndocrineCondition_Elderly, Elderly (75+)",,,,[endocrinecondition_otherhormoneendocrine_yes(EndocrineConditions_OtherHormoneEndocrine)] = '1',,,,,,
Personal and Family Health Hist,,rxmedsforotherhormone_endocrinecondition_no,personal_and_family_health_history,,radio,Are you currently prescribed medications and/or receiving treatment for other hormone/endocrine condition(s)?,"RxMedsforOtherHormoneEndocrineCondition_Yes, Yes | RxMedsforOtherHormoneEndocrineCondition_No, No",,,,[endocrinecondition_otherhormoneendocrine_yes(EndocrineConditions_OtherHormoneEndocrine)] = '1',,,,,,
Personal and Family Health Hist,,diagnosedhealthcondition_kidneycondition,personal_and_family_health_history,Kidney Conditions,checkbox,Have you or anyone in your family ever been diagnosed with the following kidney conditions? Think only of the people you are related to by blood. Select all that apply.,"KidneyCondition_AcuteKidneyNoDialysis, Acute kidney disease with no current dialysis | KidneyCondition_KidneyWithDialysis, Kidney disease with dialysis | KidneyCondition_KidneyWithoutDialysis, Kidney disease without dialysis | KidneyCondition_KidneyStones, Kidney stones | KidneyCondition_OtherKidneyCondition, Other kidney condition | PMI_None, None of the above | PMI_DontKnow, Don't know | PMI_PreferNotToAnswer, Prefer not to answer",,,,,,,,,,
Personal and Family Health Hist,,kidneycondition_acutekidneynodialysis_yes,personal_and_family_health_history,,checkbox,"Including yourself, who in your family has had acute kidney disease with no current dialysis? Select all that apply.","KidneyConditions_AcuteKidneyNoDialysis, Self | MotherKidneyCondition_AcuteKidneyNoDialysis, Mother | FatherKidneyCondition_AcuteKidneyNoDialysis, Father | SiblingKidneyCondition_AcuteKidneyNoDialysis, Sibling | DaughterKidneyCondition_AcuteKidneyNoDialysis, Daughter | SonKidneyCondition_AcuteKidneyNoDialysis, Son | GrandparentKidneyCondition_AcuteKidneyNoDialysis, Grandparent",,,,[diagnosedhealthcondition_kidneycondition(KidneyCondition_AcuteKidneyNoDialysis)] = '1',,,,,,
Personal and Family Health Hist,,kidney_acutekidneynodialysiscurrently,personal_and_family_health_history,,radio,Are you still seeing a doctor or health care provider for acute kidney disease with no current dialysis?,"AcuteKidneyNoDialysisCurrently_Yes, Yes | AcuteKidneyNoDialysisCurrently_No, No",,,,[kidneycondition_acutekidneynodialysis_yes(KidneyConditions_AcuteKidneyNoDialysis)] = '1',,,,,,
Personal and Family Health Hist,,kidney_howoldwereyouacutekidneynodialysis,personal_and_family_health_history,,radio,About how old were you when you were first told you had acute kidney disease with no current dialysis?,"HowOldWereYouAcuteKidneyNoDialysis_Child, Child (0-11) | HowOldWereYouAcuteKidneyNoDialysis_Adolescent, Adolescent (12-17) | HowOldWereYouAcuteKidneyNoDialysis_Adult, Adult (18-64) | HowOldWereYouAcuteKidneyNoDialysis_OlderAdult, Older adult (65-74) | HowOldWereYouAcuteKidneyNoDialysis_Elderly, Elderly (75+)",,,,[kidneycondition_acutekidneynodialysis_yes(KidneyConditions_AcuteKidneyNoDialysis)] = '1',,,,,,
Personal and Family Health Hist,,kidney_rxmedsforacutekidneynodialysis,personal_and_family_health_history,,radio,Are you currently prescribed medications and/or receiving treatment for acute kidney disease with no current dialysis?,"RxMedsforAcuteKidneyNoDialysis_Yes, Yes | RxMedsforAcuteKidneyNoDialysis_No, No",,,,[kidneycondition_acutekidneynodialysis_yes(KidneyConditions_AcuteKidneyNoDialysis)] = '1',,,,,,
Personal and Family Health Hist,,kidneycondition_kidneywithdialysis_yes,personal_and_family_health_history,,checkbox,"Including yourself, who in your family has had kidney disease with dialysis? Select all that apply.","KidneyConditions_KidneyWithDialysis, Self | MotherKidneyCondition_KidneyWithDialysis, Mother | FatherKidneyCondition_KidneyWithDialysis, Father | SiblingKidneyCondition_KidneyWithDialysis, Sibling | DaughterKidneyCondition_KidneyWithDialysis, Daughter | SonKidneyCondition_KidneyWithDialysis, Son | GrandparentKidneyCondition_KidneyWithDialysis, Grandparent",,,,[diagnosedhealthcondition_kidneycondition(KidneyCondition_KidneyWithDialysis)] = '1',,,,,,
Personal and Family Health Hist,,kidney_kidneywithdialysiscurrently,personal_and_family_health_history,,radio,Are you still seeing a doctor or health care provider for kidney disease with dialysis?,"KidneyWithDialysisCurrently_Yes, Yes | KidneyWithDialysisCurrently_No, No",,,,[kidneycondition_kidneywithdialysis_yes(KidneyConditions_KidneyWithDialysis)] = '1',,,,,,
Personal and Family Health Hist,,kidney_howoldwereyoukidneywithdialysis,personal_and_family_health_history,,radio,About how old were you when you were first told you had kidney disease with dialysis?,"HowOldWereYouKidneyWithDialysis_Child, Child (0-11) | HowOldWereYouKidneyWithDialysis_Adolescent, Adolescent (12-17) | HowOldWereYouKidneyWithDialysis_Adult, Adult (18-64) | HowOldWereYouKidneyWithDialysis_OlderAdult, Older adult (65-74) | HowOldWereYouKidneyWithDialysis_Elderly, Elderly (75+)",,,,[kidneycondition_kidneywithdialysis_yes(KidneyConditions_KidneyWithDialysis)] = '1',,,,,,
Personal and Family Health Hist,,kidney_rxmedsforkidneywithdialysis,personal_and_family_health_history,,radio,Are you currently prescribed medications and/or receiving treatment for kidney disease with dialysis?,"RxMedsforKidneyWithDialysis_Yes, Yes | RxMedsforKidneyWithDialysis_No, No",,,,[kidneycondition_kidneywithdialysis_yes(KidneyConditions_KidneyWithDialysis)] = '1',,,,,,
Personal and Family Health Hist,,kidneycondition_kidneywithoutdialysis_yes,personal_and_family_health_history,,checkbox,"Including yourself, who in your family has had kidney disease without dialysis? Select all that apply.","KidneyConditions_KidneyWithoutDialysis, Self | MotherKidneyCondition_KidneyWithoutDialysis, Mother | FatherKidneyCondition_KidneyWithoutDialysis, Father | SiblingKidneyCondition_KidneyWithoutDialysis, Sibling | DaughterKidneyCondition_KidneyWithoutDialysis, Daughter | SonKidneyCondition_KidneyWithoutDialysis, Son | GrandparentKidneyCondition_KidneyWithoutDialysis, Grandparent",,,,[diagnosedhealthcondition_kidneycondition(KidneyCondition_KidneyWithoutDialysis)] = '1',,,,,,
Personal and Family Health Hist,,kidney_kidneywithoutdialysiscurrently,personal_and_family_health_history,,radio,Are you still seeing a doctor or health care provider for kidney disease without dialysis?,"KidneyWithoutDialysisCurrently_Yes, Yes | KidneyWithoutDialysisCurrently_No, No",,,,[kidneycondition_kidneywithoutdialysis_yes(KidneyConditions_KidneyWithoutDialysis)] = '1',,,,,,
Personal and Family Health Hist,,kidney_howoldwereyoukidneywithoutdialysis,personal_and_family_health_history,,radio,About how old were you when you were first told you had kidney disease without dialysis?,"HowOldWereYouKidneyWithoutDialysis_Child, Child (0-11) | HowOldWereYouKidneyWithoutDialysis_Adolescent, Adolescent (12-17) | HowOldWereYouKidneyWithoutDialysis_Adult, Adult (18-64) | HowOldWereYouKidneyWithoutDialysis_OlderAdult, Older adult (65-74) | HowOldWereYouKidneyWithoutDialysis_Elderly, Elderly (75+)",,,,[kidneycondition_kidneywithoutdialysis_yes(KidneyConditions_KidneyWithoutDialysis)] = '1',,,,,,
Personal and Family Health Hist,,kidney_rxmedsforkidneywithoutdialysis,personal_and_family_health_history,,radio,Are you currently prescribed medications and/or receiving treatment for kidney disease without dialysis?,"RxMedsforKidneyWithoutDialysis_Yes, Yes | RxMedsforKidneyWithoutDialysis_No, No",,,,[kidneycondition_kidneywithoutdialysis_yes(KidneyConditions_KidneyWithoutDialysis)] = '1',,,,,,
Personal and Family Health Hist,,kidneycondition_kidneystones_yes,personal_and_family_health_history,,checkbox,"Including yourself, who in your family has had kidney stones? Select all that apply.","KidneyConditions_KidneyStones, Self | MotherKidneyCondition_KidneyStones, Mother | FatherKidneyCondition_KidneyStones, Father | SiblingKidneyCondition_KidneyStones, Sibling | DaughterKidneyCondition_KidneyStones, Daughter | SonKidneyCondition_KidneyStones, Son | GrandparentKidneyCondition_KidneyStones, Grandparent",,,,[diagnosedhealthcondition_kidneycondition(KidneyCondition_KidneyStones)] = '1',,,,,,
Personal and Family Health Hist,,kidney_kidneystonescurrently,personal_and_family_health_history,,radio,Are you still seeing a doctor or health care provider for kidney stones?,"KidneyStonesCurrently_Yes, Yes | KidneyStonesCurrently_No, No",,,,[kidneycondition_kidneystones_yes(KidneyConditions_KidneyStones)] = '1',,,,,,
Personal and Family Health Hist,,kidney_howoldwereyoukidneystones,personal_and_family_health_history,,radio,About how old were you when you were first told you had kidney stones?,"HowOldWereYouKidneyStones_Child, Child (0-11) | HowOldWereYouKidneyStones_Adolescent, Adolescent (12-17) | HowOldWereYouKidneyStones_Adult, Adult (18-64) | HowOldWereYouKidneyStones_OlderAdult, Older adult (65-74) | HowOldWereYouKidneyStones_Elderly, Elderly (75+)",,,,[kidneycondition_kidneystones_yes(KidneyConditions_KidneyStones)] = '1',,,,,,
Personal and Family Health Hist,,kidney_rxmedsforkidneystones,personal_and_family_health_history,,radio,Are you currently prescribed medications and/or receiving treatment for kidney stones?,"RxMedsforKidneyStones_Yes, Yes | RxMedsforKidneyStones_No, No",,,,[kidneycondition_kidneystones_yes(KidneyConditions_KidneyStones)] = '1',,,,,,
Personal and Family Health Hist,,kidneycondition_otherkidneycondition_yes,personal_and_family_health_history,,checkbox,"Including yourself, who in your family has had other kidney condition(s)? Select all that apply.","KidneyConditions_OtherKidneyCondition, Self | MotherKidneyCondition_OtherKidneyCondition, Mother | FatherKidneyCondition_OtherKidneyCondition, Father | SiblingKidneyCondition_OtherKidneyCondition, Sibling | DaughterKidneyCondition_OtherKidneyCondition, Daughter | SonKidneyCondition_OtherKidneyCondition, Son | GrandparentKidneyCondition_OtherKidneyCondition, Grandparent",,,,[diagnosedhealthcondition_kidneycondition(KidneyCondition_OtherKidneyCondition)] = '1',,,,,,
Personal and Family Health Hist,,otherkidneycondition_freetextbox,personal_and_family_health_history,,text,Please specify the other kidney condition(s) you have had.,,,,,[kidneycondition_otherkidneycondition_yes(KidneyConditions_OtherKidneyCondition)] = '1',,,,,REGISTERED_QUESTION_SUPPRESSED,CONTROLLED_QUESTION_SUPPRESSED
Personal and Family Health Hist,,otherkidneycondition_motherfreetextbox,personal_and_family_health_history,,text,Please specify the other kidney condition(s) your mother has had.,,,,,[kidneycondition_otherkidneycondition_yes(MotherKidneyCondition_OtherKidneyCondition)] = '1',,,,,REGISTERED_QUESTION_SUPPRESSED,CONTROLLED_QUESTION_SUPPRESSED
Personal and Family Health Hist,,otherkidneycondition_fatherfreetextbox,personal_and_family_health_history,,text,Please specify the other kidney condition(s) your father has had.,,,,,[kidneycondition_otherkidneycondition_yes(FatherKidneyCondition_OtherKidneyCondition)] = '1',,,,,REGISTERED_QUESTION_SUPPRESSED,CONTROLLED_QUESTION_SUPPRESSED
Personal and Family Health Hist,,otherkidneycondition_siblingfreetextbox,personal_and_family_health_history,,text,Please specify the other kidney condition(s) your sibling(s) has had.,,,,,[kidneycondition_otherkidneycondition_yes(SiblingKidneyCondition_OtherKidneyCondition)] = '1',,,,,REGISTERED_QUESTION_SUPPRESSED,CONTROLLED_QUESTION_SUPPRESSED
Personal and Family Health Hist,,otherkidneycondition_daughterfreetextbox,personal_and_family_health_history,,text,Please specify the other kidney condition(s) your daughter(s) has had.,,,,,[kidneycondition_otherkidneycondition_yes(DaughterKidneyCondition_OtherKidneyCondition)] = '1',,,,,REGISTERED_QUESTION_SUPPRESSED,CONTROLLED_QUESTION_SUPPRESSED
Personal and Family Health Hist,,otherkidneycondition_sonfreetextbox,personal_and_family_health_history,,text,Please specify the other kidney condition(s) your son(s) has had.,,,,,[kidneycondition_otherkidneycondition_yes(SonKidneyCondition_OtherKidneyCondition)] = '1',,,,,REGISTERED_QUESTION_SUPPRESSED,CONTROLLED_QUESTION_SUPPRESSED
Personal and Family Health Hist,,otherkidneycondition_grandparentfreetextbox,personal_and_family_health_history,,text,Please specify the other kidney condition(s) your grandparent(s) has had.,,,,,[kidneycondition_otherkidneycondition_yes(GrandparentKidneyCondition_OtherKidneyCondition)] = '1',,,,,REGISTERED_QUESTION_SUPPRESSED,CONTROLLED_QUESTION_SUPPRESSED
Personal and Family Health Hist,,kidney_otherkidneyconditioncurrently,personal_and_family_health_history,,radio,Are you still seeing a doctor or health care provider for other kidney condition(s)?,"OtherKidneyConditionCurrently_Yes, Yes | OtherKidneyConditionCurrently_No, No",,,,[kidneycondition_otherkidneycondition_yes(KidneyConditions_OtherKidneyCondition)] = '1',,,,,,
Personal and Family Health Hist,,kidney_howoldwereyouotherkidneycondition,personal_and_family_health_history,,radio,About how old were you when you were first told you had other kidney condition(s)?,"HowOldWereYouOtherKidneyCondition_Child, Child (0-11) | HowOldWereYouOtherKidneyCondition_Adolescent, Adolescent (12-17) | HowOldWereYouOtherKidneyCondition_Adult, Adult (18-64) | HowOldWereYouOtherKidneyCondition_OlderAdult, Older adult (65-74) | HowOldWereYouOtherKidneyCondition_Elderly, Elderly (75+)",,,,[kidneycondition_otherkidneycondition_yes(KidneyConditions_OtherKidneyCondition)] = '1',,,,,,
Personal and Family Health Hist,,kidney_rxmedsforotherkidneycondition,personal_and_family_health_history,,radio,Are you currently prescribed medications and/or receiving treatment for other kidney condition(s)?,"RxMedsforOtherKidneyCondition_Yes, Yes | RxMedsforOtherKidneyCondition_No, No",,,,[kidneycondition_otherkidneycondition_yes(KidneyConditions_OtherKidneyCondition)] = '1',,,,,,
Personal and Family Health Hist,,diagnosedhealthcondition_respiratorycondition,personal_and_family_health_history,Lung Conditions,checkbox,Have you or anyone in your family ever been diagnosed with the following lung conditions? Think only of the people you are related to by blood. Select all that apply.,"RespiratoryCondition_Asthma, Asthma | RespiratoryCondition_ChronicLungDisease, Chronic lung disease (COPD, emphysema, or bronchitis) | RespiratoryCondition_SleepApnea, Sleep apnea | RespiratoryCondition_OtherLungCondition, Other lung condition | PMI_None, None of the above | PMI_DontKnow, Don't know | PMI_PreferNotToAnswer, Prefer not to answer",,,,,,,,,,
Personal and Family Health Hist,,respiratorycondition_asthma_yes,personal_and_family_health_history,,checkbox,"Including yourself, who in your family has had asthma? Select all that apply.","RespiratoryConditions_Asthma, Self | MotherRespiratoryCondition_Asthma, Mother | FatherRespiratoryCondition_Asthma, Father | SiblingRespiratoryCondition_Asthma, Sibling | DaughterRespiratoryCondition_Asthma, Daughter | SonRespiratoryCondition_Asthma, Son | GrandparentRespiratoryCondition_Asthma, Grandparent",,,,[diagnosedhealthcondition_respiratorycondition(RespiratoryCondition_Asthma)] = '1',,,,,,
Personal and Family Health Hist,,respiratory_asthmacurrently,personal_and_family_health_history,,radio,Are you still seeing a doctor or health care provider for asthma?,"AsthmaCurrently_Yes, Yes | AsthmaCurrently_No, No",,,,[respiratorycondition_asthma_yes(RespiratoryConditions_Asthma)] = '1',,,,,,
Personal and Family Health Hist,,respiratory_howoldwereyouasthma,personal_and_family_health_history,,radio,About how old were you when you were first told you had asthma?,"HowOldWereYouAsthma_Child, Child (0-11) | HowOldWereYouAsthma_Adolescent, Adolescent (12-17) | HowOldWereYouAsthma_Adult, Adult (18-64) | HowOldWereYouAsthma_OlderAdult, Older adult (65-74) | HowOldWereYouAsthma_Elderly, Elderly (75+)",,,,[respiratorycondition_asthma_yes(RespiratoryConditions_Asthma)] = '1',,,,,,
Personal and Family Health Hist,,respiratory_rxmedsforasthma,personal_and_family_health_history,,radio,Are you currently prescribed medications and/or receiving treatment for asthma?,"RxMedsforAsthma_Yes, Yes | RxMedsforAsthma_No, No",,,,[respiratorycondition_asthma_yes(RespiratoryConditions_Asthma)] = '1',,,,,,
Personal and Family Health Hist,,respiratorycondition_chroniclungdisease_yes,personal_and_family_health_history,,checkbox,"Including yourself, who in your family has had chronic lung disease (COPD, emphysema, or bronchitis)? Select all that apply.","RespiratoryConditions_ChronicLung, Self | MotherRespiratoryCondition_ChronicLungDisease, Mother | FatherRespiratoryCondition_ChronicLungDisease, Father | SiblingRespiratoryCondition_ChronicLungDisease, Sibling | DaughterRespiratoryCondition_ChronicLungDisease, Daughter | SonRespiratoryCondition_ChronicLungDisease, Son | GrandparentRespiratoryCondition_ChronicLungDisease, Grandparent",,,,[diagnosedhealthcondition_respiratorycondition(RespiratoryCondition_ChronicLungDisease)] = '1',,,,,,
Personal and Family Health Hist,,respiratory_chroniclungdiseasecurrently,personal_and_family_health_history,,radio,"Are you still seeing a doctor or health care provider for chronic lung disease (COPD, emphysema, or bronchitis)?","ChronicLungDiseaseCurrently_Yes, Yes | ChronicLungDiseaseCurrently_No, No",,,,[respiratorycondition_chroniclungdisease_yes(RespiratoryConditions_ChronicLung)] = '1',,,,,,
Personal and Family Health Hist,,respiratory_howoldwereyouchroniclungdisease,personal_and_family_health_history,,radio,"About how old were you when you were first told you had chronic lung disease (COPD, emphysema, or bronchitis)?","HowOldWereYouChronicLungDisease_Child, Child (0-11) | HowOldWereYouChronicLungDisease_Adolescent, Adolescent (12-17) | HowOldWereYouChronicLungDisease_Adult, Adult (18-64) | HowOldWereYouChronicLungDisease_OlderAdult, Older adult (65-74) | HowOldWereYouChronicLungDisease_Elderly, Elderly (75+)",,,,[respiratorycondition_chroniclungdisease_yes(RespiratoryConditions_ChronicLung)] = '1',,,,,,
Personal and Family Health Hist,,respiratory_rxmedsforchroniclungdisease,personal_and_family_health_history,,radio,"Are you currently prescribed medications and/or receiving treatment for chronic lung disease (COPD, emphysema, or bronchitis)?","RxMedsforChronicLungDisease_Yes, Yes | RxMedsforChronicLungDisease_No, No",,,,[respiratorycondition_chroniclungdisease_yes(RespiratoryConditions_ChronicLung)] = '1',,,,,,
Personal and Family Health Hist,,respiratorycondition_sleepapnea_yes,personal_and_family_health_history,,checkbox,"Including yourself, who in your family has had sleep apnea? Select all that apply.","RespiratoryConditions_SleepApnea, Self | MotherRespiratoryCondition_SleepApnea, Mother | FatherRespiratoryCondition_SleepApnea, Father | SiblingRespiratoryCondition_SleepApnea, Sibling | DaughterRespiratoryCondition_SleepApnea, Daughter | SonRespiratoryCondition_SleepApnea, Son | GrandparentRespiratoryCondition_SleepApnea, Grandparent",,,,[diagnosedhealthcondition_respiratorycondition(RespiratoryCondition_SleepApnea)] = '1',,,,,,
Personal and Family Health Hist,,respiratory_sleepapneacurrently,personal_and_family_health_history,,radio,Are you still seeing a doctor or health care provider for sleep apnea?,"SleepApneaCurrently_Yes, Yes | SleepApneaCurrently_No, No",,,,[respiratorycondition_sleepapnea_yes(RespiratoryConditions_SleepApnea)] = '1',,,,,,
Personal and Family Health Hist,,respiratory_howoldwereyousleepapnea,personal_and_family_health_history,,radio,About how old were you when you were first told you had sleep apnea?,"HowOldWereYouSleepApnea_Child, Child (0-11) | HowOldWereYouSleepApnea_Adolescent, Adolescent (12-17) | HowOldWereYouSleepApnea_Adult, Adult (18-64) | HowOldWereYouSleepApnea_OlderAdult, Older adult (65-74) | HowOldWereYouSleepApnea_Elderly, Elderly (75+)",,,,[respiratorycondition_sleepapnea_yes(RespiratoryConditions_SleepApnea)] = '1',,,,,,
Personal and Family Health Hist,,respiratory_rxmedsforsleepapnea,personal_and_family_health_history,,radio,Are you currently prescribed medications and/or receiving treatment for sleep apnea?,"RxMedsforSleepApnea_Yes, Yes | RxMedsforSleepApnea_No, No",,,,[respiratorycondition_sleepapnea_yes(RespiratoryConditions_SleepApnea)] = '1',,,,,,
Personal and Family Health Hist,,respiratorycondition_otherlungcondition_yes,personal_and_family_health_history,,checkbox,"Including yourself, who in your family has had other lung condition(s)? Select all that apply.","RespiratoryConditions_OtherLungCondition, Self | MotherRespiratoryCondition_OtherLungCondition, Mother | FatherRespiratoryCondition_OtherLungCondition, Father | SiblingRespiratoryCondition_OtherLungCondition, Sibling | DaughterRespiratoryCondition_OtherLungCondition, Daughter | SonRespiratoryCondition_OtherLungCondition, Son | GrandparentRespiratoryCondition_OtherLungCondition, Grandparent",,,,[diagnosedhealthcondition_respiratorycondition(RespiratoryCondition_OtherLungCondition)] = '1',,,,,,
Personal and Family Health Hist,,otherrespiratory_freetextbox,personal_and_family_health_history,,text,Please specify the other lung condition(s) you have had.,,,,,[respiratorycondition_otherlungcondition_yes(RespiratoryConditions_OtherLungCondition)] = '1',,,,,REGISTERED_QUESTION_SUPPRESSED,CONTROLLED_QUESTION_SUPPRESSED
Personal and Family Health Hist,,otherrespiratory_motherfreetextbox,personal_and_family_health_history,,text,Please specify the other lung condition(s) your mother has had.,,,,,[respiratorycondition_otherlungcondition_yes(MotherRespiratoryCondition_OtherLungCondition)] = '1',,,,,REGISTERED_QUESTION_SUPPRESSED,CONTROLLED_QUESTION_SUPPRESSED
Personal and Family Health Hist,,otherrespiratory_fatherfreetextbox,personal_and_family_health_history,,text,Please specify the other lung condition(s) your father has had.,,,,,[respiratorycondition_otherlungcondition_yes(FatherRespiratoryCondition_OtherLungCondition)] = '1',,,,,REGISTERED_QUESTION_SUPPRESSED,CONTROLLED_QUESTION_SUPPRESSED
Personal and Family Health Hist,,otherrespiratory_siblingfreetextbox,personal_and_family_health_history,,text,Please specify the other lung condition(s) your sibling(s) has had.,,,,,[respiratorycondition_otherlungcondition_yes(SiblingRespiratoryCondition_OtherLungCondition)] = '1',,,,,REGISTERED_QUESTION_SUPPRESSED,CONTROLLED_QUESTION_SUPPRESSED
Personal and Family Health Hist,,otherrespiratory_daughterfreetextbox,personal_and_family_health_history,,text,Please specify the other lung condition(s) your daughter(s) has had.,,,,,[respiratorycondition_otherlungcondition_yes(DaughterRespiratoryCondition_OtherLungCondition)] = '1',,,,,REGISTERED_QUESTION_SUPPRESSED,CONTROLLED_QUESTION_SUPPRESSED
Personal and Family Health Hist,,otherrespiratory_sonfreetextbox,personal_and_family_health_history,,text,Please specify the other lung condition(s) your son(s) has had.,,,,,[respiratorycondition_otherlungcondition_yes(SonRespiratoryCondition_OtherLungCondition)] = '1',,,,,REGISTERED_QUESTION_SUPPRESSED,CONTROLLED_QUESTION_SUPPRESSED
Personal and Family Health Hist,,otherrespiratory_grandparentfreetextbox,personal_and_family_health_history,,text,Please specify the other lung condition(s) your grandparent(s) has had.,,,,,[respiratorycondition_otherlungcondition_yes(GrandparentRespiratoryCondition_OtherLungCondition)] = '1',,,,,REGISTERED_QUESTION_SUPPRESSED,CONTROLLED_QUESTION_SUPPRESSED
Personal and Family Health Hist,,respiratory_otherlungconditioncurrently,personal_and_family_health_history,,radio,Are you still seeing a doctor or health care provider for other lung condition(s)?,"OtherLungConditionCurrently_Yes, Yes | OtherLungConditionCurrently_No, No",,,,[respiratorycondition_otherlungcondition_yes(RespiratoryConditions_OtherLungCondition)] = '1',,,,,,
Personal and Family Health Hist,,respiratory_howoldwereyouotherlungcondition,personal_and_family_health_history,,radio,About how old were you when you were first told you had other lung condition(s)?,"HowOldWereYouOtherLungCondition_Child, Child (0-11) | HowOldWereYouOtherLungCondition_Adolescent, Adolescent (12-17) | HowOldWereYouOtherLungCondition_Adult, Adult (18-64) | HowOldWereYouOtherLungCondition_OlderAdult, Older adult (65-74) | HowOldWereYouOtherLungCondition_Elderly, Elderly (75+)",,,,[respiratorycondition_otherlungcondition_yes(RespiratoryConditions_OtherLungCondition)] = '1',,,,,,
Personal and Family Health Hist,,respiratory_rxmedsforotherlungcondition,personal_and_family_health_history,,radio,Are you currently prescribed medications and/or receiving treatment for other lung condition(s)?,"RxMedsforOtherLungCondition_Yes, Yes | RxMedsforOtherLungCondition_No, No",,,,[respiratorycondition_otherlungcondition_yes(RespiratoryConditions_OtherLungCondition)] = '1',,,,,,
Personal and Family Health Hist,,diagnosedhealthcondition_nervouscondition,personal_and_family_health_history,Brain and Nervous System Conditions,checkbox,Have you or anyone in your family ever been diagnosed with the following brain and nervous system conditions? Think only of the people you are related to by blood. Select all that apply.,"NervousCondition_CerebralPalsy, Cerebral palsy | NervousCondition_ChronicFatigue, Chronic fatigue | NervousCondition_Concussion, Concussion or loss of consciousness | NervousCondition_Dementia, Dementia (includes Alzheimer's, vascular, etc.) | NervousCondition_EpilepsySeizure, Epilepsy or seizure | NervousCondition_Insomnia, Insomnia | NervousCondition_AmyotrophicLateralSclerosis, Lou Gehrig's disease (amyotrophic lateral sclerosis or ALS) | NervousCondition_MemoryLoss, Memory loss or impairment | NervousCondition_MigraineHeadaches, Migraine headaches | NervousCondition_MultipleSclerosis, Multiple sclerosis (MS) | NervousCondition_MuscularDystrophy, Muscular dystrophy (MD) | NervousCondition_Narcolepsy, Narcolepsy | NervousCondition_Neuropathy, Neuropathy | NervousCondition_Parkinsons, Parkinson's disease | NervousCondition_RestlessLegsSyndrome, Restless leg syndrome | NervousCondition_SpinalCordInjury, Spinal cord injury or impairment | NervousCondition_TraumaticBrainInjury, Traumatic brain injury (TBI) | NervousCondition_OtherBrainNervousSystem, Other brain or nervous system condition | PMI_None, None of the above | PMI_DontKnow, Don't know | PMI_PreferNotToAnswer, Prefer not to answer",,,,,,,,,,
Personal and Family Health Hist,,nervouscondition_cerebralpalsy_yes,personal_and_family_health_history,,checkbox,"Including yourself, who in your family has had cerebral palsy? Select all that apply.","NervousSystemCondition_CerebralPalsy, Self | MotherNervousCondition_CerebralPalsy, Mother | FatherNervousCondition_CerebralPalsy, Father | SiblingNervousCondition_CerebralPalsy, Sibling | DaughterNervousCondition_CerebralPalsy, Daughter | SonNervousCondition_CerebralPalsy, Son | GrandparentNervousCondition_CerebralPalsy, Grandparent",,,,[diagnosedhealthcondition_nervouscondition(NervousCondition_CerebralPalsy)] = '1',,,,,,
Personal and Family Health Hist,,nervoussystem_cerebralpalsycurrently,personal_and_family_health_history,,radio,Are you still seeing a doctor or health care provider for cerebral palsy?,"CerebralPalsyCurrently_Yes, Yes | CerebralPalsyCurrently_No, No",,,,[nervouscondition_cerebralpalsy_yes(NervousSystemCondition_CerebralPalsy)] = '1',,,,,,
Personal and Family Health Hist,,nervoussystem_howoldwereyoucerebralpalsy,personal_and_family_health_history,,radio,About how old were you when you were first told you had cerebral palsy?,"HowOldWereYouCerebralPalsy_Child, Child (0-11) | HowOldWereYouCerebralPalsy_Adolescent, Adolescent (12-17) | HowOldWereYouCerebralPalsy_Adult, Adult (18-64) | HowOldWereYouCerebralPalsy_OlderAdult, Older adult (65-74) | HowOldWereYouCerebralPalsy_Elderly, Elderly (75+)",,,,[nervouscondition_cerebralpalsy_yes(NervousSystemCondition_CerebralPalsy)] = '1',,,,,,
Personal and Family Health Hist,,nervoussystem_rxmedsforcerebralpalsy,personal_and_family_health_history,,radio,Are you currently prescribed medications and/or receiving treatment for cerebral palsy?,"RxMedsforCerebralPalsy_Yes, Yes | RxMedsforCerebralPalsy_No, No",,,,[nervouscondition_cerebralpalsy_yes(NervousSystemCondition_CerebralPalsy)] = '1',,,,,,
Personal and Family Health Hist,,nervouscondition_chronicfatigue_yes,personal_and_family_health_history,,checkbox,"Including yourself, who in your family has had chronic fatigue? Select all that apply.","NervousSystemCondition_ChronicFatigue, Self | MotherNervousCondition_ChronicFatigue, Mother | FatherNervousCondition_ChronicFatigue, Father | SiblingNervousCondition_ChronicFatigue, Sibling | DaughterNervousCondition_ChronicFatigue, Daughter | SonNervousCondition_ChronicFatigue, Son | GrandparentNervousCondition_ChronicFatigue, Grandparent",,,,[diagnosedhealthcondition_nervouscondition(NervousCondition_ChronicFatigue)] = '1',,,,,,
Personal and Family Health Hist,,nervoussystem_chronicfatiguecurrently,personal_and_family_health_history,,radio,Are you still seeing a doctor or health care provider for chronic fatigue?,"ChronicFatigueCurrently_Yes, Yes | ChronicFatigueCurrently_No, No",,,,[nervouscondition_chronicfatigue_yes(NervousSystemCondition_ChronicFatigue)] = '1',,,,,,
Personal and Family Health Hist,,nervoussystem_howoldwereyouchronicfatigue,personal_and_family_health_history,,radio,About how old were you when you were first told you had chronic fatigue?,"HowOldWereYouChronicFatigue_Child, Child (0-11) | HowOldWereYouChronicFatigue_Adolescent, Adolescent (12-17) | HowOldWereYouChronicFatigue_Adult, Adult (18-64) | HowOldWereYouChronicFatigue_OlderAdult, Older adult (65-74) | HowOldWereYouChronicFatigue_Elderly, Elderly (75+)",,,,[nervouscondition_chronicfatigue_yes(NervousSystemCondition_ChronicFatigue)] = '1',,,,,,
Personal and Family Health Hist,,nervoussystem_rxmedsforchronicfatigue,personal_and_family_health_history,,radio,Are you currently prescribed medications and/or receiving treatment for chronic fatigue?,"RxMedsforChronicFatigue_Yes, Yes | RxMedsforChronicFatigue_No, No",,,,[nervouscondition_chronicfatigue_yes(NervousSystemCondition_ChronicFatigue)] = '1',,,,,,
Personal and Family Health Hist,,nervouscondition_concussion_yes,personal_and_family_health_history,,checkbox,"Including yourself, who in your family has had concussion or loss of consciousness? Select all that apply.","NervousSystemCondition_Concussion, Self | MotherNervousCondition_Concussion, Mother | FatherNervousCondition_Concussion, Father | SiblingNervousCondition_Concussion, Sibling | DaughterNervousCondition_Concussion, Daughter | SonNervousCondition_Concussion, Son | GrandparentNervousCondition_Concussion, Grandparent",,,,[diagnosedhealthcondition_nervouscondition(NervousCondition_Concussion)] = '1',,,,,,
Personal and Family Health Hist,,nervoussystem_concussioncurrently,personal_and_family_health_history,,radio,Are you still seeing a doctor or health care provider for concussion or loss of consciousness?,"ConcussionCurrently_Yes, Yes | ConcussionCurrently_No, No",,,,[nervouscondition_concussion_yes(NervousSystemCondition_Concussion)] = '1',,,,,,
Personal and Family Health Hist,,nervoussystem_howoldwereyouconcussion,personal_and_family_health_history,,radio,About how old were you when you were first told you had concussion or loss of consciousness?,"HowOldWereYouConcussion_Child, Child (0-11) | HowOldWereYouConcussion_Adolescent, Adolescent (12-17) | HowOldWereYouConcussion_Adult, Adult (18-64) | HowOldWereYouConcussion_OlderAdult, Older adult (65-74) | HowOldWereYouConcussion_Elderly, Elderly (75+)",,,,[nervouscondition_concussion_yes(NervousSystemCondition_Concussion)] = '1',,,,,,
Personal and Family Health Hist,,nervoussystem_rxmedsforconcussion,personal_and_family_health_history,,radio,Are you currently prescribed medications and/or receiving treatment for concussion or loss of consciousness?,"RxMedsforConcussion_Yes, Yes | RxMedsforConcussion_No, No",,,,[nervouscondition_concussion_yes(NervousSystemCondition_Concussion)] = '1',,,,,,
Personal and Family Health Hist,,nervouscondition_dementia_yes,personal_and_family_health_history,,checkbox,"Including yourself, who in your family has had dementia (includes Alzheimer's, vascular, etc.)? Select all that apply.","NervousSystemCondition_Dementia, Self | MotherNervousCondition_Dementia, Mother | FatherNervousCondition_Dementia, Father | SiblingNervousCondition_Dementia, Sibling | DaughterNervousCondition_Dementia, Daughter | SonNervousCondition_Dementia, Son | GrandparentNervousCondition_Dementia, Grandparent",,,,[diagnosedhealthcondition_nervouscondition(NervousCondition_Dementia)] = '1',,,,,,
Personal and Family Health Hist,,nervoussystem_dementiacurrently,personal_and_family_health_history,,radio,"Are you still seeing a doctor or health care provider for dementia (includes Alzheimer's, vascular, etc.)?","DementiaCurrently_Yes, Yes | DementiaCurrently_No, No",,,,[nervouscondition_dementia_yes(NervousSystemCondition_Dementia)] = '1',,,,,,
Personal and Family Health Hist,,nervoussystem_howoldwereyoudementia,personal_and_family_health_history,,radio,"About how old were you when you were first told you had dementia (includes Alzheimer's, vascular, etc.)?","HowOldWereYouDementia_Child, Child (0-11) | HowOldWereYouDementia_Adolescent, Adolescent (12-17) | HowOldWereYouDementia_Adult, Adult (18-64) | HowOldWereYouDementia_OlderAdult, Older adult (65-74) | HowOldWereYouDementia_Elderly, Elderly (75+)",,,,[nervouscondition_dementia_yes(NervousSystemCondition_Dementia)] = '1',,,,,,
Personal and Family Health Hist,,nervoussystem_rxmedsfordementia,personal_and_family_health_history,,radio,"Are you currently prescribed medications and/or receiving treatment for dementia (includes Alzheimer's, vascular, etc.)?","RxMedsforDementia_Yes, Yes | RxMedsforDementia_No, No",,,,[nervouscondition_dementia_yes(NervousSystemCondition_Dementia)] = '1',,,,,,
Personal and Family Health Hist,,nervouscondition_epilepsyseizure_yes,personal_and_family_health_history,,checkbox,"Including yourself, who in your family has had epilepsy or seizure? Select all that apply.","NervousSystemCondition_Epilepsy, Self | MotherNervousCondition_EpilepsySeizure, Mother | FatherNervousCondition_EpilepsySeizure, Father | SiblingNervousCondition_EpilepsySeizure, Sibling | DaughterNervousCondition_EpilepsySeizure, Daughter | SonNervousCondition_EpilepsySeizure, Son | GrandparentNervousCondition_EpilepsySeizure, Grandparent",,,,[diagnosedhealthcondition_nervouscondition(NervousCondition_EpilepsySeizure)] = '1',,,,,,
Personal and Family Health Hist,,nervoussystem_epilepsycurrently,personal_and_family_health_history,,radio,Are you still seeing a doctor or health care provider for epilepsy or seizure?,"EpilepsyCurrently_Yes, Yes | EpilepsyCurrently_No, No",,,,[nervouscondition_epilepsyseizure_yes(NervousSystemCondition_Epilepsy)] = '1',,,,,,
Personal and Family Health Hist,,nervoussystem_howoldwereyouepilepsy,personal_and_family_health_history,,radio,About how old were you when you were first told you had epilepsy or seizure?,"HowOldWereYouEpilepsy_Child, Child (0-11) | HowOldWereYouEpilepsy_Adolescent, Adolescent (12-17) | HowOldWereYouEpilepsy_Adult, Adult (18-64) | HowOldWereYouEpilepsy_OlderAdult, Older adult (65-74) | HowOldWereYouEpilepsy_Elderly, Elderly (75+)",,,,[nervouscondition_epilepsyseizure_yes(NervousSystemCondition_Epilepsy)] = '1',,,,,,
Personal and Family Health Hist,,nervoussystem_rxmedsforepilepsy,personal_and_family_health_history,,radio,Are you currently prescribed medications and/or receiving treatment for epilepsy or seizure?,"RxMedsforEpilepsy_Yes, Yes | RxMedsforEpilepsy_No, No",,,,[nervouscondition_epilepsyseizure_yes(NervousSystemCondition_Epilepsy)] = '1',,,,,,
Personal and Family Health Hist,,nervouscondition_insomnia_yes,personal_and_family_health_history,,checkbox,"Including yourself, who in your family has had insomnia? Select all that apply.","NervousSystemCondition_Insomnia, Self | MotherNervousCondition_Insomnia, Mother | FatherNervousCondition_Insomnia, Father | SiblingNervousCondition_Insomnia, Sibling | DaughterNervousCondition_Insomnia, Daughter | SonNervousCondition_Insomnia, Son | GrandparentNervousCondition_Insomnia, Grandparent",,,,[diagnosedhealthcondition_nervouscondition(NervousCondition_Insomnia)] = '1',,,,,,
Personal and Family Health Hist,,nervoussystem_insomniacurrently,personal_and_family_health_history,,radio,Are you still seeing a doctor or health care provider for insomnia?,"InsomniaCurrently_Yes, Yes | InsomniaCurrently_No, No",,,,[nervouscondition_insomnia_yes(NervousSystemCondition_Insomnia)] = '1',,,,,,
Personal and Family Health Hist,,nervoussystem_howoldwereyouinsomnia,personal_and_family_health_history,,radio,About how old were you when you were first told you had insomnia?,"HowOldWereYouInsomnia_Child, Child (0-11) | HowOldWereYouInsomnia_Adolescent, Adolescent (12-17) | HowOldWereYouInsomnia_Adult, Adult (18-64) | HowOldWereYouInsomnia_OlderAdult, Older adult (65-74) | HowOldWereYouInsomnia_Elderly, Elderly (75+)",,,,[nervouscondition_insomnia_yes(NervousSystemCondition_Insomnia)] = '1',,,,,,
Personal and Family Health Hist,,nervoussystem_rxmedsforinsomnia,personal_and_family_health_history,,radio,Are you currently prescribed medications and/or receiving treatment for insomnia?,"RxMedsforInsomnia_Yes, Yes | RxMedsforInsomnia_No, No",,,,[nervouscondition_insomnia_yes(NervousSystemCondition_Insomnia)] = '1',,,,,,
Personal and Family Health Hist,,nervouscondition_amyotrophiclateralsclerosis_yes,personal_and_family_health_history,,checkbox,"Including yourself, who in your family has had Lou Gehrig's disease (amyotrophic lateral sclerosis)? Select all that apply.","NervousSystemCondition_LouGehrigs, Self | MotherNervousCondition_AmyotrophicLateralSclerosis, Mother | FatherNervousCondition_AmyotrophicLateralSclerosis, Father | SiblingNervousCondition_AmyotrophicLateralSclerosis, Sibling | DaughterNervousCondition_AmyotrophicLateralSclerosis, Daughter | SonNervousCondition_AmyotrophicLateralSclerosis, Son | GrandparentNervousCondition_AmyotrophicLateralSclerosis, Grandparent",,,,[diagnosedhealthcondition_nervouscondition(NervousCondition_AmyotrophicLateralSclerosis)] = '1',,,,,,
Personal and Family Health Hist,,nervoussystem_lougehrigsdiseasecurrently,personal_and_family_health_history,,radio,Are you still seeing a doctor or health care provider for Lou Gehrig's disease (amyotrophic lateral sclerosis)?,"LouGehrigsDisease_Yes, Yes | LouGehrigsDisease_No, No",,,,[nervouscondition_amyotrophiclateralsclerosis_yes(NervousSystemCondition_LouGehrigs)] = '1',,,,,,
Personal and Family Health Hist,,nervoussystem_howoldwereyoulougehrigsdisease,personal_and_family_health_history,,radio,About how old were you when you were first told you had Lou Gehrig's disease (amyotrophic lateral sclerosis)?,"HowOldWereYouLouGehrigsDisease_Child, Child (0-11) | HowOldWereYouLouGehrigsDisease_Adolescent, Adolescent (12-17) | HowOldWereYouLouGehrigsDisease_Adult, Adult (18-64) | HowOldWereYouLouGehrigsDisease_OlderAdult, Older adult (65-74) | HowOldWereYouLouGehrigsDisease_Elderly, Elderly (75+)",,,,[nervouscondition_amyotrophiclateralsclerosis_yes(NervousSystemCondition_LouGehrigs)] = '1',,,,,,
Personal and Family Health Hist,,nervoussystem_rxmedsforlougehrigsdisease,personal_and_family_health_history,,radio,Are you currently prescribed medications and/or receiving treatment for Lou Gehrig's disease (amyotrophic lateral sclerosis)?,"RxMedsforLouGehrigsDisease_Yes, Yes | RxMedsforLouGehrigsDisease_No, No",,,,[nervouscondition_amyotrophiclateralsclerosis_yes(NervousSystemCondition_LouGehrigs)] = '1',,,,,,
Personal and Family Health Hist,,nervouscondition_memoryloss_yes,personal_and_family_health_history,,checkbox,"Including yourself, who in your family has had memory loss or impairment? Select all that apply.","NervousSystemCondition_MemoryLoss, Self | MotherNervousCondition_MemoryLoss, Mother | FatherNervousCondition_MemoryLoss, Father | SiblingNervousCondition_MemoryLoss, Sibling | DaughterNervousCondition_MemoryLoss, Daughter | SonNervousCondition_MemoryLoss, Son | GrandparentNervousCondition_MemoryLoss, Grandparent",,,,[diagnosedhealthcondition_nervouscondition(NervousCondition_MemoryLoss)] = '1',,,,,,
Personal and Family Health Hist,,nervoussystem_memorylosscurrently,personal_and_family_health_history,,radio,Are you still seeing a doctor or health care provider for memory loss or impairment?,"MemoryLossCurrently_Yes, Yes | MemoryLossCurrently_No, No",,,,[nervouscondition_memoryloss_yes(NervousSystemCondition_MemoryLoss)] = '1',,,,,,
Personal and Family Health Hist,,nervoussystem_howoldwereyoumemoryloss,personal_and_family_health_history,,radio,About how old were you when you were first told you had memory loss or impairment?,"HowOldWereYouMemoryLoss_Child, Child (0-11) | HowOldWereYouMemoryLoss_Adolescent, Adolescent (12-17) | HowOldWereYouMemoryLoss_Adult, Adult (18-64) | HowOldWereYouMemoryLoss_OlderAdult, Older adult (65-74) | HowOldWereYouMemoryLoss_Elderly, Elderly (75+)",,,,[nervouscondition_memoryloss_yes(NervousSystemCondition_MemoryLoss)] = '1',,,,,,
Personal and Family Health Hist,,nervoussystem_rxmedsformemoryloss,personal_and_family_health_history,,radio,Are you currently prescribed medications and/or receiving treatment for memory loss or impairment?,"RxMedsforMemoryLoss_Yes, Yes | RxMedsforMemoryLoss_No, No",,,,[nervouscondition_memoryloss_yes(NervousSystemCondition_MemoryLoss)] = '1',,,,,,
Personal and Family Health Hist,,nervouscondition_migraineheadaches_yes,personal_and_family_health_history,,checkbox,"Including yourself, who in your family has had migraine headaches? Select all that apply.","NervousSystemCondition_Migraine, Self | MotherNervousCondition_MigraineHeadaches, Mother | FatherNervousCondition_MigraineHeadaches, Father | SiblingNervousCondition_MigraineHeadaches, Sibling | DaughterNervousCondition_MigraineHeadaches, Daughter | SonNervousCondition_MigraineHeadaches, Son | GrandparentNervousCondition_MigraineHeadaches, Grandparent",,,,[diagnosedhealthcondition_nervouscondition(NervousCondition_MigraineHeadaches)] = '1',,,,,,
Personal and Family Health Hist,,nervoussystem_migrainecurrently,personal_and_family_health_history,,radio,Are you still seeing a doctor or health care provider for migraine headaches?,"MigraineCurrently_Yes, Yes | MigraineCurrently_No, No",,,,[nervouscondition_migraineheadaches_yes(NervousSystemCondition_Migraine)] = '1',,,,,,
Personal and Family Health Hist,,nervoussystem_howoldwereyoumigraine,personal_and_family_health_history,,radio,About how old were you when you were first told you had migraine headaches?,"HowOldWereYouMigraine_Child, Child (0-11) | HowOldWereYouMigraine_Adolescent, Adolescent (12-17) | HowOldWereYouMigraine_Adult, Adult (18-64) | HowOldWereYouMigraine_OlderAdult, Older adult (65-74) | HowOldWereYouMigraine_Elderly, Elderly (75+)",,,,[nervouscondition_migraineheadaches_yes(NervousSystemCondition_Migraine)] = '1',,,,,,
Personal and Family Health Hist,,nervoussystem_rxmedsformigraine,personal_and_family_health_history,,radio,Are you currently prescribed medications and/or receiving treatment for migraine headaches?,"RxMedsforMigraine_Yes, Yes | RxMedsforMigraine_No, No",,,,[nervouscondition_migraineheadaches_yes(NervousSystemCondition_Migraine)] = '1',,,,,,
Personal and Family Health Hist,,nervouscondition_multiplesclerosis_yes,personal_and_family_health_history,,checkbox,"Including yourself, who in your family has had multiple sclerosis (MS)? Select all that apply.","NervousSystemCondition_MultipleSclerosis, Self | MotherNervousCondition_MultipleSclerosis, Mother | FatherNervousCondition_MultipleSclerosis, Father | SiblingNervousCondition_MultipleSclerosis, Sibling | DaughterNervousCondition_MultipleSclerosis, Daughter | SonNervousCondition_MultipleSclerosis, Son | GrandparentNervousCondition_MultipleSclerosis, Grandparent",,,,[diagnosedhealthcondition_nervouscondition(NervousCondition_MultipleSclerosis)] = '1',,,,,,
Personal and Family Health Hist,,nervoussystem_multiplesclerosiscurrently,personal_and_family_health_history,,radio,Are you still seeing a doctor or health care provider for multiple sclerosis (MS)?,"MultipleSclerosisCurrently_Yes, Yes | MultipleSclerosisCurrently_No, No",,,,[nervouscondition_multiplesclerosis_yes(NervousSystemCondition_MultipleSclerosis)] = '1',,,,,,
Personal and Family Health Hist,,nervoussystem_howoldwereyoumultiplesclerosis,personal_and_family_health_history,,radio,About how old were you when you were first told you had multiple sclerosis (MS)?,"HowOldWereYouMultipleSclerosis_Child, Child (0-11) | HowOldWereYouMultipleSclerosis_Adolescent, Adolescent (12-17) | HowOldWereYouMultipleSclerosis_Adult, Adult (18-64) | HowOldWereYouMultipleSclerosis_OlderAdult, Older adult (65-74) | HowOldWereYouMultipleSclerosis_Elderly, Elderly (75+)",,,,[nervouscondition_multiplesclerosis_yes(NervousSystemCondition_MultipleSclerosis)] = '1',,,,,,
Personal and Family Health Hist,,nervoussystem_rxmedsformultiplesclerosis,personal_and_family_health_history,,radio,Are you currently prescribed medications and/or receiving treatment for multiple sclerosis (MS)?,"RxMedsforMultipleSclerosis_Yes, Yes | RxMedsforMultipleSclerosis_No, No",,,,[nervouscondition_multiplesclerosis_yes(NervousSystemCondition_MultipleSclerosis)] = '1',,,,,,
Personal and Family Health Hist,,nervouscondition_musculardystrophy_yes,personal_and_family_health_history,,checkbox,"Including yourself, who in your family has had muscular dystrophy (MD)? Select all that apply.","NervousSystemCondition_MuscularDystrophy, Self | MotherNervousCondition_MuscularDystrophy, Mother | FatherNervousCondition_MuscularDystrophy, Father | SiblingNervousCondition_MuscularDystrophy, Sibling | DaughterNervousCondition_MuscularDystrophy, Daughter | SonNervousCondition_MuscularDystrophy, Son | GrandparentNervousCondition_MuscularDystrophy, Grandparent",,,,[diagnosedhealthcondition_nervouscondition(NervousCondition_MuscularDystrophy)] = '1',,,,,,
Personal and Family Health Hist,,nervoussystem_musculardystrophycurrently,personal_and_family_health_history,,radio,Are you still seeing a doctor or health care provider for muscular dystrophy (MD)?,"MuscularDystrophyCurrently_Yes, Yes | MuscularDystrophyCurrently_No, No",,,,[nervouscondition_musculardystrophy_yes(NervousSystemCondition_MuscularDystrophy)] = '1',,,,,,
Personal and Family Health Hist,,nervoussystem_howoldwereyoumusculardystrophy,personal_and_family_health_history,,radio,About how old were you when you were first told you had muscular dystrophy (MD)?,"HowOldWereYouMuscularDystrophy_Child, Child (0-11) | HowOldWereYouMuscularDystrophy_Adolescent, Adolescent (12-17) | HowOldWereYouMuscularDystrophy_Adult, Adult (18-64) | HowOldWereYouMuscularDystrophy_OlderAdult, Older adult (65-74) | HowOldWereYouMuscularDystrophy_Elderly, Elderly (75+)",,,,[nervouscondition_musculardystrophy_yes(NervousSystemCondition_MuscularDystrophy)] = '1',,,,,,
Personal and Family Health Hist,,nervoussystem_rxmedsformusculardystrophy,personal_and_family_health_history,,radio,Are you currently prescribed medications and/or receiving treatment for muscular dystrophy (MD)?,"RxMedsforMuscularDystrophy_Yes, Yes | RxMedsforMuscularDystrophy_No, No",,,,[nervouscondition_musculardystrophy_yes(NervousSystemCondition_MuscularDystrophy)] = '1',,,,,,
Personal and Family Health Hist,,nervouscondition_narcolepsy_yes,personal_and_family_health_history,,checkbox,"Including yourself, who in your family has had narcolepsy? Select all that apply.","NervousSystemCondition_Narcolepsy, Self | MotherNervousCondition_Narcolepsy, Mother | FatherNervousCondition_Narcolepsy, Father | SiblingNervousCondition_Narcolepsy, Sibling | DaughterNervousCondition_Narcolepsy, Daughter | SonNervousCondition_Narcolepsy, Son | GrandparentNervousCondition_Narcolepsy, Grandparent",,,,[diagnosedhealthcondition_nervouscondition(NervousCondition_Narcolepsy)] = '1',,,,,,
Personal and Family Health Hist,,nervoussystem_narcolepsycurrently,personal_and_family_health_history,,radio,Are you still seeing a doctor or health care provider for narcolepsy?,"NarcolepsyCurrently_Yes, Yes | NarcolepsyCurrently_No, No",,,,[nervouscondition_narcolepsy_yes(NervousSystemCondition_Narcolepsy)] = '1',,,,,,
Personal and Family Health Hist,,nervoussystem_howoldwereyounarcolepsy,personal_and_family_health_history,,radio,About how old were you when you were first told you had narcolepsy?,"HowOldWereYouNarcolepsy_Child, Child (0-11) | HowOldWereYouNarcolepsy_Adolescent, Adolescent (12-17) | HowOldWereYouNarcolepsy_Adult, Adult (18-64) | HowOldWereYouNarcolepsy_OlderAdult, Older adult (65-74) | HowOldWereYouNarcolepsy_Elderly, Elderly (75+)",,,,[nervouscondition_narcolepsy_yes(NervousSystemCondition_Narcolepsy)] = '1',,,,,,
Personal and Family Health Hist,,nervoussystem_rxmedsfornarcolepsy,personal_and_family_health_history,,radio,Are you currently prescribed medications and/or receiving treatment for narcolepsy?,"RxMedsforNarcolepsy_Yes, Yes | RxMedsforNarcolepsy_No, No",,,,[nervouscondition_narcolepsy_yes(NervousSystemCondition_Narcolepsy)] = '1',,,,,,
Personal and Family Health Hist,,nervouscondition_neuropathy_yes,personal_and_family_health_history,,checkbox,"Including yourself, who in your family has had neuropathy? Select all that apply.","NervousSystemCondition_Neuropathy, Self | MotherNervousCondition_Neuropathy, Mother | FatherNervousCondition_Neuropathy, Father | SiblingNervousCondition_Neuropathy, Sibling | DaughterNervousCondition_Neuropathy, Daughter | SonNervousCondition_Neuropathy, Son | GrandparentNervousCondition_Neuropathy, Grandparent",,,,[diagnosedhealthcondition_nervouscondition(NervousCondition_Neuropathy)] = '1',,,,,,
Personal and Family Health Hist,,nervoussystem_neuropathycurrently,personal_and_family_health_history,,radio,Are you still seeing a doctor or health care provider for neuropathy?,"NeuropathyCurrently_Yes, Yes | NeuropathyCurrently_No, No",,,,[nervouscondition_neuropathy_yes(NervousSystemCondition_Neuropathy)] = '1',,,,,,
Personal and Family Health Hist,,nervoussystem_howoldwereyouneuropathy,personal_and_family_health_history,,radio,About how old were you when you were first told you had neuropathy?,"HowOldWereYouNeuropathy_Child, Child (0-11) | HowOldWereYouNeuropathy_Adolescent, Adolescent (12-17) | HowOldWereYouNeuropathy_Adult, Adult (18-64) | HowOldWereYouNeuropathy_OlderAdult, Older adult (65-74) | HowOldWereYouNeuropathy_Elderly, Elderly (75+)",,,,[nervouscondition_neuropathy_yes(NervousSystemCondition_Neuropathy)] = '1',,,,,,
Personal and Family Health Hist,,nervoussystem_rxmedsforneuropathy,personal_and_family_health_history,,radio,Are you currently prescribed medications and/or receiving treatment for neuropathy?,"RxMedsforNeuropathy_Yes, Yes | RxMedsforNeuropathy_No, No",,,,[nervouscondition_neuropathy_yes(NervousSystemCondition_Neuropathy)] = '1',,,,,,
Personal and Family Health Hist,,nervouscondition_parkinsons_yes,personal_and_family_health_history,,checkbox,"Including yourself, who in your family has had Parkinson's disease? Select all that apply.","NervousSystemCondition_ParkinsonsDisease, Self | MotherNervousCondition_Parkinsons, Mother | FatherNervousCondition_Parkinsons, Father | SiblingNervousCondition_Parkinsons, Sibling | DaughterNervousCondition_Parkinsons, Daughter | SonNervousCondition_Parkinsons, Son | GrandparentNervousCondition_Parkinsons, Grandparent",,,,[diagnosedhealthcondition_nervouscondition(NervousCondition_Parkinsons)] = '1',,,,,,
Personal and Family Health Hist,,nervoussystem_parkinsonsdiseasecurrently,personal_and_family_health_history,,radio,Are you still seeing a doctor or health care provider for Parkinson's disease?,"ParkinsonsDiseaseCurrently_Yes, Yes | ParkinsonsDiseaseCurrently_No, No",,,,[nervouscondition_parkinsons_yes(NervousSystemCondition_ParkinsonsDisease)] = '1',,,,,,
Personal and Family Health Hist,,nervoussystem_howoldwereyouparkinsonsdisease,personal_and_family_health_history,,radio,About how old were you when you were first told you had Parkinson's disease?,"HowOldWereYouParkinsonsDisease_Child, Child (0-11) | HowOldWereYouParkinsonsDisease_Adolescent, Adolescent (12-17) | HowOldWereYouParkinsonsDisease_Adult, Adult (18-64) | HowOldWereYouParkinsonsDisease_OlderAdult, Older adult (65-74) | HowOldWereYouParkinsonsDisease_Elderly, Elderly (75+)",,,,[nervouscondition_parkinsons_yes(NervousSystemCondition_ParkinsonsDisease)] = '1',,,,,,
Personal and Family Health Hist,,nervoussystem_rxmedsforparkinsonsdisease,personal_and_family_health_history,,radio,Are you currently prescribed medications and/or receiving treatment for Parkinson's disease?,"RxMedsforParkinsonsDisease_Yes, Yes | RxMedsforParkinsonsDisease_No, No",,,,[nervouscondition_parkinsons_yes(NervousSystemCondition_ParkinsonsDisease)] = '1',,,,,,
Personal and Family Health Hist,,nervouscondition_restlesslegssyndrome_yes,personal_and_family_health_history,,checkbox,"Including yourself, who in your family has had restless leg syndrome? Select all that apply.","NervousSystemCondition_RestlessLegSyndrome, Self | MotherNervousCondition_RestlessLegSyndrome, Mother | FatherNervousCondition_RestlessLegsSyndrome, Father | SiblingNervousCondition_RestlessLegsSyndrome, Sibling | DaughterNervousCondition_RestlessLegsSyndrome, Daughter | SonNervousCondition_RestlessLegsSyndrome, Son | GrandparentNervousCondition_RestlessLegsSyndrome, Grandparent",,,,[diagnosedhealthcondition_nervouscondition(NervousCondition_RestlessLegsSyndrome)] = '1',,,,,,
Personal and Family Health Hist,,nervoussystem_restlesslegcurrently,personal_and_family_health_history,,radio,Are you still seeing a doctor or health care provider for restless leg syndrome?,"RestlessLegCurrently_Yes, Yes | RestlessLegCurrently_No, No",,,,[nervouscondition_restlesslegssyndrome_yes(NervousSystemCondition_RestlessLegSyndrome)] = '1',,,,,,
Personal and Family Health Hist,,nervoussystem_howoldwereyourestlessleg,personal_and_family_health_history,,radio,About how old were you when you were first told you had restless leg syndrome?,"HowOldWereYouRestlessLeg_Child, Child (0-11) | HowOldWereYouRestlessLeg_Adolescent, Adolescent (12-17) | HowOldWereYouRestlessLeg_Adult, Adult (18-64) | HowOldWereYouRestlessLeg_OlderAdult, Older adult (65-74) | HowOldWereYouRestlessLeg_Elderly, Elderly (75+)",,,,[nervouscondition_restlesslegssyndrome_yes(NervousSystemCondition_RestlessLegSyndrome)] = '1',,,,,,
Personal and Family Health Hist,,nervoussystem_rxmedsforrestlessleg,personal_and_family_health_history,,radio,Are you currently prescribed medications and/or receiving treatment for restless leg syndrome?,"RxMedsforRestlessLeg_Yes, Yes | RxMedsforRestlessLeg_No, No",,,,[nervouscondition_restlesslegssyndrome_yes(NervousSystemCondition_RestlessLegSyndrome)] = '1',,,,,,
Personal and Family Health Hist,,nervouscondition_spinalcordinjury_yes,personal_and_family_health_history,,checkbox,"Including yourself, who in your family has had spinal cord injury or impairment? Select all that apply.","NervousSystemCondition_SpinalCordInjury, Self | MotherNervousCondition_SpinalCordInjury, Mother | FatherNervousCondition_SpinalCordInjury, Father | SiblingNervousCondition_SpinalCordInjury, Sibling | DaughterNervousCondition_SpinalCordInjury, Daughter | SonNervousCondition_SpinalCordInjury, Son | GrandparentNervousCondition_SpinalCordInjury, Grandparent",,,,[diagnosedhealthcondition_nervouscondition(NervousCondition_SpinalCordInjury)] = '1',,,,,,
Personal and Family Health Hist,,nervoussystem_spinalcordinjurycurrently,personal_and_family_health_history,,radio,Are you still seeing a doctor or health care provider for spinal cord injury or impairment?,"SpinalCordInjuryCurrently_Yes, Yes | SpinalCordInjuryCurrently_No, No",,,,[nervouscondition_spinalcordinjury_yes(NervousSystemCondition_SpinalCordInjury)] = '1',,,,,,
Personal and Family Health Hist,,nervoussystem_howoldwereyouspinalcordinjury,personal_and_family_health_history,,radio,About how old were you when you were first told you had spinal cord injury or impairment?,"HowOldWereYouSpinalCordInjury_Child, Child (0-11) | HowOldWereYouSpinalCordInjury_Adolescent, Adolescent (12-17) | HowOldWereYouSpinalCordInjury_Adult, Adult (18-64) | HowOldWereYouSpinalCordInjury_OlderAdult, Older adult (65-74) | HowOldWereYouSpinalCordInjury_Elderly, Elderly (75+)",,,,[nervouscondition_spinalcordinjury_yes(NervousSystemCondition_SpinalCordInjury)] = '1',,,,,,
Personal and Family Health Hist,,nervoussystem_rxmedsforspinalcordinjury,personal_and_family_health_history,,radio,Are you currently prescribed medications and/or receiving treatment for spinal cord injury or impairment?,"RxMedsforSpinalCordInjury_Yes, Yes | RxMedsforSpinalCordInjury_No, No",,,,[nervouscondition_spinalcordinjury_yes(NervousSystemCondition_SpinalCordInjury)] = '1',,,,,,
Personal and Family Health Hist,,nervouscondition_traumaticbraininjury_yes,personal_and_family_health_history,,checkbox,"Including yourself, who in your family has had traumatic brain injury (TBI)? Select all that apply.","NervousSystemCondition_TraumaticBrainInjury, Self | MotherNervousCondition_TraumaticBrainInjury, Mother | FatherNervousCondition_TraumaticBrainInjury, Father | SiblingNervousCondition_TraumaticBrainInjury, Sibling | DaughterNervousCondition_TraumaticBrainInjury, Daughter | SonNervousCondition_TraumaticBrainInjury, Son | GrandparentNervousCondition_TraumaticBrainInjury, Grandparent",,,,[diagnosedhealthcondition_nervouscondition(NervousCondition_TraumaticBrainInjury)] = '1',,,,,,
Personal and Family Health Hist,,nervoussystem_traumaticbraininjurycurrently,personal_and_family_health_history,,radio,Are you still seeing a doctor or health care provider for traumatic brain injury (TBI)?,"TraumaBrainInjuryCurrently_Yes, Yes | TraumaBrainInjuryCurrently_No, No",,,,[nervouscondition_traumaticbraininjury_yes(NervousSystemCondition_TraumaticBrainInjury)] = '1',,,,,,
Personal and Family Health Hist,,nervoussystem_howoldwereyoutraumabraininjury,personal_and_family_health_history,,radio,About how old were you when you were first told you had traumatic brain injury (TBI)?,"HowOldWereYouTraumaBrainInjury_Child, Child (0-11) | HowOldWereYouTraumaBrainInjury_Adolescent, Adolescent (12-17) | HowOldWereYouTraumaBrainInjury_Adult, Adult (18-64) | HowOldWereYouTraumaBrainInjury_OlderAdult, Older adult (65-74) | HowOldWereYouTraumaBrainInjury_Elderly, Elderly (75+)",,,,[nervouscondition_traumaticbraininjury_yes(NervousSystemCondition_TraumaticBrainInjury)] = '1',,,,,,
Personal and Family Health Hist,,nervoussystem_rxmedsfortraumabraininjury,personal_and_family_health_history,,radio,Are you currently prescribed medications and/or receiving treatment for traumatic brain injury (TBI)?,"RxMedsforTraumaBrainInjury_Yes, Yes | RxMedsforTraumaBrainInjury_No, No",,,,[nervouscondition_traumaticbraininjury_yes(NervousSystemCondition_TraumaticBrainInjury)] = '1',,,,,,
Personal and Family Health Hist,,nervouscondition_otherbrainnervoussystem_yes,personal_and_family_health_history,,checkbox,"Including yourself, who in your family has had other brain or nervous system condition(s)? Select all that apply.","NervousSystemCondition_OtherBrainNervousSystem, Self | MotherNervousCondition_OtherBrainNervousSystem, Mother | FatherNervousCondition_OtherBrainNervousSystem, Father | SiblingNervousCondition_OtherBrainNervousSystem, Sibling | DaughterNervousCondition_OtherBrainNervousSystem, Daughter | SonNervousCondition_OtherBrainNervousSystem, Son | grandparentnervouscondition_otherbrainnervoussyste, Grandparent",,,,[diagnosedhealthcondition_nervouscondition(NervousCondition_OtherBrainNervousSystem)] = '1',,,,,,
Personal and Family Health Hist,,otherbrainnervoussystem_freetextbox,personal_and_family_health_history,,text,Please specify the other brain or nervous system condition(s) you have had.,,,,,[nervouscondition_otherbrainnervoussystem_yes(NervousSystemCondition_OtherBrainNervousSystem)] = '1',,,,,REGISTERED_QUESTION_SUPPRESSED,CONTROLLED_QUESTION_SUPPRESSED
Personal and Family Health Hist,,otherbrainnervoussystem_motherfreetextbox,personal_and_family_health_history,,text,Please specify the other brain or nervous system condition(s) your mother has had.,,,,,[nervouscondition_otherbrainnervoussystem_yes(MotherNervousCondition_OtherBrainNervousSystem)] = '1',,,,,REGISTERED_QUESTION_SUPPRESSED,CONTROLLED_QUESTION_SUPPRESSED
Personal and Family Health Hist,,otherbrainnervoussystem_fatherfreetextbox,personal_and_family_health_history,,text,Please specify the other brain or nervous system condition(s) your father has had.,,,,,[nervouscondition_otherbrainnervoussystem_yes(FatherNervousCondition_OtherBrainNervousSystem)] = '1',,,,,REGISTERED_QUESTION_SUPPRESSED,CONTROLLED_QUESTION_SUPPRESSED
Personal and Family Health Hist,,otherbrainnervoussystem_siblingfreetextbox,personal_and_family_health_history,,text,Please specify the other brain or nervous system condition(s) your sibling(s) has had.,,,,,[nervouscondition_otherbrainnervoussystem_yes(SiblingNervousCondition_OtherBrainNervousSystem)] = '1',,,,,REGISTERED_QUESTION_SUPPRESSED,CONTROLLED_QUESTION_SUPPRESSED
Personal and Family Health Hist,,otherbrainnervoussystem_daughterfreetextbox,personal_and_family_health_history,,text,Please specify the other brain or nervous system condition(s) your daughter(s) has had.,,,,,[nervouscondition_otherbrainnervoussystem_yes(DaughterNervousCondition_OtherBrainNervousSystem)] = '1',,,,,REGISTERED_QUESTION_SUPPRESSED,CONTROLLED_QUESTION_SUPPRESSED
Personal and Family Health Hist,,otherbrainnervoussystem_sonfreetextbox,personal_and_family_health_history,,text,Please specify the other brain or nervous system condition(s) your son(s) has had.,,,,,[nervouscondition_otherbrainnervoussystem_yes(SonNervousCondition_OtherBrainNervousSystem)] = '1',,,,,REGISTERED_QUESTION_SUPPRESSED,CONTROLLED_QUESTION_SUPPRESSED
Personal and Family Health Hist,,otherbrainnervoussystem_grandparentfreetextbox,personal_and_family_health_history,,text,Please specify the other brain or nervous system condition(s) your grandparent(s) has had.,,,,,[nervouscondition_otherbrainnervoussystem_yes(grandparentnervouscondition_otherbrainnervoussyste)] = '1',,,,,REGISTERED_QUESTION_SUPPRESSED,CONTROLLED_QUESTION_SUPPRESSED
Personal and Family Health Hist,,nervoussystem_otherbrainnervoussystemcurrently,personal_and_family_health_history,,radio,Are you still seeing a doctor or health care provider for other brain or nervous system condition(s)?,"OtherBrainNervousSystemCurrently_Yes, Yes | OtherBrainNervousSystemCurrently_No, No",,,,[nervouscondition_otherbrainnervoussystem_yes(NervousSystemCondition_OtherBrainNervousSystem)] = '1',,,,,,
Personal and Family Health Hist,,nervoussystem_howoldwereyouotherbrainnervoussystem,personal_and_family_health_history,,radio,About how old were you when you were first told you had other brain or nervous system condition(s)?,"HowOldWereYouOtherBrainNervousSystem_Child, Child (0-11) | HowOldWereYouOtherBrainNervousSystem_Adolescent, Adolescent (12-17) | HowOldWereYouOtherBrainNervousSystem_Adult, Adult (18-64) | HowOldWereYouOtherBrainNervousSystem_OlderAdult, Older adult (65-74) | HowOldWereYouOtherBrainNervousSystem_Elderly, Elderly (75+)",,,,[nervouscondition_otherbrainnervoussystem_yes(NervousSystemCondition_OtherBrainNervousSystem)] = '1',,,,,,
Personal and Family Health Hist,,nervoussystem_rxmedsforotherbrainnervoussystem,personal_and_family_health_history,,radio,Are you currently prescribed medications and/or receiving treatment for other brain or nervous system condition(s)?,"RxMedsforOtherBrainNervousSystem_Yes, Yes | RxMedsforOtherBrainorNervousSystem_No, No",,,,[nervouscondition_otherbrainnervoussystem_yes(NervousSystemCondition_OtherBrainNervousSystem)] = '1',,,,,,
Personal and Family Health Hist,,diagnosedhealthcondition_mentalcondition,personal_and_family_health_history,Mental Health and Substance Use Conditions,checkbox,Have you or anyone in your family ever been diagnosed with the following mental health or substance use conditions? Think only of the people you are related to by blood. Select all that apply.,"MentalCondition_AlcoholUse, Alcohol use disorder | MentalCondition_AnxietyPanic, Anxiety reaction/panic disorder | MentalCondition_ADHD, Attention-deficit/hyperactivity disorder (ADHD) | MentalCondition_Autism, Autism spectrum disorder | MentalCondition_Bipolar, Bipolar disorder | MentalCondition_Depression, Depression | MentalCondition_DrugUse, Drug use disorder | MentalCondition_EatingDisorder, Eating disorder | MentalCondition_PersonalityDisorder, Personality disorder | MentalCondition_PTSD, Post-traumatic stress disorder (PTSD) | MentalCondition_Schizophrenia, Schizophrenia | MentalCondition_SocialPhobia, Social phobia | MentalCondition_OtherMentalHealthSubstanceUse, Other mental health or substance use condition | PMI_None, None of the above | PMI_DontKnow, Don't know | PMI_PreferNotToAnswer, Prefer not to answer",,,,,,,,,,
Personal and Family Health Hist,,mentalcondition_alcoholuse_yes,personal_and_family_health_history,,checkbox,"Including yourself, who in your family has had alcohol use disorder? Select all that apply.","MentalHealthCondition_AlcoholUse, Self | MotherMentalCondition_AlcoholUse, Mother | FatherMentalCondition_AlcoholUse, Father | SiblingMentalCondition_AlcoholUse, Sibling | DaughterMentalCondition_AlcoholUse, Daughter | SonMentalCondition_AlcoholUse, Son | GrandparentMentalCondition_AlcoholUse, Grandparent",,,,[diagnosedhealthcondition_mentalcondition(MentalCondition_AlcoholUse)] = '1',,,,,,
Personal and Family Health Hist,,mentalhealth_alcoholdisordercurrently,personal_and_family_health_history,,radio,Are you still seeing a doctor or health care provider for alcohol use disorder?,"AlcoholOrDrugCurrently_Yes, Yes | AlcoholOrDrugCurrently_No, No",,,,[mentalcondition_alcoholuse_yes(MentalHealthCondition_AlcoholUse)] = '1',,,,,,
Personal and Family Health Hist,,mentalhealth_howoldwereyoualcoholdisorder,personal_and_family_health_history,,radio,About how old were you when you were first told you had alcohol use disorder?,"HowOldWereYouAlcoholDisorder_Child, Child (0-11) | HowOldWereYouAlcoholDisorder_Adolescent, Adolescent (12-17) | HowOldWereYouAlcoholDisorder_Adult, Adult (18-64) | HowOldWereYouAlcoholDisorder_OlderAdult, Older adult (65-74) | HowOldWereYouAlcoholDisorder_Elderly, Elderly (75+)",,,,[mentalcondition_alcoholuse_yes(MentalHealthCondition_AlcoholUse)] = '1',,,,,,
Personal and Family Health Hist,,mentalhealth_rxmedsforalcoholdisorder,personal_and_family_health_history,,radio,Are you currently prescribed medications and/or receiving treatment for alcohol use disorder?,"RxMedsforAlcoholOrDrug_Yes, Yes | RxMedsforAlcoholOrDrug_No, No",,,,[mentalcondition_alcoholuse_yes(MentalHealthCondition_AlcoholUse)] = '1',,,,,,
Personal and Family Health Hist,,mentalcondition_anxietypanic_yes,personal_and_family_health_history,,checkbox,"Including yourself, who in your family has had anxiety reaction/panic disorder? Select all that apply.","MentalHealthCondition_Anxiety, Self | MotherMentalCondition_AnxietyPanic, Mother | FatherMentalCondition_AnxietyPanic, Father | SiblingMentalCondition_AnxietyPanic, Sibling | DaughterMentalCondition_AnxietyPanic, Daughter | SonMentalCondition_AnxietyPanic, Son | GrandparentMentalCondition_AnxietyPanic, Grandparent",,,,[diagnosedhealthcondition_mentalcondition(MentalCondition_AnxietyPanic)] = '1',,,,,,
Personal and Family Health Hist,,mentalhealth_anxietycurrently,personal_and_family_health_history,,radio,Are you still seeing a doctor or health care provider for anxiety reaction/panic disorder?,"AnxietyCurrently_Yes, Yes | AnxietyCurrently_No, No",,,,[mentalcondition_anxietypanic_yes(MentalHealthCondition_Anxiety)] = '1',,,,,,
Personal and Family Health Hist,,mentalhealth_howoldwereyouanxiety,personal_and_family_health_history,,radio,About how old were you when you were first told you had anxiety reaction/panic disorder?,"HowOldWereYouAnxiety_Child, Child (0-11) | HowOldWereYouAnxiety_Adolescent, Adolescent (12-17) | HowOldWereYouAnxiety_Adult, Adult (18-64) | HowOldWereYouAnxiety_OlderAdult, Older adult (65-74) | HowOldWereYouAnxiety_Elderly, Elderly (75+)",,,,[mentalcondition_anxietypanic_yes(MentalHealthCondition_Anxiety)] = '1',,,,,,
Personal and Family Health Hist,,mentalhealth_rxmedsforanxiety,personal_and_family_health_history,,radio,Are you currently prescribed medications and/or receiving treatment for anxiety reaction/panic disorder?,"RxMedsforAnxiety_Yes, Yes | RxMedsforAnxiety_No, No",,,,[mentalcondition_anxietypanic_yes(MentalHealthCondition_Anxiety)] = '1',,,,,,
Personal and Family Health Hist,,mentalcondition_adhd_yes,personal_and_family_health_history,,checkbox,"Including yourself, who in your family has had attention-deficit/hyperactivity disorder (ADHD)? Select all that apply.","MentalHealthCondition_ADHD, Self | MotherMentalCondition_ADHD, Mother | FatherMentalCondition_ADHD, Father | SiblingMentalCondition_ADHD, Sibling | DaughterMentalCondition_ADHD, Daughter | SonMentalCondition_ADHD, Son | GrandparentMentalCondition_ADHD, Grandparent",,,,[diagnosedhealthcondition_mentalcondition(MentalCondition_ADHD)] = '1',,,,,,
Personal and Family Health Hist,,mentalhealth_adhdcurrently,personal_and_family_health_history,,radio,Are you still seeing a doctor or health care provider for attention-deficit/hyperactivity disorder (ADHD)?,"ADHDCurrently_Yes, Yes | ADHDCurrently_No, No",,,,[mentalcondition_adhd_yes(MentalHealthCondition_ADHD)] = '1',,,,,,
Personal and Family Health Hist,,mentalhealth_howoldwereyouadhd,personal_and_family_health_history,,radio,About how old were you when you were first told you had attention-deficit/hyperactivity disorder (ADHD)?,"HowOldWereYouADHD_Child, Child (0-11) | HowOldWereYouADHD_Adolescent, Adolescent (12-17) | HowOldWereYouADHD_Adult, Adult (18-64) | HowOldWereYouADHD_OlderAdult, Older adult (65-74) | HowOldWereYouADHD_Elderly, Elderly (75+)",,,,[mentalcondition_adhd_yes(MentalHealthCondition_ADHD)] = '1',,,,,,
Personal and Family Health Hist,,mentalhealth_rxmedsforadhd,personal_and_family_health_history,,radio,Are you currently prescribed medications and/or receiving treatment for attention-deficit/hyperactivity disorder (ADHD)?,"RxMedsforADHD_Yes, Yes | RxMedsforADHD_No, No",,,,[mentalcondition_adhd_yes(MentalHealthCondition_ADHD)] = '1',,,,,,
Personal and Family Health Hist,,mentalcondition_autism_yes,personal_and_family_health_history,,checkbox,"Including yourself, who in your family has had autism spectrum disorder? Select all that apply.","MentalHealthCondition_AutismSpectrum, Self | MotherMentalCondition_Autism, Mother | FatherMentalCondition_Autism, Father | SiblingMentalCondition_Autism, Sibling | DaughterMentalCondition_Autism, Daughter | SonMentalCondition_Autism, Son | GrandparentMentalCondition_Autism, Grandparent",,,,[diagnosedhealthcondition_mentalcondition(MentalCondition_Autism)] = '1',,,,,,
Personal and Family Health Hist,,mentalhealth_autismcurrently,personal_and_family_health_history,,radio,Are you still seeing a doctor or health care provider for autism spectrum disorder?,"AutismCurrently_Yes, Yes | AutismCurrently_No, No",,,,[mentalcondition_autism_yes(MentalHealthCondition_AutismSpectrum)] = '1',,,,,,
Personal and Family Health Hist,,mentalhealth_howoldwereyouautism,personal_and_family_health_history,,radio,About how old were you when you were first told you had autism spectrum disorder?,"HowOldWereYouAutism_Child, Child (0-11) | HowOldWereYouAutism_Adolescent, Adolescent (12-17) | HowOldWereYouAutism_Adult, Adult (18-64) | HowOldWereYouAutism_OlderAdult, Older adult (65-74) | HowOldWereYouAutism_Elderly, Elderly (75+)",,,,[mentalcondition_autism_yes(MentalHealthCondition_AutismSpectrum)] = '1',,,,,,
Personal and Family Health Hist,,mentalhealth_rxmedsforautism,personal_and_family_health_history,,radio,Are you currently prescribed medications and/or receiving treatment for autism spectrum disorder?,"RxMedsforAutism_Yes, Yes | RxMedsforAutism_No, No",,,,[mentalcondition_autism_yes(MentalHealthCondition_AutismSpectrum)] = '1',,,,,,
Personal and Family Health Hist,,mentalcondition_bipolar_yes,personal_and_family_health_history,,checkbox,"Including yourself, who in your family has had bipolar disorder? Select all that apply.","MentalHealthCondition_Bipolar, Self | MotherMentalCondition_Bipolar, Mother | FatherMentalCondition_Bipolar, Father | SiblingMentalCondition_Bipolar, Sibling | DaughterMentalCondition_Bipolar, Daughter | SonMentalCondition_Bipolar, Son | GrandparentMentalCondition_Bipolar, Grandparent",,,,[diagnosedhealthcondition_mentalcondition(MentalCondition_Bipolar)] = '1',,,,,,
Personal and Family Health Hist,,mentalhealth_bipolarcurrently,personal_and_family_health_history,,radio,Are you still seeing a doctor or health care provider for bipolar disorder?,"BipolarCurrently_Yes, Yes | BipolarCurrently_No, No",,,,[mentalcondition_bipolar_yes(MentalHealthCondition_Bipolar)] = '1',,,,,,
Personal and Family Health Hist,,mentalhealth_howoldwereyoubipolar,personal_and_family_health_history,,radio,About how old were you when you were first told you had bipolar disorder?,"HowOldWereYouBipolar_Child, Child (0-11) | HowOldWereYouBipolar_Adolescent, Adolescent (12-17) | HowOldWereYouBipolar_Adult, Adult (18-64) | HowOldWereYouBipolar_OlderAdult, Older adult (65-74) | HowOldWereYouBipolar_Elderly, Elderly (75+)",,,,[mentalcondition_bipolar_yes(MentalHealthCondition_Bipolar)] = '1',,,,,,
Personal and Family Health Hist,,mentalhealth_rxmedsforbipolar,personal_and_family_health_history,,radio,Are you currently prescribed medications and/or receiving treatment for bipolar disorder?,"RxMedsforBipolar_Yes, Yes | RxMedsforBipolar_No, No",,,,[mentalcondition_bipolar_yes(MentalHealthCondition_Bipolar)] = '1',,,,,,
Personal and Family Health Hist,,mentalcondition_depression_yes,personal_and_family_health_history,,checkbox,"Including yourself, who in your family has had depression? Select all that apply.","MentalHealthCondition_Depression, Self | MotherMentalCondition_Depression, Mother | FatherMentalCondition_Depression, Father | SiblingMentalCondition_Depression, Sibling | DaughterMentalCondition_Depression, Daughter | SonMentalCondition_Depression, Son | GrandparentMentalCondition_Depression, Grandparent",,,,[diagnosedhealthcondition_mentalcondition(MentalCondition_Depression)] = '1',,,,,,
Personal and Family Health Hist,,mentalhealth_depressioncurrently,personal_and_family_health_history,,radio,Are you still seeing a doctor or health care provider for depression?,"DepressionCurrently_Yes, Yes | DepressionCurrently_No, No",,,,[mentalcondition_depression_yes(MentalHealthCondition_Depression)] = '1',,,,,,
Personal and Family Health Hist,,mentalhealth_howoldwereyoudepression,personal_and_family_health_history,,radio,About how old were you when you were first told you had depression?,"HowOldWereYouDepression_Child, Child (0-11) | HowOldWereYouDepression_Adolescent, Adolescent (12-17) | HowOldWereYouDepression_Adult, Adult (18-64) | HowOldWereYouDepression_OlderAdult, Older adult (65-74) | HowOldWereYouDepression_Elderly, Elderly (75+)",,,,[mentalcondition_depression_yes(MentalHealthCondition_Depression)] = '1',,,,,,
Personal and Family Health Hist,,mentalhealth_rxmedsfordepression,personal_and_family_health_history,,radio,Are you currently prescribed medications and/or receiving treatment for depression?,"RxMedsforDepression_Yes, Yes | RxMedsforDepression_No, No",,,,[mentalcondition_depression_yes(MentalHealthCondition_Depression)] = '1',,,,,,
Personal and Family Health Hist,,mentalcondition_druguse_yes,personal_and_family_health_history,,checkbox,"Including yourself, who in your family has had a drug use disorder? Select all that apply.","MentalHealthCondition_DrugUse, Self | MotherMentalCondition_DrugUse, Mother | FatherMentalCondition_DrugUse, Father | SiblingMentalCondition_DrugUse, Sibling | DaughterMentalCondition_DrugUse, Daughter | SonMentalCondition_DrugUse, Son | GrandparentMentalCondition_DrugUse, Grandparent",,,,[diagnosedhealthcondition_mentalcondition(MentalCondition_DrugUse)] = '1',,,,,,
Personal and Family Health Hist,,mentalhealth_drugusedisordercurrently,personal_and_family_health_history,,radio,Are you still seeing a doctor or health care provider for a drug use disorder?,"DrugUseDisorderCurrently_Yes, Yes | DrugUseDisorderCurrently_No, No",,,,[mentalcondition_druguse_yes(MentalHealthCondition_DrugUse)] = '1',,,,,,
Personal and Family Health Hist,,mentalhealth_howoldwereyoudrugusedisorder,personal_and_family_health_history,,radio,About how old were you when you were first told you had a drug use disorder?,"HowOldWereYouDrugUseDisorder_Child, Child (0-11) | HowOldWereYouDrugUseDisorder_Adolescent, Adolescent (12-17) | HowOldWereYouDrugUseDisorder_Adult, Adult (18-64) | HowOldWereYouDrugUseDisorder_OlderAdult, Older adult (65-74) | HowOldWereYouDrugUseDisorder_Elderly, Elderly (75+)",,,,[mentalcondition_druguse_yes(MentalHealthCondition_DrugUse)] = '1',,,,,,
Personal and Family Health Hist,,mentalhealth_rxmedsfordrugusedisorder,personal_and_family_health_history,,radio,Are you currently prescribed medications and/or receiving treatment for a drug use disorder?,"RxMedsforDrugUseDisorder_Yes, Yes | RxMedsforDrugUseDisorder_No, No",,,,[mentalcondition_druguse_yes(MentalHealthCondition_DrugUse)] = '1',,,,,,
Personal and Family Health Hist,,mentalcondition_eatingdisorder_yes,personal_and_family_health_history,,checkbox,"Including yourself, who in your family has had an eating disorder? Select all that apply.","MentalHealthCondition_EatingDisorder, Self | MotherMentalCondition_EatingDisorder, Mother | FatherMentalCondition_EatingDisorder, Father | SiblingMentalCondition_EatingDisorder, Sibling | DaughterMentalCondition_EatingDisorder, Daughter | SonMentalCondition_EatingDisorder, Son | GrandparentMentalCondition_EatingDisorder, Grandparent",,,,[diagnosedhealthcondition_mentalcondition(MentalCondition_EatingDisorder)] = '1',,,,,,
Personal and Family Health Hist,,mentalhealth_eatingdisordercurrently,personal_and_family_health_history,,radio,"Are you still seeing a doctor or health care provider for an eating disorder?
","EatingDisorderCurrently_Yes, Yes | EatingDisorderCurrently_No, No",,,,[mentalcondition_eatingdisorder_yes(MentalHealthCondition_EatingDisorder)] = '1',,,,,,
Personal and Family Health Hist,,mentalhealth_howoldwereyoueatingdisorder,personal_and_family_health_history,,radio,"About how old were you when you were first told you had an eating disorder?
","HowOldWereYouEatingDisorder_Child, Child (0-11) | HowOldWereYouEatingDisorder_Adolescent, Adolescent (12-17) | HowOldWereYouEatingDisorder_Adult, Adult (18-64) | HowOldWereYouEatingDisorder_OlderAdult, Older adult (65-74) | HowOldWereYouEatingDisorder_Elderly, Elderly (75+)",,,,[mentalcondition_eatingdisorder_yes(MentalHealthCondition_EatingDisorder)] = '1',,,,,,
Personal and Family Health Hist,,mentalhealth_rxmedsforeatingdisorder,personal_and_family_health_history,,radio,"Are you currently prescribed medications and/or receiving treatment for an eating disorder?
","RxMedsforEatingDisorder_Yes, Yes | RxMedsforEatingDisorder_No, No",,,,[mentalcondition_eatingdisorder_yes(MentalHealthCondition_EatingDisorder)] = '1',,,,,,
Personal and Family Health Hist,,mentalcondition_personalitydisorder_yes,personal_and_family_health_history,,checkbox,"Including yourself, who in your family has had a personality disorder? Select all that apply.","MentalHealthCondition_PersonalityDisorder, Self | MotherMentalCondition_PersonalityDisorder, Mother | FatherMentalCondition_PersonalityDisorder, Father | SiblingMentalCondition_PersonalityDisorder, Sibling | DaughterMentalCondition_PersonalityDisorder, Daughter | SonMentalCondition_PersonalityDisorder, Son | GrandparentMentalCondition_PersonalityDisorder, Grandparent",,,,[diagnosedhealthcondition_mentalcondition(MentalCondition_PersonalityDisorder)] = '1',,,,,,
Personal and Family Health Hist,,mentalhealth_personalitydisordercurrently,personal_and_family_health_history,,radio,Are you still seeing a doctor or health care provider for a personality disorder?,"PersonalityDisorderCurrently_Yes, Yes | PersonalityDisorderCurrently_No, No",,,,[mentalcondition_personalitydisorder_yes(MentalHealthCondition_PersonalityDisorder)] = '1',,,,,,
Personal and Family Health Hist,,mentalhealth_howoldwereyoupersonalitydisorder,personal_and_family_health_history,,radio,About how old were you when you were first told you had a personality disorder?,"HowOldWereYouPersonalityDisorder_Child, Child (0-11) | HowOldWereYouPersonalityDisorder_Adolescent, Adolescent (12-17) | HowOldWereYouPersonalityDisorder_Adult, Adult (18-64) | HowOldWereYouPersonalityDisorder_OlderAdult, Older adult (65-74) | HowOldWereYouPersonalityDisorder_Elderly, Elderly (75+)",,,,[mentalcondition_personalitydisorder_yes(MentalHealthCondition_PersonalityDisorder)] = '1',,,,,,
Personal and Family Health Hist,,mentalhealth_rxmedsforpersonalitydisorder,personal_and_family_health_history,,radio,Are you currently prescribed medications and/or receiving treatment for a personality disorder?,"RxMedsforPersonalityDisorder_Yes, Yes | RxMedsforPersonalityDisorder_No, No",,,,[mentalcondition_personalitydisorder_yes(MentalHealthCondition_PersonalityDisorder)] = '1',,,,,,
Personal and Family Health Hist,,mentalcondition_ptsd_yes,personal_and_family_health_history,,checkbox,"Including yourself, who in your family has had post-traumatic stress disorder (PTSD)? Select all that apply.","MentalHealthCondition_PTSD, Self | MotherMentalCondition_PTSD, Mother | FatherMentalCondition_PTSD, Father | SiblingMentalCondition_PTSD, Sibling | DaughterMentalCondition_PTSD, Daughter | SonMentalCondition_PTSD, Son | GrandparentMentalCondition_PTSD, Grandparent",,,,[diagnosedhealthcondition_mentalcondition(MentalCondition_PTSD)] = '1',,,,,,
Personal and Family Health Hist,,mentalhealth_ptsdcurrently,personal_and_family_health_history,,radio,Are you still seeing a doctor or health care provider for post-traumatic stress disorder (PTSD)?,"PTSDCurrently_Yes, Yes | PTSDCurrently_No, No",,,,[mentalcondition_ptsd_yes(MentalHealthCondition_PTSD)] = '1',,,,,,
Personal and Family Health Hist,,mentalhealth_howoldwereyouptsd,personal_and_family_health_history,,radio,About how old were you when you were first told you had post-traumatic stress disorder (PTSD)?,"HowOldWereYouPTSD_Child, Child (0-11) | HowOldWereYouPTSD_Adolescent, Adolescent (12-17) | HowOldWereYouPTSD_Adult, Adult (18-64) | HowOldWereYouPTSD_OlderAdult, Older adult (65-74) | HowOldWereYouPTSD_Elderly, Elderly (75+)",,,,[mentalcondition_ptsd_yes(MentalHealthCondition_PTSD)] = '1',,,,,,
Personal and Family Health Hist,,mentalhealth_rxmedsforptsd,personal_and_family_health_history,,radio,Are you currently prescribed medications and/or receiving treatment for post-traumatic stress disorder (PTSD)?,"RxMedsforPTSD_Yes, Yes | RxMedsforPTSD_No, No",,,,[mentalcondition_ptsd_yes(MentalHealthCondition_PTSD)] = '1',,,,,,
Personal and Family Health Hist,,mentalcondition_schizophrenia_yes,personal_and_family_health_history,,checkbox,"Including yourself, who in your family has had schizophrenia? Select all that apply.","MentalHealthCondition_Schizophrenia, Self | MotherMentalCondition_Schizophrenia, Mother | FatherMentalCondition_Schizophrenia, Father | SiblingMentalCondition_Schizophrenia, Sibling | DaughterMentalCondition_Schizophrenia, Daughter | SonMentalCondition_Schizophrenia, Son | GrandparentMentalCondition_Schizophrenia, Grandparent",,,,[diagnosedhealthcondition_mentalcondition(MentalCondition_Schizophrenia)] = '1',,,,,,
Personal and Family Health Hist,,mentalhealth_schizophreniacurrently,personal_and_family_health_history,,radio,Are you still seeing a doctor or health care provider for schizophrenia?,"SchizophreniaCurrently_Yes, Yes | SchizophreniaCurrently_No, No",,,,[mentalcondition_schizophrenia_yes(MentalHealthCondition_Schizophrenia)] = '1',,,,,,
Personal and Family Health Hist,,mentalhealth_howoldwereyouschizophrenia,personal_and_family_health_history,,radio,About how old were you when you were first told you had schizophrenia?,"HowOldWereYouSchizophrenia_Child, Child (0-11) | HowOldWereYouSchizophrenia_Adolescent, Adolescent (12-17) | HowOldWereYouSchizophrenia_Adult, Adult (18-64) | HowOldWereYouSchizophrenia_OlderAdult, Older adult (65-74) | HowOldWereYouSchizophrenia_Elderly, Elderly (75+)",,,,[mentalcondition_schizophrenia_yes(MentalHealthCondition_Schizophrenia)] = '1',,,,,,
Personal and Family Health Hist,,mentalhealth_rxmedsforschizophrenia,personal_and_family_health_history,,radio,Are you currently prescribed medications and/or receiving treatment for schizophrenia?,"RxMedsforSchizophrenia_Yes, Yes | RxMedsforSchizophrenia_No, No",,,,[mentalcondition_schizophrenia_yes(MentalHealthCondition_Schizophrenia)] = '1',,,,,,
Personal and Family Health Hist,,mentalcondition_socialphobia_yes,personal_and_family_health_history,,checkbox,"Including yourself, who in your family has had a social phobia? Select all that apply.","MentalHealthCondition_SocialPhobia, Self | MotherMentalCondition_SocialPhobia, Mother | FatherMentalCondition_SocialPhobia, Father | SiblingMentalCondition_SocialPhobia, Sibling | DaughterMentalCondition_SocialPhobia, Daughter | SonMentalCondition_SocialPhobia, Son | GrandparentMentalCondition_SocialPhobia, Grandparent",,,,[diagnosedhealthcondition_mentalcondition(MentalCondition_SocialPhobia)] = '1',,,,,,
Personal and Family Health Hist,,mentalhealth_socialphobiacurrently,personal_and_family_health_history,,radio,Are you still seeing a doctor or health care provider for a social phobia?,"SocialPhobiaCurrently_Yes, Yes | SocialPhobiaCurrently_No, No",,,,[mentalcondition_socialphobia_yes(MentalHealthCondition_SocialPhobia)] = '1',,,,,,
Personal and Family Health Hist,,mentalhealth_howoldwereyousocialphobia,personal_and_family_health_history,,radio,About how old were you when you were first told you had a social phobia?,"HowOldWereYouSocialPhobia_Child, Child (0-11) | HowOldWereYouSocialPhobia_Adolescent, Adolescent (12-17) | HowOldWereYouSocialPhobia_Adult, Adult (18-64) | HowOldWereYouSocialPhobia_OlderAdult, Older adult (65-74) | HowOldWereYouSocialPhobia_Elderly, Elderly (75+)",,,,[mentalcondition_socialphobia_yes(MentalHealthCondition_SocialPhobia)] = '1',,,,,,
Personal and Family Health Hist,,mentalhealth_rxmedsforsocialphobia,personal_and_family_health_history,,radio,Are you currently prescribed medications and/or receiving treatment for a social phobia?,"RxMedsforSocialPhobia_Yes, Yes | RxMedsforSocialPhobia_No, No",,,,[mentalcondition_socialphobia_yes(MentalHealthCondition_SocialPhobia)] = '1',,,,,,
Personal and Family Health Hist,,mentalcondition_othermentalhealthsubstanceuse_yes,personal_and_family_health_history,,checkbox,"Including yourself, who in your family has had other mental or substance use condition? Select all that apply.","MentalHealthCondition_OtherMentalHealthSubstanceUse, Self | mothermentalcondition_othermentalhealthsubstanceus, Mother | fathermentalcondition_othermentalhealthsubstanceus, Father | siblingmentalcondition_othermentalhealthsubstanceu, Sibling | daughtermentalcondition_othermentalhealthsubstance, Daughter | SonMentalCondition_OtherMentalHealthSubstanceUse, Son | grandparentmentalcondition_othermentalhealthsubsta, Grandparent",,,,[diagnosedhealthcondition_mentalcondition(MentalCondition_OtherMentalHealthSubstanceUse)] = '1',,,,,,
Personal and Family Health Hist,,othermentalhealthsubstanceuse_freetextbox,personal_and_family_health_history,,text,Please specify the other mental health or substance use condition(s) you have had.,,,,,[mentalcondition_othermentalhealthsubstanceuse_yes(MentalHealthCondition_OtherMentalHealthSubstanceUse)] = '1',,,,,REGISTERED_QUESTION_SUPPRESSED,CONTROLLED_QUESTION_SUPPRESSED
Personal and Family Health Hist,,othermentalhealthsubstanceuse_motherfreetextbox,personal_and_family_health_history,,text,Please specify the other mental health or substance use condition(s) your mother has had.,,,,,[mentalcondition_othermentalhealthsubstanceuse_yes(mothermentalcondition_othermentalhealthsubstanceus)] = '1',,,,,REGISTERED_QUESTION_SUPPRESSED,CONTROLLED_QUESTION_SUPPRESSED
Personal and Family Health Hist,,othermentalhealthsubstanceuse_fatherfreetextbox,personal_and_family_health_history,,text,Please specify the other mental health or substance use condition(s) your father has had.,,,,,[mentalcondition_othermentalhealthsubstanceuse_yes(fathermentalcondition_othermentalhealthsubstanceus)] = '1',,,,,REGISTERED_QUESTION_SUPPRESSED,CONTROLLED_QUESTION_SUPPRESSED
Personal and Family Health Hist,,othermentalhealthsubstanceuse_siblingfreetextbox,personal_and_family_health_history,,text,Please specify the other mental health or substance use condition(s) your sibling(s) has had.,,,,,[mentalcondition_othermentalhealthsubstanceuse_yes(siblingmentalcondition_othermentalhealthsubstanceu)] = '1',,,,,REGISTERED_QUESTION_SUPPRESSED,CONTROLLED_QUESTION_SUPPRESSED
Personal and Family Health Hist,,othermentalhealthsubstanceuse_daughterfreetextbox,personal_and_family_health_history,,text,Please specify the other mental health or substance use condition(s) your daughter(s) has had.,,,,,[mentalcondition_othermentalhealthsubstanceuse_yes(daughtermentalcondition_othermentalhealthsubstance)] = '1',,,,,REGISTERED_QUESTION_SUPPRESSED,CONTROLLED_QUESTION_SUPPRESSED
Personal and Family Health Hist,,othermentalhealthsubstanceuse_sonfreetextbox,personal_and_family_health_history,,text,Please specify the other mental health or substance use condition(s) your son(s) has had.,,,,,[mentalcondition_othermentalhealthsubstanceuse_yes(SonMentalCondition_OtherMentalHealthSubstanceUse)] = '1',,,,,REGISTERED_QUESTION_SUPPRESSED,CONTROLLED_QUESTION_SUPPRESSED
Personal and Family Health Hist,,othermentalhealthsubstanceuse_grandparentfreetextb,personal_and_family_health_history,,text,Please specify the other mental health or substance use condition(s) your grandparent(s) has had.,,,,,[mentalcondition_othermentalhealthsubstanceuse_yes(grandparentmentalcondition_othermentalhealthsubsta)] = '1',,,,,REGISTERED_QUESTION_SUPPRESSED,CONTROLLED_QUESTION_SUPPRESSED
Personal and Family Health Hist,,mentalhealth_othermentalhealthsubstanceusecurrently,personal_and_family_health_history,,radio,Are you still seeing a doctor or health care provider for other mental health or substance use condition(s)?,"OtherMentalHealthSubstanceUseCurrently_Yes, Yes | OtherMentalHealthSubstanceUseCurrently_No, No",,,,[mentalcondition_othermentalhealthsubstanceuse_yes(MentalHealthCondition_OtherMentalHealthSubstanceUse)] = '1',,,,,,
Personal and Family Health Hist,,mentalhealth_howoldwereyouothermentalhealthsubstanceuse,personal_and_family_health_history,,radio,About how old were you when you were first told you had other mental health or substance use condition(s)?,"HowOldWereYouOtherMentalHealthSubstanceUse_Child, Child (0-11) | HowOldWereYouOtherMentalHealthSubstanceUse_Adolescent, Adolescent (12-17) | HowOldWereYouOtherMentalHealthSubstanceUse_Adult, Adult (18-64) | HowOldWereYouOtherMentalHealthSubstanceUse_OlderAdult, Older adult (65-74) | HowOldWereYouOtherMentalHealthSubstanceUse_Elderly, Elderly (75+)",,,,[mentalcondition_othermentalhealthsubstanceuse_yes(MentalHealthCondition_OtherMentalHealthSubstanceUse)] = '1',,,,,,
Personal and Family Health Hist,,mentalhealth_rxmedsforothermentalhealthsubstanceuse,personal_and_family_health_history,,radio,Are you currently prescribed medications and/or receiving treatment for other mental health or substance use condition(s)?,"RxMedsforOtherMentalHealthSubstanceUse_Yes, Yes | RxMedsforOtherMentalHealthSubstanceUse_No, No",,,,[mentalcondition_othermentalhealthsubstanceuse_yes(MentalHealthCondition_OtherMentalHealthSubstanceUse)] = '1',,,,,,
Personal and Family Health Hist,,diagnosedhealthcondition_skeletalmuscularcondition,personal_and_family_health_history,"Bone, Joint, and Muscle Conditions",checkbox,"Have you or anyone in your family ever been diagnosed with the following bone, joint, and muscle conditions? Think only of the people you are related to by blood. Select all that apply.","SkeletalMuscularCondition_CarpalTunnel, Carpal tunnel syndrome | SkeletalMuscularCondition_Fibromyalgia, Fibromyalgia | SkeletalMuscularCondition_FracturedBrokenBone, Fractured/broken any bones in the last 5 years | SkeletalMuscularCondition_Gout, Gout | SkeletalMuscularCondition_Osteoarthritis, Osteoarthritis | SkeletalMuscularCondition_Osteoporosis, Osteoporosis | SkeletalMuscularCondition_Pseudogout, Pseudogout (CPPD) | SkeletalMuscularCondition_RheumatoidArthritis, Rheumatoid arthritis (RA) | SkeletalMuscularCondition_SpineMuscleBone, Spine, muscle, or bone disorders (non-cancer) | SkeletalMuscularCondition_SystemicLupus, Systemic lupus | SkeletalMuscularCondition_OtherArthritis, Other arthritis | SkeletalMuscularCondition_OtherBoneJointMuscle, Other bone, joint, or muscle condition | PMI_None, None of the above | PMI_DontKnow, Don't know | PMI_PreferNotToAnswer, Prefer not to answer",,,,,,,,,,
Personal and Family Health Hist,,skeletalmuscularcondition_carpaltunnel_yes,personal_and_family_health_history,,checkbox,"Including yourself, who in your family has had carpal tunnel syndrome? Select all that apply.","SkeletalMuscularConditions_CarpalTunnel, Self | MotherSkeletalMuscularCondition_CarpalTunnel, Mother | FatherSkeletalMuscularCondition_CarpalTunnel, Father | SiblingSkeletalMuscularCondition_CarpalTunnel, Sibling | DaughterSkeletalMuscularCondition_CarpalTunnel, Daughter | SonSkeletalMuscularCondition_CarpalTunnel, Son | GrandparentSkeletalMuscularCondition_CarpalTunnel, Grandparent",,,,[diagnosedhealthcondition_skeletalmuscularcondition(SkeletalMuscularCondition_CarpalTunnel)] = '1',,,,,,
Personal and Family Health Hist,,skeletalmuscular_carpaltunnelcurrently,personal_and_family_health_history,,radio,Are you still seeing a doctor or health care provider for carpal tunnel syndrome?,"CarpalTunnelCurrently_Yes, Yes | CarpalTunnelCurrently_No, No",,,,[skeletalmuscularcondition_carpaltunnel_yes(SkeletalMuscularConditions_CarpalTunnel)] = '1',,,,,,
Personal and Family Health Hist,,skeletalmuscular_howoldwereyoucarpaltunnel,personal_and_family_health_history,,radio,About how old were you when you were first told you had carpal tunnel syndrome?,"HowOldWereYouCarpalTunnel_Child, Child (0-11) | HowOldWereYouCarpalTunnel_Adolescent, Adolescent (12-17) | HowOldWereYouCarpalTunnel_Adult, Adult (18-64) | HowOldWereYouCarpalTunnel_OlderAdult, Older adult (65-74) | HowOldWereYouCarpalTunnel_Elderly, Elderly (75+)",,,,[skeletalmuscularcondition_carpaltunnel_yes(SkeletalMuscularConditions_CarpalTunnel)] = '1',,,,,,
Personal and Family Health Hist,,skeletalmuscular_rxmedsforcarpaltunnel,personal_and_family_health_history,,radio,Are you currently prescribed medications and/or receiving treatment for carpal tunnel syndrome?,"RxMedsforCarpalTunnel_Yes, Yes | RxMedsforCarpalTunnel_No, No",,,,[skeletalmuscularcondition_carpaltunnel_yes(SkeletalMuscularConditions_CarpalTunnel)] = '1',,,,,,
Personal and Family Health Hist,,skeletalmuscularcondition_fibromyalgia_yes,personal_and_family_health_history,,checkbox,"Including yourself, who in your family has had fibromyalgia? Select all that apply.","SkeletalMuscularConditions_Fibromyalgia, Self | MotherSkeletalMuscularCondition_Fibromyalgia, Mother | FatherSkeletalMuscularCondition_Fibromyalgia, Father | SiblingSkeletalMuscularCondition_Fibromyalgia, Sibling | DaughterSkeletalMuscularCondition_Fibromyalgia, Daughter | SonSkeletalMuscularCondition_Fibromyalgia, Son | GrandparentSkeletalMuscularCondition_Fibromyalgia, Grandparent",,,,[diagnosedhealthcondition_skeletalmuscularcondition(SkeletalMuscularCondition_Fibromyalgia)] = '1',,,,,,
Personal and Family Health Hist,,skeletalmuscular_fibromyalgiacurrently,personal_and_family_health_history,,radio,Are you still seeing a doctor or health care provider for fibromyalgia?,"FibromyalgiaCurrently_Yes, Yes | FibromyalgiaCurrently_No, No",,,,[skeletalmuscularcondition_fibromyalgia_yes(SkeletalMuscularConditions_Fibromyalgia)] = '1',,,,,,
Personal and Family Health Hist,,skeletalmuscular_howoldwereyoufibromyalgia,personal_and_family_health_history,,radio,About how old were you when you were first told you had fibromyalgia?,"HowOldWereYouFibromyalgia_Child, Child (0-11) | HowOldWereYouFibromyalgia_Adolescent, Adolescent (12-17) | HowOldWereYouFibromyalgia_Adult, Adult (18-64) | HowOldWereYouFibromyalgia_OlderAdult, Older adult (65-74) | HowOldWereYouFibromyalgia_Elderly, Elderly (75+)",,,,[skeletalmuscularcondition_fibromyalgia_yes(SkeletalMuscularConditions_Fibromyalgia)] = '1',,,,,,
Personal and Family Health Hist,,skeletalmuscular_rxmedsforfibromyalgia,personal_and_family_health_history,,radio,Are you currently prescribed medications and/or receiving treatment for fibromyalgia?,"RxMedsforFibromyalgia_Yes, Yes | RxMedsforFibromyalgia_No, No",,,,[skeletalmuscularcondition_fibromyalgia_yes(SkeletalMuscularConditions_Fibromyalgia)] = '1',,,,,,
Personal and Family Health Hist,,skeletalmuscularcondition_fracturedbrokenbones_yes,personal_and_family_health_history,,checkbox,"Including yourself, who in your family has had fractured/broken bones in the last five years? Select all that apply.","SkeletalMuscularConditions_FracturedBrokenBone, Self | motherskeletalmuscularcondition_fracturedbrokenbon, Mother | fatherskeletalmuscularcondition_fracturedbrokenbon, Father | siblingskeletalmuscularcondition_fracturedbrokenbo, Sibling | daughterskeletalmuscularcondition_fracturedbrokenb, Daughter | SonSkeletalMuscularCondition_FracturedBrokenBones, Son | grandparentskeletalmuscularcondition_fracturedbrok, Grandparent",,,,[diagnosedhealthcondition_skeletalmuscularcondition(SkeletalMuscularCondition_FracturedBrokenBone)] = '1',,,,,,
Personal and Family Health Hist,,skeletalmuscular_fracturedbrokenbonecurrently,personal_and_family_health_history,,radio,Are you still seeing a doctor or health care provider for fractured/broken bones?,"FracturedBrokenBoneCurrently_Yes, Yes | FracturedBrokenBoneCurrently_No, No",,,,[skeletalmuscularcondition_fracturedbrokenbones_yes(SkeletalMuscularConditions_FracturedBrokenBone)] = '1',,,,,,
Personal and Family Health Hist,,skeletalmuscular_howoldwereyoufracturedbrokenbone,personal_and_family_health_history,,radio,About how old were you when you were first told you had fractured/broken bones?,"HowOldWereYouFracturedBrokenBone_Child, Child (0-11) | HowOldWereYouFracturedBrokenBone_Adolescent, Adolescent (12-17) | HowOldWereYouFracturedBrokenBone_Adult, Adult (18-64) | HowOldWereYouFracturedBrokenBone_OlderAdult, Older adult (65-74) | HowOldWereYouFracturedBrokenBone_Elderly, Elderly (75+)",,,,[skeletalmuscularcondition_fracturedbrokenbones_yes(SkeletalMuscularConditions_FracturedBrokenBone)] = '1',,,,,,
Personal and Family Health Hist,,skeletalmuscular_rxmedsforfracturedbrokenbone,personal_and_family_health_history,,radio,Are you currently prescribed medications and/or receiving treatment for fractured/broken bones?,"RxMedsforFracturedBrokenBone_Yes, Yes | RxMedsforFracturedBrokenBone_No, No",,,,[skeletalmuscularcondition_fracturedbrokenbones_yes(SkeletalMuscularConditions_FracturedBrokenBone)] = '1',,,,,,
Personal and Family Health Hist,,skeletalmuscularcondition_gout_yes,personal_and_family_health_history,,checkbox,"Including yourself, who in your family has had gout? Select all that apply.","SkeletalMuscularConditions_Gout, Self | MotherSkeletalMuscularCondition_Gout, Mother | FatherSkeletalMuscularCondition_Gout, Father | SiblingSkeletalMuscularCondition_Gout, Sibling | DaughterSkeletalMuscularCondition_Gout, Daughter | SonSkeletalMuscularCondition_Gout, Son | GrandparentSkeletalMuscularCondition_Gout, Grandparent",,,,[diagnosedhealthcondition_skeletalmuscularcondition(SkeletalMuscularCondition_Gout)] = '1',,,,,,
Personal and Family Health Hist,,skeletalmuscular_goutcurrently,personal_and_family_health_history,,radio,Are you still seeing a doctor or health care provider for gout?,"GoutCurrently_Yes, Yes | GoutCurrently_No, No",,,,[skeletalmuscularcondition_gout_yes(SkeletalMuscularConditions_Gout)] = '1',,,,,,
Personal and Family Health Hist,,skeletalmuscular_howoldwereyougout,personal_and_family_health_history,,radio,About how old were you when you were first told you had gout?,"HowOldWereYouGout_Child, Child (0-11) | HowOldWereYouGout_Adolescent, Adolescent (12-17) | HowOldWereYouGout_Adult, Adult (18-64) | HowOldWereYouGout_OlderAdult, Older adult (65-74) | HowOldWereYouGout_Elderly, Elderly (75+)",,,,[skeletalmuscularcondition_gout_yes(SkeletalMuscularConditions_Gout)] = '1',,,,,,
Personal and Family Health Hist,,skeletalmuscular_rxmedsforgout,personal_and_family_health_history,,radio,Are you currently prescribed medications and/or receiving treatment for gout?,"RxMedsforGout_Yes, Yes | RxMedsforGout_No, No",,,,[skeletalmuscularcondition_gout_yes(SkeletalMuscularConditions_Gout)] = '1',,,,,,
Personal and Family Health Hist,,skeletalmuscularcondition_osteoarthritis_yes,personal_and_family_health_history,,checkbox,"Including yourself, who in your family has had osteoarthritis? Select all that apply.","SkeletalMuscularConditions_Osteoarthritis, Self | MotherSkeletalMuscularCondition_Osteoarthritis, Mother | FatherSkeletalMuscularCondition_Osteoarthritis, Father | SiblingSkeletalMuscularCondition_Osteoarthritis, Sibling | DaughterSkeletalMuscularCondition_Osteoarthritis, Daughter | SonSkeletalMuscularCondition_Osteoarthritis, Son | GrandparentSkeletalMuscularCondition_Osteoarthritis, Grandparent",,,,[diagnosedhealthcondition_skeletalmuscularcondition(SkeletalMuscularCondition_Osteoarthritis)] = '1',,,,,,
Personal and Family Health Hist,,skeletalmuscular_osteoarthritiscurrently,personal_and_family_health_history,,radio,Are you still seeing a doctor or health care provider for osteoarthritis?,"OsteoarthritisCurrently_Yes, Yes | OsteoarthritisCurrently_No, No",,,,[skeletalmuscularcondition_osteoarthritis_yes(SkeletalMuscularConditions_Osteoarthritis)] = '1',,,,,,
Personal and Family Health Hist,,skeletalmuscular_howoldwereyouosteoarthritis,personal_and_family_health_history,,radio,About how old were you when you were first told you had osteoarthritis?,"HowOldWereYouOsteoarthritis_Child, Child (0-11) | HowOldWereYouOsteoarthritis_Adolescent, Adolescent (12-17) | HowOldWereYouOsteoarthritis_Adult, Adult (18-64) | HowOldWereYouOsteoarthritis_OlderAdult, Older adult (65-74) | HowOldWereYouOsteoarthritis_Elderly, Elderly (75+)",,,,[skeletalmuscularcondition_osteoarthritis_yes(SkeletalMuscularConditions_Osteoarthritis)] = '1',,,,,,
Personal and Family Health Hist,,skeletalmuscular_rxmedsforosteoarthritis,personal_and_family_health_history,,radio,Are you currently prescribed medications and/or receiving treatment for osteoarthritis?,"RxMedsforOsteoarthritis_Yes, Yes | RxMedsforOsteoarthritis_No, No",,,,[skeletalmuscularcondition_osteoarthritis_yes(SkeletalMuscularConditions_Osteoarthritis)] = '1',,,,,,
Personal and Family Health Hist,,skeletalmuscularcondition_osteoporosis_yes,personal_and_family_health_history,,checkbox,"Including yourself, who in your family has had osteoporosis? Select all that apply.","SkeletalMuscularConditions_Osteoporosis, Self | MotherSkeletalMuscularCondition_Osteoporosis, Mother | FatherSkeletalMuscularCondition_Osteoporosis, Father | SiblingSkeletalMuscularCondition_Osteoporosis, Sibling | DaughterSkeletalMuscularCondition_Osteoporosis, Daughter | SonSkeletalMuscularCondition_Osteoporosis, Son | GrandparentSkeletalMuscularCondition_Osteoporosis, Grandparent",,,,[diagnosedhealthcondition_skeletalmuscularcondition(SkeletalMuscularCondition_Osteoporosis)] = '1',,,,,,
Personal and Family Health Hist,,skeletalmuscular_osteoporosiscurrently,personal_and_family_health_history,,radio,Are you still seeing a doctor or health care provider for osteoporosis?,"OsteoporosisCurrently_Yes, Yes | OsteoporosisCurrently_No, No",,,,[skeletalmuscularcondition_osteoporosis_yes(SkeletalMuscularConditions_Osteoporosis)] = '1',,,,,,
Personal and Family Health Hist,,skeletalmuscular_howoldwereyouosteoporosis,personal_and_family_health_history,,radio,About how old were you when you were first told you had osteoporosis?,"HowOldWereYouOsteoporosis_Child, Child (0-11) | HowOldWereYouOsteoporosis_Adolescent, Adolescent (12-17) | HowOldWereYouOsteoporosis_Adult, Adult (18-64) | HowOldWereYouOsteoporosis_OlderAdult, Older adult (65-74) | HowOldWereYouOsteoporosis_Elderly, Elderly (75+)",,,,[skeletalmuscularcondition_osteoporosis_yes(SkeletalMuscularConditions_Osteoporosis)] = '1',,,,,,
Personal and Family Health Hist,,skeletalmuscular_rxmedsforosteoporosis,personal_and_family_health_history,,radio,Are you currently prescribed medications and/or receiving treatment for osteoporosis?,"RxMedsforOsteoporosis_Yes, Yes | RxMedsforOsteoporosis_No, No",,,,[skeletalmuscularcondition_osteoporosis_yes(SkeletalMuscularConditions_Osteoporosis)] = '1',,,,,,
Personal and Family Health Hist,,skeletalmuscularcondition_pseudogout_yes,personal_and_family_health_history,,checkbox,"Including yourself, who in your family has had pseudogout (CPPD)? Select all that apply.","SkeletalMuscularConditions_Pseudogout, Self | MotherSkeletalMuscularCondition_Pseudogout, Mother | FatherSkeletalMuscularCondition_Pseudogout, Father | SiblingSkeletalMuscularCondition_Pseudogout, Sibling | DaughterSkeletalMuscularCondition_Pseudogout, Daughter | SonSkeletalMuscularCondition_Pseudogout, Son | GrandparentSkeletalMuscularCondition_Pseudogout, Grandparent",,,,[diagnosedhealthcondition_skeletalmuscularcondition(SkeletalMuscularCondition_Pseudogout)] = '1',,,,,,
Personal and Family Health Hist,,skeletalmuscular_pseudogoutcurrently,personal_and_family_health_history,,radio,Are you still seeing a doctor or health care provider for pseudogout (CPPD)?,"PseudogoutCurrently_Yes, Yes | PseudogoutCurrently_No, No",,,,[skeletalmuscularcondition_pseudogout_yes(SkeletalMuscularConditions_Pseudogout)] = '1',,,,,,
Personal and Family Health Hist,,skeletalmuscular_howoldwereyoupseudogout,personal_and_family_health_history,,radio,About how old were you when you were first told you had pseudogout (CPPD)?,"HowOldWereYouPseudogout_Child, Child (0-11) | HowOldWereYouPseudogout_Adolescent, Adolescent (12-17) | HowOldWereYouPseudogout_Adult, Adult (18-64) | HowOldWereYouPseudogout_OlderAdult, Older adult (65-74) | HowOldWereYouPseudogout_Elderly, Elderly (75+)",,,,[skeletalmuscularcondition_pseudogout_yes(SkeletalMuscularConditions_Pseudogout)] = '1',,,,,,
Personal and Family Health Hist,,skeletalmuscular_rxmedsforpseudogout,personal_and_family_health_history,,radio,Are you currently prescribed medications and/or receiving treatment for pseudogout (CPPD)?,"RxMedsforPseudogout_Yes, Yes | RxMedsforPseudogout_No, No",,,,[skeletalmuscularcondition_pseudogout_yes(SkeletalMuscularConditions_Pseudogout)] = '1',,,,,,
Personal and Family Health Hist,,skeletalmuscularcondition_rheumatoidarthritis_yes,personal_and_family_health_history,,checkbox,"Including yourself, who in your family has had rheumatoid arthritis (RA)? Select all that apply.","SkeletalMuscularConditions_RheumatoidArthritis, Self | MotherSkeletalMuscularCondition_RheumatoidArthritis, Mother | FatherSkeletalMuscularCondition_RheumatoidArthritis, Father | SiblingSkeletalMuscularCondition_RheumatoidArthritis, Sibling | DaughterSkeletalMuscularCondition_RheumatoidArthritis, Daughter | SonSkeletalMuscularCondition_RheumatoidArthritis, Son | GrandparentSkeletalMuscularCondition_RheumatoidArthritis, Grandparent",,,,[diagnosedhealthcondition_skeletalmuscularcondition(SkeletalMuscularCondition_RheumatoidArthritis)] = '1',,,,,,
Personal and Family Health Hist,,skeletalmuscular_rheumatoidarthritiscurrently,personal_and_family_health_history,,radio,Are you still seeing a doctor or health care provider for rheumatoid arthritis (RA)?,"RheumatoidArthritisCurrently_Yes, Yes | RheumatoidArthritistCurrently_No, No",,,,[skeletalmuscularcondition_rheumatoidarthritis_yes(SkeletalMuscularConditions_RheumatoidArthritis)] = '1',,,,,,
Personal and Family Health Hist,,skeletalmuscular_howoldwereyourheumatoidarthritis,personal_and_family_health_history,,radio,About how old were you when you were first told you had rheumatoid arthritis (RA)?,"HowOldWereYouRheumatoidArthritis_Child, Child (0-11) | HowOldWereYouRheumatoidArthritis_Adolescent, Adolescent (12-17) | HowOldWereYouRheumatoidArthritis_Adult, Adult (18-64) | HowOldWereYouRheumatoidArthritis_OlderAdult, Older adult (65-74) | HowOldWereYouRheumatoidArthritis_Elderly, Elderly (75+)",,,,[skeletalmuscularcondition_rheumatoidarthritis_yes(SkeletalMuscularConditions_RheumatoidArthritis)] = '1',,,,,,
Personal and Family Health Hist,,skeletalmuscular_rxmedsforrheumatoidarthritis,personal_and_family_health_history,,radio,Are you currently prescribed medications and/or receiving treatment for rheumatoid arthritis (RA)?,"RxMedsforRheumatoidArthritis_Yes, Yes | RxMedsforRheumatoidArthritis_No, No",,,,[skeletalmuscularcondition_rheumatoidarthritis_yes(SkeletalMuscularConditions_RheumatoidArthritis)] = '1',,,,,,
Personal and Family Health Hist,,skeletalmuscularcondition_spinemusclebone_yes,personal_and_family_health_history,,checkbox,"Including yourself, who in your family has had spine, muscle, or bone disorders (non-cancer)? Select all that apply.","SkeletalMuscularConditions_SpineMuscleBone, Self | MotherSkeletalMuscularCondition_SpineMuscleBone, Mother | FatherSkeletalMuscularCondition_SpineMuscleBone, Father | SiblingSkeletalMuscularCondition_SpineMuscleBone, Sibling | DaughterSkeletalMuscularCondition_SpineMuscleBone, Daughter | SonSkeletalMuscularCondition_SpineMuscleBone, Son | GrandparentSkeletalMuscularCondition_SpineMuscleBone, Grandparent",,,,[diagnosedhealthcondition_skeletalmuscularcondition(SkeletalMuscularCondition_SpineMuscleBone)] = '1',,,,,,
Personal and Family Health Hist,,skeletalmuscular_spinemusclebonecurrently,personal_and_family_health_history,,radio,"Are you still seeing a doctor or health care provider for spine, muscle, or bone disorders (non-cancer)?","SpineMuscleBoneCurrently_Yes, Yes | SpineMuscleBoneCurrently_No, No",,,,[skeletalmuscularcondition_spinemusclebone_yes(SkeletalMuscularConditions_SpineMuscleBone)] = '1',,,,,,
Personal and Family Health Hist,,skeletalmuscular_howoldwereyouspinemusclebone,personal_and_family_health_history,,radio,"About how old were you when you were first told you had spine, muscle, or bone disorders (non-cancer)?","HowOldWereYouSpineMuscleBone_Child, Child (0-11) | HowOldWereYouSpineMuscleBone_Adolescent, Adolescent (12-17) | HowOldWereYouSpineMuscleBone_Adult, Adult (18-64) | HowOldWereYouSpineMuscleBone_OlderAdult, Older adult (65-74) | HowOldWereYouSpineMuscleBone_Elderly, Elderly (75+)",,,,[skeletalmuscularcondition_spinemusclebone_yes(SkeletalMuscularConditions_SpineMuscleBone)] = '1',,,,,,
Personal and Family Health Hist,,skeletalmuscular_rxmedsforspinemusclebone,personal_and_family_health_history,,radio,"Are you currently prescribed medications and/or receiving treatment for spine, muscle, or bone disorders (non-cancer)?","RxMedsforSpineMuscleBone_Yes, Yes | RxMedsforSpineMuscleBone_No, No",,,,[skeletalmuscularcondition_spinemusclebone_yes(SkeletalMuscularConditions_SpineMuscleBone)] = '1',,,,,,
Personal and Family Health Hist,,skeletalmuscularcondition_systemiclupus_yes,personal_and_family_health_history,,checkbox,"Including yourself, who in your family has had systemic lupus? Select all that apply.","SkeletalMuscularConditions_SystemicLupus, Self | MotherSkeletalMuscularCondition_SystemicLupus, Mother | FatherSkeletalMuscularCondition_SystemicLupus, Father | SiblingSkeletalMuscularCondition_SystemicLupus, Sibling | DaughterSkeletalMuscularCondition_SystemicLupus, Daughter | SonSkeletalMuscularCondition_SystemicLupus, Son | GrandparentSkeletalMuscularCondition_SystemicLupus, Grandparent",,,,[diagnosedhealthcondition_skeletalmuscularcondition(SkeletalMuscularCondition_SystemicLupus)] = '1',,,,,,
Personal and Family Health Hist,,skeletalmuscular_lupuscurrently,personal_and_family_health_history,,radio,Are you still seeing a doctor or health care provider for systemic lupus?,"LupusCurrently_Yes, Yes | LupusCurrently_No, No",,,,[skeletalmuscularcondition_systemiclupus_yes(SkeletalMuscularConditions_SystemicLupus)] = '1',,,,,,
Personal and Family Health Hist,,skeletalmuscular_howoldwereyoulupus,personal_and_family_health_history,,radio,About how old were you when you were first told you had systemic lupus?,"HowOldWereYouLupus_Child, Child (0-11) | HowOldWereYouLupus_Adolescent, Adolescent (12-17) | HowOldWereYouLupus_Adult, Adult (18-64) | HowOldWereYouLupus_OlderAdult, Older adult (65-74) | HowOldWereYouLupus_Elderly, Elderly (75+)",,,,[skeletalmuscularcondition_systemiclupus_yes(SkeletalMuscularConditions_SystemicLupus)] = '1',,,,,,
Personal and Family Health Hist,,skeletalmuscular_rxmedsforlupus,personal_and_family_health_history,,radio,Are you currently prescribed medications and/or receiving treatment for systemic lupus?,"RxMedsforLupus_Yes, Yes | RxMedsforLupus_No, No",,,,[skeletalmuscularcondition_systemiclupus_yes(SkeletalMuscularConditions_SystemicLupus)] = '1',,,,,,
Personal and Family Health Hist,,skeletalmuscularcondition_otherarthritis_yes,personal_and_family_health_history,,checkbox,"Including yourself, who in your family has had other arthritis? Select all that apply.","SkeletalMuscularConditions_OtherArthritis, Self | MotherSkeletalMuscularCondition_OtherArthritis, Mother | FatherSkeletalMuscularCondition_OtherArthritis, Father | SiblingSkeletalMuscularCondition_OtherArthritis, Sibling | DaughterSkeletalMuscularCondition_OtherArthritis, Daughter | SonSkeletalMuscularCondition_OtherArthritis, Son | grandparentskeletalmuscularcondition_otherarthriti, Grandparent",,,,[diagnosedhealthcondition_skeletalmuscularcondition(SkeletalMuscularCondition_OtherArthritis)] = '1',,,,,,
Personal and Family Health Hist,,otherarthritis_freetextbox,personal_and_family_health_history,,text,Please specify the other arthritis you have had.,,,,,[skeletalmuscularcondition_otherarthritis_yes(SkeletalMuscularConditions_OtherArthritis)] = '1',,,,,REGISTERED_QUESTION_SUPPRESSED,CONTROLLED_QUESTION_SUPPRESSED
Personal and Family Health Hist,,otherarthritis_motherfreetextbox,personal_and_family_health_history,,text,Please specify the other arthritis your mother has had.,,,,,[skeletalmuscularcondition_otherarthritis_yes(MotherSkeletalMuscularCondition_OtherArthritis)] = '1',,,,,REGISTERED_QUESTION_SUPPRESSED,CONTROLLED_QUESTION_SUPPRESSED
Personal and Family Health Hist,,otherarthritis_fatherfreetextbox,personal_and_family_health_history,,text,Please specify the other arthritis your father has had.,,,,,[skeletalmuscularcondition_otherarthritis_yes(FatherSkeletalMuscularCondition_OtherArthritis)] = '1',,,,,REGISTERED_QUESTION_SUPPRESSED,CONTROLLED_QUESTION_SUPPRESSED
Personal and Family Health Hist,,otherarthritis_siblingfreetextbox,personal_and_family_health_history,,text,Please specify the other arthritis your sibling(s) has had.,,,,,[skeletalmuscularcondition_otherarthritis_yes(SiblingSkeletalMuscularCondition_OtherArthritis)] = '1',,,,,REGISTERED_QUESTION_SUPPRESSED,CONTROLLED_QUESTION_SUPPRESSED
Personal and Family Health Hist,,otherarthritis_daughterfreetextbox,personal_and_family_health_history,,text,Please specify the other arthritis your daughter(s) has had.,,,,,[skeletalmuscularcondition_otherarthritis_yes(DaughterSkeletalMuscularCondition_OtherArthritis)] = '1',,,,,REGISTERED_QUESTION_SUPPRESSED,CONTROLLED_QUESTION_SUPPRESSED
Personal and Family Health Hist,,otherarthritis_sonfreetextbox,personal_and_family_health_history,,text,Please specify the other arthritis your son(s) has had.,,,,,[skeletalmuscularcondition_otherarthritis_yes(SonSkeletalMuscularCondition_OtherArthritis)] = '1',,,,,REGISTERED_QUESTION_SUPPRESSED,CONTROLLED_QUESTION_SUPPRESSED
Personal and Family Health Hist,,otherarthritis_grandparentfreetextbox,personal_and_family_health_history,,text,Please specify the other arthritis your grandparent(s) has had.,,,,,[skeletalmuscularcondition_otherarthritis_yes(grandparentskeletalmuscularcondition_otherarthriti)] = '1',,,,,REGISTERED_QUESTION_SUPPRESSED,CONTROLLED_QUESTION_SUPPRESSED
Personal and Family Health Hist,,skeletalmuscular_otherarthritiscurrently,personal_and_family_health_history,,radio,Are you still seeing a doctor or health care provider for other arthritis?,"OtherArthritisCurrently_Yes, Yes | OtherArthritisCurrently_No, No",,,,[skeletalmuscularcondition_otherarthritis_yes(SkeletalMuscularConditions_OtherArthritis)] = '1',,,,,,
Personal and Family Health Hist,,skeletalmuscular_howoldwereyouotherarthritis,personal_and_family_health_history,,radio,About how old were you when you were first told you had other arthritis?,"HowOldWereYouOtherArthritis_Child, Child (0-11) | HowOldWereYouOtherArthritis_Adolescent, Adolescent (12-17) | HowOldWereYouOtherArthritis_Adult, Adult (18-64) | HowOldWereYouOtherArthritis_OlderAdult, Older adult (65-74) | HowOldWereYouOtherArthritis_Elderly, Elderly (75+)",,,,[skeletalmuscularcondition_otherarthritis_yes(SkeletalMuscularConditions_OtherArthritis)] = '1',,,,,,
Personal and Family Health Hist,,skeletalmuscular_rxmedsforotherarthritis,personal_and_family_health_history,,radio,Are you currently prescribed medications and/or receiving treatment for other arthritis?,"RxMedsforOtherArthritis_Yes, Yes | RxMedsforOtherArthritis_No, No",,,,[skeletalmuscularcondition_otherarthritis_yes(SkeletalMuscularConditions_OtherArthritis)] = '1',,,,,,
Personal and Family Health Hist,,skeletalmuscularcondition_otherbonejointmuscle_yes,personal_and_family_health_history,,checkbox,"Including yourself, who in your family has had other bone, joint, or muscle condition(s)? Select all that apply.","SkeletalMuscularConditions_OtherBoneJointMuscle, Self | motherskeletalmuscularcondition_otherbonejointmusc, Mother | fatherskeletalmuscularcondition_otherbonejointmusc, Father | siblingskeletalmuscularcondition_otherbonejointmus, Sibling | daughterskeletalmuscularcondition_otherbonejointmu, Daughter | SonSkeletalMuscularCondition_OtherBoneJointMuscle, Son | grandparentskeletalmuscularcondition_otherbonejoin, Grandparent",,,,[diagnosedhealthcondition_skeletalmuscularcondition(SkeletalMuscularCondition_OtherBoneJointMuscle)] = '1',,,,,,
Personal and Family Health Hist,,otherbonejointmuscle_freetextbox,personal_and_family_health_history,,text,"Please specify the other bone, joint, or muscle condition(s) you have had.",,,,,[skeletalmuscularcondition_otherbonejointmuscle_yes(SkeletalMuscularConditions_OtherBoneJointMuscle)] = '1',,,,,REGISTERED_QUESTION_SUPPRESSED,CONTROLLED_QUESTION_SUPPRESSED
Personal and Family Health Hist,,otherbonejointmuscle_motherfreetextbox,personal_and_family_health_history,,text,"Please specify the other bone, joint, or muscle condition(s) your mother has had.",,,,,[skeletalmuscularcondition_otherbonejointmuscle_yes(motherskeletalmuscularcondition_otherbonejointmusc)] = '1',,,,,REGISTERED_QUESTION_SUPPRESSED,CONTROLLED_QUESTION_SUPPRESSED
Personal and Family Health Hist,,otherbonejointmuscle_fatherfreetextbox,personal_and_family_health_history,,text,"Please specify the other bone, joint, or muscle condition(s) your father has had.",,,,,[skeletalmuscularcondition_otherbonejointmuscle_yes(fatherskeletalmuscularcondition_otherbonejointmusc)] = '1',,,,,REGISTERED_QUESTION_SUPPRESSED,CONTROLLED_QUESTION_SUPPRESSED
Personal and Family Health Hist,,otherbonejointmuscle_siblingfreetextbox,personal_and_family_health_history,,text,"Please specify the other bone, joint, or muscle condition(s) your sibling(s) has had.",,,,,[skeletalmuscularcondition_otherbonejointmuscle_yes(siblingskeletalmuscularcondition_otherbonejointmus)] = '1',,,,,REGISTERED_QUESTION_SUPPRESSED,CONTROLLED_QUESTION_SUPPRESSED
Personal and Family Health Hist,,otherbonejointmuscle_daughterfreetextbox,personal_and_family_health_history,,text,"Please specify the other bone, joint, or muscle condition(s) your daughter(s) has had.",,,,,[skeletalmuscularcondition_otherbonejointmuscle_yes(daughterskeletalmuscularcondition_otherbonejointmu)] = '1',,,,,REGISTERED_QUESTION_SUPPRESSED,CONTROLLED_QUESTION_SUPPRESSED
Personal and Family Health Hist,,otherbonejointmuscle_sonfreetextbox,personal_and_family_health_history,,text,"Please specify the other bone, joint, or muscle condition(s) your son(s) has had.",,,,,[skeletalmuscularcondition_otherbonejointmuscle_yes(SonSkeletalMuscularCondition_OtherBoneJointMuscle)] = '1',,,,,REGISTERED_QUESTION_SUPPRESSED,CONTROLLED_QUESTION_SUPPRESSED
Personal and Family Health Hist,,otherbonejointmuscle_grandparentfreetextbox,personal_and_family_health_history,,text,"Please specify the other bone, joint, or muscle condition(s) your grandparent(s) has had.",,,,,[skeletalmuscularcondition_otherbonejointmuscle_yes(grandparentskeletalmuscularcondition_otherbonejoin)] = '1',,,,,REGISTERED_QUESTION_SUPPRESSED,CONTROLLED_QUESTION_SUPPRESSED
Personal and Family Health Hist,,skeletalmuscular_otherbonejointmuscleconditioncurrently,personal_and_family_health_history,,radio,"Are you still seeing a doctor or health care provider for other bone, joint, or muscle condition(s)?","OtherBoneJointMuscleConditionCurrently_Yes, Yes | OtherBoneJointMuscleConditionCurrently_No, No",,,,[skeletalmuscularcondition_otherbonejointmuscle_yes(SkeletalMuscularConditions_OtherBoneJointMuscle)] = '1',,,,,,
Personal and Family Health Hist,,skeletalmuscular_howoldwereyouotherbonejointmusclecondition,personal_and_family_health_history,,radio,"About how old were you when you were first told you had other bone, joint, or muscle condition(s)?","HowOldWereYouOtherBoneJointMuscleCondition_Child, Child (0-11) | HowOldWereYouOtherBoneJointMuscleCondition_Adolescent, Adolescent (12-17) | HowOldWereYouOtherBoneJointMuscleCondition_Adult, Adult (18-64) | HowOldWereYouOtherBoneJointMuscleCondition_OlderAdult, Older adult (65-74) | HowOldWereYouOtherBoneJointMuscleCondition_Elderly, Elderly (75+)",,,,[skeletalmuscularcondition_otherbonejointmuscle_yes(SkeletalMuscularConditions_OtherBoneJointMuscle)] = '1',,,,,,
Personal and Family Health Hist,,skeletalmuscular_rxmedsforotherbonejointmusclecondition,personal_and_family_health_history,,radio,"Are you currently prescribed medications and/or receiving treatment for other bone, joint, or muscle condition(s)?","RxMedsforOtherBoneJointMuscleCondition_Yes, Yes | RxMedsforOtherBoneJointMuscleCondition_No, No",,,,[skeletalmuscularcondition_otherbonejointmuscle_yes(SkeletalMuscularConditions_OtherBoneJointMuscle)] = '1',,,,,,
Personal and Family Health Hist,,diagnosedhealthcondition_visioncondition,personal_and_family_health_history,Hearing and Eye Conditions,checkbox,Have you or anyone in your family ever been diagnosed with the following hearing and eye conditions? Think only of the people you are related to by blood. Select all that apply.,"VisionCondition_Blindness, Blindness, all causes | VisionCondition_Cataracts, Cataracts | VisionCondition_DryEyes, Dry eyes | VisionCondition_FarSightedness, Farsighted | VisionCondition_NearSightedness, Nearsighted | VisionCondition_Astigmatism, Astigmatism | VisionCondition_Glaucoma, Glaucoma | VisionCondition_MacularDegeneration, Macular degeneration | VisionCondition_HearingLoss, Severe hearing loss or partial deafness in one or both ears | VisionCondition_Tinnitus, Tinnitus | VisionCondition_OtherHearingEye, Other hearing or eye condition | PMI_None, None of the above | PMI_DontKnow, Don't know | PMI_PreferNotToAnswer, Prefer not to answer",,,,,,,,,,
Personal and Family Health Hist,,visioncondition_blindness_yes,personal_and_family_health_history,,checkbox,"Including yourself, who in your family has had blindness, all causes? Select all that apply.","HearingVisionConditions_Blindness, Self | MotherVisionCondition_Blindness, Mother | FatherVisionCondition_Blindness, Father | SiblingVisionCondition_Blindness, Sibling | DaughterVisionCondition_Blindness, Daughter | SonVisionCondition_Blindness, Son | GrandparentVisionCondition_Blindness, Grandparent",,,,[diagnosedhealthcondition_visioncondition(VisionCondition_Blindness)] = '1',,,,,,
Personal and Family Health Hist,,hearingvision_blindnesscurrently,personal_and_family_health_history,,radio,"Are you still seeing a doctor or health care provider for blindness, all causes?","BlindnessCurrently_Yes, Yes | BlindnessCurrently_No, No",,,,[visioncondition_blindness_yes(HearingVisionConditions_Blindness)] = '1',,,,,,
Personal and Family Health Hist,,hearingvision_howoldwereyoublindness,personal_and_family_health_history,,radio,"About how old were you when you were first told you had blindness, all causes?","HowOldWereYouBlindness_Child, Child (0-11) | HowOldWereYouBlindness_Adolescent, Adolescent (12-17) | HowOldWereYouBlindness_Adult, Adult (18-64) | HowOldWereYouBlindness_OlderAdult, Older adult (65-74) | HowOldWereYouBlindness_Elderly, Elderly (75+)",,,,[visioncondition_blindness_yes(HearingVisionConditions_Blindness)] = '1',,,,,,
Personal and Family Health Hist,,hearingvision_rxmedsforblindness,personal_and_family_health_history,,radio,"Are you currently prescribed medications and/or receiving treatment for blindness, all causes?","RxMedsforBlindness_Yes, Yes | RxMedsforBlindness_No, No",,,,[visioncondition_blindness_yes(HearingVisionConditions_Blindness)] = '1',,,,,,
Personal and Family Health Hist,,visioncondition_cataracts_yes,personal_and_family_health_history,,checkbox,"Including yourself, who in your family has had cataracts? Select all that apply.","HearingVisionConditions_Cataracts, Self | MotherVisionCondition_Cataracts, Mother | FatherVisionCondition_Cataracts, Father | SiblingVisionCondition_Cataracts, Sibling | DaughterVisionCondition_Cataracts, Daughter | SonVisionCondition_Cataracts, Son | GrandparentVisionCondition_Cataracts, Grandparent",,,,[diagnosedhealthcondition_visioncondition(VisionCondition_Cataracts)] = '1',,,,,,
Personal and Family Health Hist,,hearingvision_cataractscurrently,personal_and_family_health_history,,radio,Are you still seeing a doctor or health care provider for cataracts?,"CataractsCurrently_Yes, Yes | CataractsCurrently_No, No",,,,[visioncondition_cataracts_yes(HearingVisionConditions_Cataracts)] = '1',,,,,,
Personal and Family Health Hist,,hearingvision_howoldwereyoucataracts,personal_and_family_health_history,,radio,About how old were you when you were first told you had cataracts?,"HowOldWereYouCataracts_Child, Child (0-11) | HowOldWereYouCataracts_Adolescent, Adolescent (12-17) | HowOldWereYouCataracts_Adult, Adult (18-64) | HowOldWereYouCataracts_OlderAdult, Older adult (65-74) | HowOldWereYouCataracts_Elderly, Elderly (75+)",,,,[visioncondition_cataracts_yes(HearingVisionConditions_Cataracts)] = '1',,,,,,
Personal and Family Health Hist,,hearingvision_rxmedsforcataracts,personal_and_family_health_history,,radio,Are you currently prescribed medications and/or receiving treatment for cataracts?,"RxMedsforCataracts_Yes, Yes | RxMedsforCataracts_No, No",,,,[visioncondition_cataracts_yes(HearingVisionConditions_Cataracts)] = '1',,,,,,
Personal and Family Health Hist,,visioncondition_dryeyes_yes,personal_and_family_health_history,,checkbox,"Including yourself, who in your family has had dry eyes? Select all that apply.","HearingVisionConditions_DryEyes, Self | MotherVisionCondition_DryEyes, Mother | FatherVisionCondition_DryEyes, Father | SiblingVisionCondition_DryEyes, Sibling | DaughterVisionCondition_DryEyes, Daughter | SonVisionCondition_DryEyes, Son | GrandparentVisionCondition_DryEyes, Grandparent",,,,[diagnosedhealthcondition_visioncondition(VisionCondition_DryEyes)] = '1',,,,,,
Personal and Family Health Hist,,hearingvision_dryeyescurrently,personal_and_family_health_history,,radio,Are you still seeing a doctor or health care provider for dry eyes?,"DryEyesCurrently_Yes, Yes | DryEyesCurrently_No, No",,,,[visioncondition_dryeyes_yes(HearingVisionConditions_DryEyes)] = '1',,,,,,
Personal and Family Health Hist,,hearingvision_howoldwereyoudryeyes,personal_and_family_health_history,,radio,About how old were you when you were first told you had dry eyes?,"HowOldWereYouDryEyes_Child, Child (0-11) | HowOldWereYouDryEyes_Adolescent, Adolescent (12-17) | HowOldWereYouDryEyes_Adult, Adult (18-64) | HowOldWereYouDryEyes_OlderAdult, Older adult (65-74) | HowOldWereYouDryEyes_Elderly, Elderly (75+)",,,,[visioncondition_dryeyes_yes(HearingVisionConditions_DryEyes)] = '1',,,,,,
Personal and Family Health Hist,,hearingvision_rxmedsfordryeyes,personal_and_family_health_history,,radio,Are you currently prescribed medications and/or receiving treatment for dry eyes?,"RxMedsforDryEyes_Yes, Yes | RxMedsforDryEyes_No, No",,,,[visioncondition_dryeyes_yes(HearingVisionConditions_DryEyes)] = '1',,,,,,
Personal and Family Health Hist,,visioncondition_farsightedness_yes,personal_and_family_health_history,,checkbox,"Including yourself, who in your family has had farsightedness? Select all that apply.","HearingVisionConditions_FarSightedness, Self | MotherVisionCondition_Farsightedness, Mother | FatherVisionCondition_Farsightedness, Father | SiblingVisionCondition_Farsightedness, Sibling | DaughterVisionCondition_Farsightedness, Daughter | SonVisionCondition_Farsightedness, Son | GrandparentVisionCondition_Farsightedness, Grandparent",,,,[diagnosedhealthcondition_visioncondition(VisionCondition_FarSightedness)] = '1',,,,,,
Personal and Family Health Hist,,hearingvision_farsightednesscurrently,personal_and_family_health_history,,radio,Are you still seeing a doctor or health care provider for farsightedness?,"FarSightednessCurrently_Yes, Yes | FarSightednessCurrently_No, No",,,,[visioncondition_farsightedness_yes(HearingVisionConditions_FarSightedness)] = '1',,,,,,
Personal and Family Health Hist,,hearingvision_howoldwereyoufarsightedness,personal_and_family_health_history,,radio,About how old were you when you were first told you had farsightedness?,"HowOldWereYouFarSightedness_Child, Child (0-11) | HowOldWereYouFarSightedness_Adolescent, Adolescent (12-17) | HowOldWereYouFarSightedness_Adult, Adult (18-64) | HowOldWereYouFarSightedness_OlderAdult, Older adult (65-74) | HowOldWereYouFarSightedness_Elderly, Elderly (75+)",,,,[visioncondition_farsightedness_yes(HearingVisionConditions_FarSightedness)] = '1',,,,,,
Personal and Family Health Hist,,hearingvision_rxmedsforfarsightedness,personal_and_family_health_history,,radio,Are you currently prescribed medications and/or receiving treatment for farsightedness?,"RxMedsforFarSightedness_Yes, Yes | RxMedsforFarSightedness_No, No",,,,[visioncondition_farsightedness_yes(HearingVisionConditions_FarSightedness)] = '1',,,,,,
Personal and Family Health Hist,,visioncondition_nearsightedness_yes,personal_and_family_health_history,,checkbox,"Including yourself, who in your family has had nearsightedness? Select all that apply.","HearingVisionConditions_NearSightedness, Self | MotherVisionCondition_Nearsightedness, Mother | FatherVisionCondition_Nearsightedness, Father | SiblingVisionCondition_Nearsightedness, Sibling | DaughterVisionCondition_Nearsightedness, Daughter | SonVisionCondition_Nearsightedness, Son | GrandparentVisionCondition_Nearsightedness, Grandparent",,,,[diagnosedhealthcondition_visioncondition(VisionCondition_NearSightedness)] = '1',,,,,,
Personal and Family Health Hist,,hearingvision_nearsightednesscurrently,personal_and_family_health_history,,radio,Are you still seeing a doctor or health care provider for nearsightedness?,"NearSightednessCurrently_Yes, Yes | NearSightednessCurrently_No, No",,,,[visioncondition_nearsightedness_yes(HearingVisionConditions_NearSightedness)] = '1',,,,,,
Personal and Family Health Hist,,hearingvision_howoldwereyounearsightedness,personal_and_family_health_history,,radio,About how old were you when you were first told you had nearsightedness?,"HowOldWereYouNearSightedness_Child, Child (0-11) | HowOldWereYouNearSightedness_Adolescent, Adolescent (12-17) | HowOldWereYouNearSightedness_Adult, Adult (18-64) | HowOldWereYouNearSightedness_OlderAdult, Older adult (65-74) | HowOldWereYouNearSightedness_Elderly, Elderly (75+)",,,,[visioncondition_nearsightedness_yes(HearingVisionConditions_NearSightedness)] = '1',,,,,,
Personal and Family Health Hist,,hearingvision_rxmedsfornearsightedness,personal_and_family_health_history,,radio,Are you currently prescribed medications and/or receiving treatment for nearsightedness?,"RxMedsforNearSightedness_Yes, Yes | RxMedsforNearSightedness_No, No",,,,[visioncondition_nearsightedness_yes(HearingVisionConditions_NearSightedness)] = '1',,,,,,
Personal and Family Health Hist,,visioncondition_astigmatism_yes,personal_and_family_health_history,,checkbox,"Including yourself, who in your family has had astigmatism? Select all that apply.","HearingVisionConditions_Astigmatism, Self | MotherVisionCondition_Astigmatism, Mother | FatherVisionCondition_Astigmatism, Father | SiblingVisionCondition_Astigmatism, Sibling | DaughterVisionCondition_Astigmatism, Daughter | SonVisionCondition_Astigmatism, Son | GrandparentVisionCondition_Astigmatism, Grandparent",,,,[diagnosedhealthcondition_visioncondition(VisionCondition_Astigmatism)] = '1',,,,,,
Personal and Family Health Hist,,hearingvision_astigmatismcurrently,personal_and_family_health_history,,radio,Are you still seeing a doctor or health care provider for astigmatism?,"AstigmatismCurrently_Yes, Yes | AstigmatismCurrently_No, No",,,,[visioncondition_astigmatism_yes(HearingVisionConditions_Astigmatism)] = '1',,,,,,
Personal and Family Health Hist,,hearingvision_howoldwereyouastigmatism,personal_and_family_health_history,,radio,About how old were you when you were first told you had astigmatism?,"HowOldWereYouAstigmatism_Child, Child (0-11) | HowOldWereYouAstigmatism_Adolescent, Adolescent (12-17) | HowOldWereYouAstigmatism_Adult, Adult (18-64) | HowOldWereYouAstigmatism_OlderAdult, Older adult (65-74) | HowOldWereYouAstigmatism_Elderly, Elderly (75+)",,,,[visioncondition_astigmatism_yes(HearingVisionConditions_Astigmatism)] = '1',,,,,,
Personal and Family Health Hist,,hearingvision_rxmedsforastigmatism,personal_and_family_health_history,,radio,Are you currently prescribed medications and/or receiving treatment for astigmatism?,"RxMedsforAstigmatism_Yes, Yes | RxMedsforAstigmatism_No, No",,,,[visioncondition_astigmatism_yes(HearingVisionConditions_Astigmatism)] = '1',,,,,,
Personal and Family Health Hist,,visioncondition_glaucoma_yes,personal_and_family_health_history,,checkbox,"Including yourself, who in your family has had glaucoma? Select all that apply.","HearingVisionConditions_Glaucoma, Self | MotherVisionCondition_Glaucoma, Mother | FatherVisionCondition_Glaucoma, Father | SiblingVisionCondition_Glaucoma, Sibling | DaughterVisionCondition_Glaucoma, Daughter | SonVisionCondition_Glaucoma, Son | GrandparentVisionCondition_Glaucoma, Grandparent",,,,[diagnosedhealthcondition_visioncondition(VisionCondition_Glaucoma)] = '1',,,,,,
Personal and Family Health Hist,,hearingvision_glaucomacurrently,personal_and_family_health_history,,radio,Are you still seeing a doctor or health care provider for glaucoma?,"GlaucomaCurrently_Yes, Yes | GlaucomaCurrently_No, No",,,,[visioncondition_glaucoma_yes(HearingVisionConditions_Glaucoma)] = '1',,,,,,
Personal and Family Health Hist,,hearingvision_howoldwereyouglaucoma,personal_and_family_health_history,,radio,About how old were you when you were first told you had glaucoma?,"HowOldWereYouGlaucoma_Child, Child (0-11) | HowOldWereYouGlaucoma_Adolescent, Adolescent (12-17) | HowOldWereYouGlaucoma_Adult, Adult (18-64) | HowOldWereYouGlaucoma_OlderAdult, Older adult (65-74) | HowOldWereYouGlaucoma_Elderly, Elderly (75+)",,,,[visioncondition_glaucoma_yes(HearingVisionConditions_Glaucoma)] = '1',,,,,,
Personal and Family Health Hist,,hearingvision_rxmedsforglaucoma,personal_and_family_health_history,,radio,Are you currently prescribed medications and/or receiving treatment for glaucoma?,"RxMedsforGlaucoma_Yes, Yes | RxMedsforGlaucoma_No, No",,,,[visioncondition_glaucoma_yes(HearingVisionConditions_Glaucoma)] = '1',,,,,,
Personal and Family Health Hist,,visioncondition_maculardegeneration_yes,personal_and_family_health_history,,checkbox,"Including yourself, who in your family has had macular degeneration? Select all that apply.","HearingVisionConditions_MacularDegeneration, Self | MotherVisionCondition_MacularDegeneration, Mother | FatherVisionCondition_MacularDegeneration, Father | SiblingVisionCondition_MacularDegeneration, Sibling | DaughterVisionCondition_MacularDegeneration, Daughter | SonVisionCondition_MacularDegeneration, Son | GrandparentVisionCondition_MacularDegeneration, Grandparent",,,,[diagnosedhealthcondition_visioncondition(VisionCondition_MacularDegeneration)] = '1',,,,,,
Personal and Family Health Hist,,hearingvision_maculardegenerationcurrently,personal_and_family_health_history,,radio,Are you still seeing a doctor or health care provider for macular degeneration?,"MacularDegenerationCurrently_Yes, Yes | MacularDegenerationCurrently_No, No",,,,[visioncondition_maculardegeneration_yes(HearingVisionConditions_MacularDegeneration)] = '1',,,,,,
Personal and Family Health Hist,,hearingvision_howoldwereyoumaculardegeneration,personal_and_family_health_history,,radio,About how old were you when you were first told you had macular degeneration?,"HowOldWereYouMacularDegeneration_Child, Child (0-11) | HowOldWereYouMacularDegeneration_Adolescent, Adolescent (12-17) | HowOldWereYouMacularDegeneration_Adult, Adult (18-64) | HowOldWereYouMacularDegeneration_OlderAdult, Older adult (65-74) | HowOldWereYouMacularDegeneration_Elderly, Elderly (75+)",,,,[visioncondition_maculardegeneration_yes(HearingVisionConditions_MacularDegeneration)] = '1',,,,,,
Personal and Family Health Hist,,hearingvision_rxmedsformaculardegeneration,personal_and_family_health_history,,radio,Are you currently prescribed medications and/or receiving treatment for macular degeneration?,"RxMedsforMacularDegeneration_Yes, Yes | RxMedsforMacularDegeneration_No, No",,,,[visioncondition_maculardegeneration_yes(HearingVisionConditions_MacularDegeneration)] = '1',,,,,,
Personal and Family Health Hist,,visioncondition_hearingloss_yes,personal_and_family_health_history,,checkbox,"Including yourself, who in your family has had severe hearing loss or partial deafness in one or both ears? Select all that apply.","HearingVisionConditions_HearingLoss, Self | MotherVisionCondition_HearingLoss, Mother | FatherVisionCondition_HearingLoss, Father | SiblingVisionCondition_HearingLoss, Sibling | DaughterVisionCondition_HearingLoss, Daughter | SonVisionCondition_HearingLoss, Son | GrandparentVisionCondition_HearingLoss, Grandparent",,,,[diagnosedhealthcondition_visioncondition(VisionCondition_HearingLoss)] = '1',,,,,,
Personal and Family Health Hist,,hearingvision_hearinglosscurrently,personal_and_family_health_history,,radio,Are you still seeing a doctor or health care provider for severe hearing loss or partial deafness in one or both ears?,"HearingLossCurrently_Yes, Yes | HearingLossCurrently_No, No",,,,[visioncondition_hearingloss_yes(HearingVisionConditions_HearingLoss)] = '1',,,,,,
Personal and Family Health Hist,,hearingvision_howoldwereyouhearingloss,personal_and_family_health_history,,radio,About how old were you when you were first told you had severe hearing loss or partial deafness in one or both ears?,"HowOldWereYouHearingLoss_Child, Child (0-11) | HowOldWereYouHearingLoss_Adolescent, Adolescent (12-17) | HowOldWereYouHearingLoss_Adult, Adult (18-64) | HowOldWereYouHearingLoss_OlderAdult, Older adult (65-74) | HowOldWereYouHearingLoss_Elderly, Elderly (75+)",,,,[visioncondition_hearingloss_yes(HearingVisionConditions_HearingLoss)] = '1',,,,,,
Personal and Family Health Hist,,hearingvision_rxmedsforhearingloss,personal_and_family_health_history,,radio,Are you currently prescribed medications and/or receiving treatment for severe hearing loss or partial deafness in one or both ears?,"RxMedsforNearHearingLoss_Yes, Yes | RxMedsforHearingLoss_No, No",,,,[visioncondition_hearingloss_yes(HearingVisionConditions_HearingLoss)] = '1',,,,,,
Personal and Family Health Hist,,visioncondition_tinnitus_yes,personal_and_family_health_history,,checkbox,"Including yourself, who in your family has had tinnitus? Select all that apply.","HearingVisionConditions_Tinnitus, Self | MotherVisionCondition_Tinnitus, Mother | FatherVisionCondition_Tinnitus, Father | SiblingVisionCondition_Tinnitus, Sibling | DaughterVisionCondition_Tinnitus, Daughter | SonVisionCondition_Tinnitus, Son | GrandparentVisionCondition_Tinnitus, Grandparent",,,,[diagnosedhealthcondition_visioncondition(VisionCondition_Tinnitus)] = '1',,,,,,
Personal and Family Health Hist,,hearingvision_tinnituscurrently,personal_and_family_health_history,,radio,Are you still seeing a doctor or health care provider for tinnitus?,"TinnitusCurrently_Yes, Yes | TinnitusCurrently_No, No",,,,[visioncondition_tinnitus_yes(HearingVisionConditions_Tinnitus)] = '1',,,,,,
Personal and Family Health Hist,,hearingvision_howoldwereyoutinnitus,personal_and_family_health_history,,radio,About how old were you when you were first told you had tinnitus?,"HowOldWereYouTinnitus_Child, Child (0-11) | HowOldWereYouTinnitus_Adolescent, Adolescent (12-17) | HowOldWereYouTinnitus_Adult, Adult (18-64) | HowOldWereYouTinnitus_OlderAdult, Older adult (65-74) | HowOldWereYouTinnitus_Elderly, Elderly (75+)",,,,[visioncondition_tinnitus_yes(HearingVisionConditions_Tinnitus)] = '1',,,,,,
Personal and Family Health Hist,,hearingvision_rxmedsfortinnitus,personal_and_family_health_history,,radio,Are you currently prescribed medications and/or receiving treatment for tinnitus?,"RxMedsforNearTinnitus_Yes, Yes | RxMedsforTinnitus_No, No",,,,[visioncondition_tinnitus_yes(HearingVisionConditions_Tinnitus)] = '1',,,,,,
Personal and Family Health Hist,,visioncondition_otherhearingeyecondition_yes,personal_and_family_health_history,,checkbox,"Including yourself, who in your family has had other hearing or eye condition(s)? Select all that apply.","HearingVisionConditions_OtherHearingEye, Self | MotherVisionCondition_OtherHearingEyeCondition, Mother | FatherVisionCondition_OtherHearingEyeCondition, Father | SiblingVisionCondition_OtherHearingEyeCondition, Sibling | DaughterVisionCondition_OtherHearingEyeCondition, Daughter | SonVisionCondition_OtherHearingEyeCondition, Son | grandparentvisioncondition_otherhearingeyeconditio, Grandparent",,,,[diagnosedhealthcondition_visioncondition(VisionCondition_OtherHearingEye)] = '1',,,,,,
Personal and Family Health Hist,,otherhearingeye_freetextbox,personal_and_family_health_history,,text,Please specify the other hearing or eye condition(s) you have had.,,,,,[visioncondition_otherhearingeyecondition_yes(HearingVisionConditions_OtherHearingEye)] = '1',,,,,REGISTERED_QUESTION_SUPPRESSED,CONTROLLED_QUESTION_SUPPRESSED
Personal and Family Health Hist,,otherhearingeye_motherfreetextbox,personal_and_family_health_history,,text,Please specify the other hearing or eye condition(s) your mother has had.,,,,,[visioncondition_otherhearingeyecondition_yes(MotherVisionCondition_OtherHearingEyeCondition)] = '1',,,,,REGISTERED_QUESTION_SUPPRESSED,CONTROLLED_QUESTION_SUPPRESSED
Personal and Family Health Hist,,otherhearingeye_fatherfreetextbox,personal_and_family_health_history,,text,Please specify the other hearing or eye condition(s) your father has had.,,,,,[visioncondition_otherhearingeyecondition_yes(FatherVisionCondition_OtherHearingEyeCondition)] = '1',,,,,REGISTERED_QUESTION_SUPPRESSED,CONTROLLED_QUESTION_SUPPRESSED
Personal and Family Health Hist,,otherhearingeye_siblingfreetextbox,personal_and_family_health_history,,text,Please specify the other hearing or eye condition(s) your sibling(s) has had.,,,,,[visioncondition_otherhearingeyecondition_yes(SiblingVisionCondition_OtherHearingEyeCondition)] = '1',,,,,REGISTERED_QUESTION_SUPPRESSED,CONTROLLED_QUESTION_SUPPRESSED
Personal and Family Health Hist,,otherhearingeye_daughterfreetextbox,personal_and_family_health_history,,text,Please specify the other hearing or eye condition(s) your daughter(s) has had.,,,,,[visioncondition_otherhearingeyecondition_yes(DaughterVisionCondition_OtherHearingEyeCondition)] = '1',,,,,REGISTERED_QUESTION_SUPPRESSED,CONTROLLED_QUESTION_SUPPRESSED
Personal and Family Health Hist,,otherhearingeye_sonfreetextbox,personal_and_family_health_history,,text,Please specify the other hearing or eye condition(s) your son(s) has had.,,,,,[visioncondition_otherhearingeyecondition_yes(SonVisionCondition_OtherHearingEyeCondition)] = '1',,,,,REGISTERED_QUESTION_SUPPRESSED,CONTROLLED_QUESTION_SUPPRESSED
Personal and Family Health Hist,,otherhearingeye_grandparentfreetextbox,personal_and_family_health_history,,text,Please specify the other hearing or eye condition(s) your grandparent(s) has had.,,,,,[visioncondition_otherhearingeyecondition_yes(grandparentvisioncondition_otherhearingeyeconditio)] = '1',,,,,REGISTERED_QUESTION_SUPPRESSED,CONTROLLED_QUESTION_SUPPRESSED
Personal and Family Health Hist,,hearingvision_otherhearingeyeconditioncurrently,personal_and_family_health_history,,radio,Are you still seeing a doctor or health care provider for other hearing or eye condition(s)?,"OtherHearingEyeConditionCurrently_Yes, Yes | OtherHearingEyeConditionCurrently_No, No",,,,[visioncondition_otherhearingeyecondition_yes(HearingVisionConditions_OtherHearingEye)] = '1',,,,,,
Personal and Family Health Hist,,hearingvision_howoldwereyouotherhearingeyecondition,personal_and_family_health_history,,radio,About how old were you when you were first told you had other hearing or eye condition(s)?,"HowOldWereYouOtherHearingEyeCondition_Child, Child (0-11) | HowOldWereYouOtherHearingEyeCondition_Adolescent, Adolescent (12-17) | HowOldWereYouOtherHearingEyeCondition_Adult, Adult (18-64) | HowOldWereYouOtherHearingEyeCondition_OlderAdult, Older adult (65-74) | HowOldWereYouOtherHearingEyeCondition_Elderly, Elderly (75+)",,,,[visioncondition_otherhearingeyecondition_yes(HearingVisionConditions_OtherHearingEye)] = '1',,,,,,
Personal and Family Health Hist,,hearingvision_rxmedsforotherhearingeyecondition,personal_and_family_health_history,,radio,Are you currently prescribed medications and/or receiving treatment for other hearing or eye condition(s)?,"RxMedsforNearOtherHearingEyeCondition_Yes, Yes | RxMedsforOtherHearingEyeCondition_No, No",,,,[visioncondition_otherhearingeyecondition_yes(HearingVisionConditions_OtherHearingEye)] = '1',,,,,,
Personal and Family Health Hist,,diagnosedhealthcondition_othercondition,personal_and_family_health_history,Other Conditions,checkbox,Have you or anyone in your family ever been diagnosed with the following conditions? Think only of the people you are related to by blood. Select all that apply.,"OtherHealthCondition_Acne, Acne | DiagnosedHealthCondition_Allergies, Allergies | OtherHealthCondition_Endometriosis, Endometriosis | OtherHealthCondition_EnlargedProstate, Enlarged prostate | OtherHealthCondition_Fibroids, Fibroids | DiagnosedHealthCondition_Obesity, Obesity | OtherHealthCondition_PolycysticOvarianSyndrome, Polycystic ovarian syndrome | OtherHealthCondition_ReactionsToAnesthesia, Reactions to anesthesia (such as hyperthermia) | DiagnosedHealthCondition_SkinCondition, Skin condition (e.g., eczema, psoriasis) | OtherHealthCondition_VitaminBDeficiency, Vitamin B deficiency | OtherHealthCondition_VitaminDDeficiency, Vitamin D deficiency | Otherhealthcondition_othercondition, Other condition | PMI_None, None of the above | PMI_DontKnow, Don't know | PMI_PreferNotToAnswer, Prefer not to answer",,,,,,,,,,
Personal and Family Health Hist,,diagnosedhealthcondition_acne_yes,personal_and_family_health_history,,checkbox,"Including yourself, who in your family has had acne? Select all that apply.","OtherConditions_Acne, Self | MotherOtherHealthCondition_Acne, Mother | FatherOtherHealthCondition_Acne, Father | SiblingOtherHealthCondition_Acne, Sibling | DaughterOtherHealthCondition_Acne, Daughter | SonOtherHealthCondition_Acne, Son | GrandparentOtherHealthCondition_Acne, Grandparent",,,,[diagnosedhealthcondition_othercondition(OtherHealthCondition_Acne)] = '1',,,,,,
Personal and Family Health Hist,,other_acnecurrently,personal_and_family_health_history,,radio,Are you still seeing a doctor or health care provider for acne?,"AcneCurrently_Yes, Yes | AcneCurrently_No, No",,,,[diagnosedhealthcondition_acne_yes(OtherConditions_Acne)] = '1',,,,,,
Personal and Family Health Hist,,other_howoldwereyouacne,personal_and_family_health_history,,radio,About how old were you when you were first told you had acne?,"HowOldWereYouAcne_Child, Child (0-11) | HowOldWereYouAcne_Adolescent, Adolescent (12-17) | HowOldWereYouAcne_Adult, Adult (18-64) | HowOldWereYouAcne_OlderAdult, Older adult (65-74) | HowOldWereYouAcne_Elderly, Elderly (75+)",,,,[diagnosedhealthcondition_acne_yes(OtherConditions_Acne)] = '1',,,,,,
Personal and Family Health Hist,,other_rxmedsforacne,personal_and_family_health_history,,radio,Are you currently prescribed medications and/or receiving treatment for acne?,"RxMedsforAcne_Yes, Yes | RxMedsforAcne_No, No",,,,[diagnosedhealthcondition_acne_yes(OtherConditions_Acne)] = '1',,,,,,
Personal and Family Health Hist,,diagnosedhealthcondition_allergies_yes,personal_and_family_health_history,,checkbox,"Including yourself, who in your family has had allergies? Select all that apply.","OtherConditions_Allergies, Self | MotherOtherHealthCondition_Allergies, Mother | FatherOtherHealthCondition_Allergies, Father | SiblingOtherHealthCondition_Allergies, Sibling | DaughterOtherHealthCondition_Allergies, Daughter | SonOtherHealthCondition_Allergies, Son | GrandparentOtherHealthCondition_Allergies, Grandparent",,,,[diagnosedhealthcondition_othercondition(DiagnosedHealthCondition_Allergies)] = '1',,,,,,
Personal and Family Health Hist,,other_allergiescurrently,personal_and_family_health_history,,radio,Are you still seeing a doctor or health care provider for allergies?,"AllergiesCurrently_Yes, Yes | AllergiesCurrently_No, No",,,,[diagnosedhealthcondition_allergies_yes(OtherConditions_Allergies)] = '1',,,,,,
Personal and Family Health Hist,,other_howoldwereyouallergies,personal_and_family_health_history,,radio,About how old were you when you were first told you had allergies?,"HowOldWereYouAllergies_Child, Child (0-11) | HowOldWereYouAllergies_Adolescent, Adolescent (12-17) | HowOldWereYouAllergies_Adult, Adult (18-64) | HowOldWereYouAllergies_OlderAdult, Older adult (65-74) | HowOldWereYouAllergies_Elderly, Elderly (75+)",,,,[diagnosedhealthcondition_allergies_yes(OtherConditions_Allergies)] = '1',,,,,,
Personal and Family Health Hist,,other_rxmedsforallergies,personal_and_family_health_history,,radio,Are you currently prescribed medications and/or receiving treatment for allergies?,"RxMedsforAllergies_Yes, Yes | RxMedsforAllergies_No, No",,,,[diagnosedhealthcondition_allergies_yes(OtherConditions_Allergies)] = '1',,,,,,
Personal and Family Health Hist,,otherhealthcondition_endometriosis_yes,personal_and_family_health_history,,checkbox,"Including yourself, who in your family has had endometriosis? Select all that apply.","OtherConditions_Endometriosis, Self | MotherOtherHealthCondition_Endometriosis, Mother | SiblingOtherHealthCondition_Endometriosis, Sibling | DaughterOtherHealthCondition_Endometriosis, Daughter | GrandparentOtherHealthCondition_Endometriosis, Grandparent",,,,[diagnosedhealthcondition_othercondition(OtherHealthCondition_Endometriosis)] = '1',,,,,,
Personal and Family Health Hist,,other_endometriosiscurrently,personal_and_family_health_history,,radio,Are you still seeing a doctor or health care provider for endometriosis?,"EndometriosisCurrently_Yes, Yes | EndometriosisCurrently_No, No",,,,[otherhealthcondition_endometriosis_yes(OtherConditions_Endometriosis)] = '1',,,,,,
Personal and Family Health Hist,,other_howoldwereyouendometriosis,personal_and_family_health_history,,radio,About how old were you when you were first told you had endometriosis?,"HowOldWereYouEndometriosis_Child, Child (0-11) | HowOldWereYouEndometriosis_Adolescent, Adolescent (12-17) | HowOldWereYouEndometriosis_Adult, Adult (18-64) | HowOldWereYouEndometriosis_OlderAdult, Older adult (65-74) | HowOldWereYouEndometriosis_Elderly, Elderly (75+)",,,,[otherhealthcondition_endometriosis_yes(OtherConditions_Endometriosis)] = '1',,,,,,
Personal and Family Health Hist,,other_rxmedsforendometriosis,personal_and_family_health_history,,radio,Are you currently prescribed medications and/or receiving treatment for endometriosis?,"RxMedsforEndometriosis_Yes, Yes | RxMedsforEndometriosis_No, No",,,,[otherhealthcondition_endometriosis_yes(OtherConditions_Endometriosis)] = '1',,,,,,
Personal and Family Health Hist,,otherhealthcondition_enlargedprostate_yes,personal_and_family_health_history,,checkbox,"Including yourself, who in your family has had an enlarged prostate? Select all that apply.","OtherConditions_EnlargedProstate, Self | FatherOtherHealthCondition_EnlargedProstate, Father | SiblingOtherHealthCondition_EnlargedProstate, Sibling | SonOtherHealthCondition_EnlargedProstate, Son | GrandparentOtherHealthCondition_EnlargedProstate, Grandparent",,,,[diagnosedhealthcondition_othercondition(OtherHealthCondition_EnlargedProstate)] = '1',,,,,,
Personal and Family Health Hist,,other_enlargedprostatecurrently,personal_and_family_health_history,,radio,Are you still seeing a doctor or health care provider for an enlarged prostate?,"EnlargedProstateCurrently_Yes, Yes | EnlargedProstateCurrently_No, No",,,,[otherhealthcondition_enlargedprostate_yes(OtherConditions_EnlargedProstate)] = '1',,,,,,
Personal and Family Health Hist,,other_howoldwereyouenlargedprostate,personal_and_family_health_history,,radio,About how old were you when you were first told you had an enlarged prostate?,"HowOldWereYouEnlargedProstate_Child, Child (0-11) | HowOldWereYouEnlargedProstate_Adolescent, Adolescent (12-17) | HowOldWereYouEnlargedProstate_Adult, Adult (18-64) | HowOldWereYouEnlargedProstate_OlderAdult, Older adult (65-74) | HowOldWereYouEnlargedProstate_Elderly, Elderly (75+)",,,,[otherhealthcondition_enlargedprostate_yes(OtherConditions_EnlargedProstate)] = '1',,,,,,
Personal and Family Health Hist,,other_rxmedsforenlargedprostate,personal_and_family_health_history,,radio,Are you currently prescribed medications and/or receiving treatment for an enlarged prostate?,"RxMedsforEnlargedProstate_Yes, Yes | RxMedsforEnlargedProstate_No, No",,,,[otherhealthcondition_enlargedprostate_yes(OtherConditions_EnlargedProstate)] = '1',,,,,,
Personal and Family Health Hist,,otherhealthcondition_fibroids_yes,personal_and_family_health_history,,checkbox,"Including yourself, who in your family has had fibroids? Select all that apply.","OtherConditions_Fibroids, Self | MotherOtherHealthCondition_Fibroids, Mother | SiblingOtherHealthCondition_Fibroids, Sibling | DaughterOtherHealthCondition_Fibroids, Daughter | GrandparentOtherHealthCondition_Fibroids, Grandparent",,,,[diagnosedhealthcondition_othercondition(OtherHealthCondition_Fibroids)] = '1',,,,,,
Personal and Family Health Hist,,other_fibroidscurrently,personal_and_family_health_history,,radio,Are you still seeing a doctor or health care provider for fibroids?,"FibroidsCurrently_Yes, Yes | FibroidsCurrently_No, No",,,,[otherhealthcondition_fibroids_yes(OtherConditions_Fibroids)] = '1',,,,,,
Personal and Family Health Hist,,other_howoldwereyoufibroids,personal_and_family_health_history,,radio,About how old were you when you were first told you had fibroids?,"HowOldWereYouFibroids_Child, Child (0-11) | HowOldWereYouFibroids_Adolescent, Adolescent (12-17) | HowOldWereYouFibroids_Adult, Adult (18-64) | HowOldWereYouFibroids_OlderAdult, Older adult (65-74) | HowOldWereYouFibroids_Elderly, Elderly (75+)",,,,[otherhealthcondition_fibroids_yes(OtherConditions_Fibroids)] = '1',,,,,,
Personal and Family Health Hist,,other_rxmedsforfibroids,personal_and_family_health_history,,radio,Are you currently prescribed medications and/or receiving treatment for fibroids?,"RxMedsforFibroids_Yes, Yes | RxMedsforFibroids_No, No",,,,[otherhealthcondition_fibroids_yes(OtherConditions_Fibroids)] = '1',,,,,,
Personal and Family Health Hist,,otherhealthcondition_obesity_yes,personal_and_family_health_history,,checkbox,"Including yourself, who in your family has had obesity? Select all that apply.","OtherConditions_Obesity, Self | MotherOtherHealthCondition_Obesity, Mother | FatherOtherHealthCondition_Obesity, Father | SiblingOtherHealthCondition_Obesity, Sibling | DaughterOtherHealthCondition_Obesity, Daughter | SonOtherHealthCondition_Obesity, Son | GrandparentOtherHealthCondition_Obesity, Grandparent",,,,[diagnosedhealthcondition_othercondition(DiagnosedHealthCondition_Obesity)] = '1',,,,,,
Personal and Family Health Hist,,other_obesitycurrently,personal_and_family_health_history,,radio,Are you still seeing a doctor or health care provider for obesity?,"ObesityCurrently_Yes, Yes | ObesityCurrently_No, No",,,,[otherhealthcondition_obesity_yes(OtherConditions_Obesity)] = '1',,,,,,
Personal and Family Health Hist,,other_howoldwereyouobesity,personal_and_family_health_history,,radio,About how old were you when you were first told you had obesity?,"HowOldWereYouObesity_Child, Child (0-11) | HowOldWereYouObesity_Adolescent, Adolescent (12-17) | HowOldWereYouObesity_Adult, Adult (18-64) | HowOldWereYouObesity_OlderAdult, Older adult (65-74) | HowOldWereYouObesity_Elderly, Elderly (75+)",,,,[otherhealthcondition_obesity_yes(OtherConditions_Obesity)] = '1',,,,,,
Personal and Family Health Hist,,other_rxmedsforobesity,personal_and_family_health_history,,radio,Are you currently prescribed medications and/or receiving treatment for obesity?,"RxMedsforObesity_Yes, Yes | RxMedsforObesity_No, No",,,,[otherhealthcondition_obesity_yes(OtherConditions_Obesity)] = '1',,,,,,
Personal and Family Health Hist,,otherhealthcondition_polycysticovariansyndrome_yes,personal_and_family_health_history,,checkbox,"Including yourself, who in your family has had polycystic ovarian syndrome? Select all that apply.","OtherConditions_PCOS, Self | MotherOtherHealthCondition_PolycysticOvarianSyndrome, Mother | SiblingOtherHealthCondition_PolycysticOvarianSyndrome, Sibling | DaughterOtherHealthCondition_PolycysticOvarianSyndrome, Daughter | GrandparentOtherHealthCondition_PolycysticOvarianSyndrome, Grandparent",,,,[diagnosedhealthcondition_othercondition(OtherHealthCondition_PolycysticOvarianSyndrome)] = '1',,,,,,
Personal and Family Health Hist,,other_pcoscurrently,personal_and_family_health_history,,radio,Are you still seeing a doctor or health care provider for polycystic ovarian syndrome?,"PCOSCurrently_Yes, Yes | PCOSCurrently_No, No",,,,[otherhealthcondition_polycysticovariansyndrome_yes(OtherConditions_PCOS)] = '1',,,,,,
Personal and Family Health Hist,,other_howoldwereyoupcos,personal_and_family_health_history,,radio,About how old were you when you were first told you had polycystic ovarian syndrome?,"HowOldWereYouPCOS_Child, Child (0-11) | HowOldWereYouPCOS_Adolescent, Adolescent (12-17) | HowOldWereYouPCOS_Adult, Adult (18-64) | HowOldWereYouPCOS_OlderAdult, Older adult (65-74) | HowOldWereYouPCOS_Elderly, Elderly (75+)",,,,[otherhealthcondition_polycysticovariansyndrome_yes(OtherConditions_PCOS)] = '1',,,,,,
Personal and Family Health Hist,,other_rxmedsforpcos,personal_and_family_health_history,,radio,Are you currently prescribed medications and/or receiving treatment for polycystic ovarian syndrome?,"RxMedsforPCOS_Yes, Yes | RxMedsforPCOS_No, No",,,,[otherhealthcondition_polycysticovariansyndrome_yes(OtherConditions_PCOS)] = '1',,,,,,
Personal and Family Health Hist,,otherhealthcondition_reactionstoanesthesia_yes,personal_and_family_health_history,,checkbox,"Including yourself, who in your family has had reactions to anesthesia (such as hyperthermia)? Select all that apply.","OtherConditions_ReactionsAnesthesia, Self | MotherOtherHealthCondition_ReactionToAnesthesia, Mother | FatherOtherHealthCondition_ReactionsToAnesthesia, Father | SiblingOtherHealthCondition_ReactionsToAnesthesia, Sibling | DaughterOtherHealthCondition_ReactionsToAnesthesia, Daughter | SonOtherHealthCondition_ReactionsToAnesthesia, Son | GrandparentOtherHealthCondition_ReactionsToAnesthesia, Grandparent",,,,[diagnosedhealthcondition_othercondition(OtherHealthCondition_ReactionsToAnesthesia)] = '1',,,,,,
Personal and Family Health Hist,,other_reactionsanesthesiacurrently,personal_and_family_health_history,,radio,Are you still seeing a doctor or health care provider for reactions to anesthesia (such as hyperthermia)?,"ReactionsAnesthesiaCurrently_Yes, Yes | ReactionsAnesthesiaCurrently_No, No",,,,[otherhealthcondition_reactionstoanesthesia_yes(OtherConditions_ReactionsAnesthesia)] = '1',,,,,,
Personal and Family Health Hist,,other_howoldwereyoureactionsanesthesia,personal_and_family_health_history,,radio,About how old were you when you were first told you had reactions to anesthesia (such as hyperthermia)?,"HowOldWereYouReactionsAnesthesia_Child, Child (0-11) | HowOldWereYouReactionsAnesthesia_Adolescent, Adolescent (12-17) | HowOldWereYouReactionsAnesthesia_Adult, Adult (18-64) | HowOldWereYouReactionsAnesthesia_OlderAdult, Older adult (65-74) | HowOldWereYouReactionsAnesthesia_Elderly, Elderly (75+)",,,,[otherhealthcondition_reactionstoanesthesia_yes(OtherConditions_ReactionsAnesthesia)] = '1',,,,,,
Personal and Family Health Hist,,other_rxmedsforreactionsanesthesia,personal_and_family_health_history,,radio,Are you currently prescribed medications and/or receiving treatment for reactions to anesthesia (such as hyperthermia)?,"RxMedsforReactionsAnesthesia_Yes, Yes | RxMedsforReactionsAnesthesia_No, No",,,,[otherhealthcondition_reactionstoanesthesia_yes(OtherConditions_ReactionsAnesthesia)] = '1',,,,,,
Personal and Family Health Hist,,diagnosedhealthcondition_skincondition_yes,personal_and_family_health_history,,checkbox,"Including yourself, who in your family has had skin condition(s) (e.g., eczema, psoriasis)? Select all that apply.","OtherConditions_SkinCondition, Self | MotherOtherHealthCondition_SkinCondition, Mother | FatherOtherHealthCondition_SkinCondition, Father | SiblingOtherHealthCondition_SkinCondition, Sibling | DaughterOtherHealthCondition_SkinCondition, Daughter | SonOtherHealthCondition_SkinCondition, Son | GrandparentOtherHealthCondition_SkinCondition, Grandparent",,,,[diagnosedhealthcondition_othercondition(DiagnosedHealthCondition_SkinCondition)] = '1',,,,,,
Personal and Family Health Hist,,other_skinconditioncurrently,personal_and_family_health_history,,radio,"Are you still seeing a doctor or health care provider for skin condition(s) (e.g., eczema, psoriasis)?","SkinConditionCurrently_Yes, Yes | SkinConditionCurrently_No, No",,,,[diagnosedhealthcondition_skincondition_yes(OtherConditions_SkinCondition)] = '1',,,,,,
Personal and Family Health Hist,,other_howoldwereyouskincondition,personal_and_family_health_history,,radio,"About how old were you when you were first told you had a skin condition(s) (e.g., eczema, psoriasis)?","HowOldWereYouSkinCondition_Child, Child (0-11) | HowOldWereYouSkinCondition_Adolescent, Adolescent (12-17) | HowOldWereYouSkinCondition_Adult, Adult (18-64) | HowOldWereYouSkinCondition_OlderAdult, Older adult (65-74) | HowOldWereYouSkinCondition_Elderly, Elderly (75+)",,,,[diagnosedhealthcondition_skincondition_yes(OtherConditions_SkinCondition)] = '1',,,,,,
Personal and Family Health Hist,,other_rxmedsforskincondition,personal_and_family_health_history,,radio,"Are you currently prescribed medications and/or receiving treatment for a skin condition(s) (e.g., eczema, psoriasis)?","RxMedsforSkinCondition_Yes, Yes | RxMedsforSkinCondition_No, No",,,,[diagnosedhealthcondition_skincondition_yes(OtherConditions_SkinCondition)] = '1',,,,,,
Personal and Family Health Hist,,diagnosedhealthcondition_vitaminbdeficiency_yes,personal_and_family_health_history,,checkbox,"Including yourself, who in your family has had vitamin B deficiency? Select all that apply.","OtherConditions_VitaminBDeficiency, Self | MotherOtherHealthCondition_VitaminBDeficiency, Mother | FatherOtherHealthCondition_VitaminBDeficiency, Father | SiblingOtherHealthCondition_VitaminBDeficiency, Sibling | DaughterOtherHealthCondition_VitaminBDeficiency, Daughter | SonOtherHealthCondition_VitaminBDeficiency, Son | GrandparentOtherHealthCondition_VitaminBDeficiency, Grandparent",,,,[diagnosedhealthcondition_othercondition(OtherHealthCondition_VitaminBDeficiency)] = '1',,,,,,
Personal and Family Health Hist,,other_vitaminbdeficiencycurrently,personal_and_family_health_history,,radio,Are you still seeing a doctor or health care provider for vitamin B deficiency?,"VitaminBDeficiencyCurrently_Yes, Yes | VitaminBDeficiencyCurrently_No, No",,,,[diagnosedhealthcondition_vitaminbdeficiency_yes(OtherConditions_VitaminBDeficiency)] = '1',,,,,,
Personal and Family Health Hist,,other_howoldwereyouvitaminbdeficiency,personal_and_family_health_history,,radio,About how old were you when you were first told you had vitamin B deficiency?,"HowOldWereYouVitaminBDeficiency_Child, Child (0-11) | HowOldWereYouVitaminBDeficiency_Adolescent, Adolescent (12-17) | HowOldWereYouVitaminBDeficiency_Adult, Adult (18-64) | HowOldWereYouVitaminBDeficiency_OlderAdult, Older adult (65-74) | HowOldWereYouVitaminBDeficiency_Elderly, Elderly (75+)",,,,[diagnosedhealthcondition_vitaminbdeficiency_yes(OtherConditions_VitaminBDeficiency)] = '1',,,,,,
Personal and Family Health Hist,,other_rxmedsforvitaminbdeficiency,personal_and_family_health_history,,radio,Are you currently prescribed medications and/or receiving treatment for vitamin B deficiency?,"RxMedsforVitaminBDeficiency_Yes, Yes | RxMedsforVitaminBDeficiency_No, No",,,,[diagnosedhealthcondition_vitaminbdeficiency_yes(OtherConditions_VitaminBDeficiency)] = '1',,,,,,
Personal and Family Health Hist,,diagnosedhealthcondition_vitaminddeficiency_yes,personal_and_family_health_history,,checkbox,"Including yourself, who in your family has had vitamin D deficiency? Select all that apply.","OtherConditions_VitaminDDeficiency, Self | MotherOtherHealthCondition_VitaminDDeficiency, Mother | FatherOtherHealthCondition_VitaminDDeficiency, Father | SiblingOtherHealthCondition_VitaminDDeficiency, Sibling | DaughterOtherHealthCondition_VitaminDDeficiency, Daughter | SonOtherHealthCondition_VitaminDDeficiency, Son | GrandparentOtherHealthCondition_VitaminDDeficiency, Grandparent",,,,[diagnosedhealthcondition_othercondition(OtherHealthCondition_VitaminDDeficiency)] = '1',,,,,,
Personal and Family Health Hist,,other_vitaminddeficiencycurrently,personal_and_family_health_history,,radio,Are you still seeing a doctor or health care provider for vitamin D deficiency?,"VitaminDDeficiencyCurrently_Yes, Yes | VitaminDDeficiencyCurrently_No, No",,,,[diagnosedhealthcondition_vitaminddeficiency_yes(OtherConditions_VitaminDDeficiency)] = '1',,,,,,
Personal and Family Health Hist,,other_howoldwereyouvitaminddeficiency,personal_and_family_health_history,,radio,About how old were you when you were first told you had vitamin D deficiency?,"HowOldWereYouVitaminDDeficiency_Child, Child (0-11) | HowOldWereYouVitaminDDeficiency_Adolescent, Adolescent (12-17) | HowOldWereYouVitaminDDeficiency_Adult, Adult (18-64) | HowOldWereYouVitaminDDeficiency_OlderAdult, Older adult (65-74) | HowOldWereYouVitaminDDeficiency_Elderly, Elderly (75+)",,,,[diagnosedhealthcondition_vitaminddeficiency_yes(OtherConditions_VitaminDDeficiency)] = '1',,,,,,
Personal and Family Health Hist,,other_rxmedsforvitaminddeficiency,personal_and_family_health_history,,radio,Are you currently prescribed medications and/or receiving treatment for vitamin D deficiency?,"RxMedsforVitaminDDeficiency_Yes, Yes | RxMedsforVitaminDDeficiency_No, No",,,,[diagnosedhealthcondition_vitaminddeficiency_yes(OtherConditions_VitaminDDeficiency)] = '1',,,,,,
Personal and Family Health Hist,,otherhealthcondition_otherhealthcondition_yes,personal_and_family_health_history,,checkbox,"Including yourself, who in your family has had other condition(s)? Select all that apply.","OtherConditions_OtherDiagnosis, Self | MotherOtherHealthCondition_OtherCondition, Mother | FatherOtherHealthCondition_OtherCondition, Father | SiblingOtherHealthCondition_OtherCondition, Sibling | DaughterOtherHealthCondition_OtherCondition, Daughter | SonOtherHealthCondition_OtherCondition, Son | GrandparentOtherHealthCondition_OtherCondition, Grandparent",,,,[diagnosedhealthcondition_othercondition(Otherhealthcondition_othercondition)] = '1',,,,,,
Personal and Family Health Hist,,otherdiagnosis_freetextbox,personal_and_family_health_history,,text,Please specify the other condition(s) you have had.,,,,,[otherhealthcondition_otherhealthcondition_yes(OtherConditions_OtherDiagnosis)] = '1',,,,,REGISTERED_QUESTION_SUPPRESSED,CONTROLLED_QUESTION_SUPPRESSED
Personal and Family Health Hist,,otherdiagnosis_motherfreetextbox,personal_and_family_health_history,,text,Please specify the other condition(s) your mother has had.,,,,,[otherhealthcondition_otherhealthcondition_yes(MotherOtherHealthCondition_OtherCondition)] = '1',,,,,REGISTERED_QUESTION_SUPPRESSED,CONTROLLED_QUESTION_SUPPRESSED
Personal and Family Health Hist,,otherdiagnosis_fatherfreetextbox,personal_and_family_health_history,,text,Please specify the other condition(s) your father has had.,,,,,[otherhealthcondition_otherhealthcondition_yes(FatherOtherHealthCondition_OtherCondition)] = '1',,,,,REGISTERED_QUESTION_SUPPRESSED,CONTROLLED_QUESTION_SUPPRESSED
Personal and Family Health Hist,,otherdiagnosis_siblingfreetextbox,personal_and_family_health_history,,text,Please specify the other condition(s) your sibling(s) has had.,,,,,[otherhealthcondition_otherhealthcondition_yes(SiblingOtherHealthCondition_OtherCondition)] = '1',,,,,REGISTERED_QUESTION_SUPPRESSED,CONTROLLED_QUESTION_SUPPRESSED
Personal and Family Health Hist,,otherdiagnosis_daughterfreetextbox,personal_and_family_health_history,,text,Please specify the other condition(s) your daughter(s) has had.,,,,,[otherhealthcondition_otherhealthcondition_yes(DaughterOtherHealthCondition_OtherCondition)] = '1',,,,,REGISTERED_QUESTION_SUPPRESSED,CONTROLLED_QUESTION_SUPPRESSED
Personal and Family Health Hist,,otherdiagnosis_sonfreetextbox,personal_and_family_health_history,,text,Please specify the other condition(s) your son(s) has had.,,,,,[otherhealthcondition_otherhealthcondition_yes(SonOtherHealthCondition_OtherCondition)] = '1',,,,,REGISTERED_QUESTION_SUPPRESSED,CONTROLLED_QUESTION_SUPPRESSED
Personal and Family Health Hist,,otherdiagnosis_grandparentfreetextbox,personal_and_family_health_history,,text,Please specify the other condition(s) your grandparent(s) has had.,,,,,[otherhealthcondition_otherhealthcondition_yes(GrandparentOtherHealthCondition_OtherCondition)] = '1',,,,,REGISTERED_QUESTION_SUPPRESSED,CONTROLLED_QUESTION_SUPPRESSED
Personal and Family Health Hist,,other_otherdiagnosiscurrently,personal_and_family_health_history,,radio,Are you still seeing a doctor or health care provider for other condition(s)?,"OtherDiagnosisCurrently_Yes, Yes | OtherDiagnosisCurrentlyCurrently_No, No",,,,[otherhealthcondition_otherhealthcondition_yes(OtherConditions_OtherDiagnosis)] = '1',,,,,,
Personal and Family Health Hist,,other_howoldwereyouotherdiagnosis,personal_and_family_health_history,,radio,About how old were you when you were first told you had other condition(s)?,"HowOldWereYouOtherDiagnosis_Child, Child (0-11) | HowOldWereYouOtherDiagnosis_Adolescent, Adolescent (12-17) | HowOldWereYouOtherDiagnosis_Adult, Adult (18-64) | HowOldWereYouOtherDiagnosis_OlderAdult, Older adult (65-74) | HowOldWereYouOtherDiagnosis_Elderly, Elderly (75+)",,,,[otherhealthcondition_otherhealthcondition_yes(OtherConditions_OtherDiagnosis)] = '1',,,,,,
Personal and Family Health Hist,,other_rxmedsforotherdiagnosis,personal_and_family_health_history,,radio,Are you currently prescribed medications and/or receiving treatment for other condition(s)?,"RxMedsforOtherDiagnosis_Yes, Yes | RxMedsforOtherDiagnosis_No, No",,,,[otherhealthcondition_otherhealthcondition_yes(OtherConditions_OtherDiagnosis)] = '1',,,,,,
Personal and Family Health Hist,,infectiousdiseases_infectiousdiseasecondition,personal_and_family_health_history,Infectious Diseases,checkbox,Have you ever been diagnosed with the following conditions? Select all that apply.,"InfectiousDiseaseCondition_Chickenpox, Chickenpox | InfectiousDiseaseCondition_ChronicSinusInfection, Chronic sinus infections | InfectiousDiseaseCondition_DengueFever, Dengue fever | InfectiousDiseaseCondition_HepatitisA, Hepatitis A | InfectiousDiseaseCondition_HepatitisB, Hepatitis B | InfectiousDiseaseCondition_HepatitisC, Hepatitis C | InfectiousDiseaseCondition_HIVAIDS, HIV/AIDS | InfectiousDiseaseCondition_LymeDisease, Lyme disease | InfectiousDiseaseCondition_UrinaryTractInfection, Recurrent urinary tract infections (UTI)/bladder infections | InfectiousDiseaseCondition_YeastInfection, Recurrent yeast infections | InfectiousDiseaseCondition_SARS, Severe acute respiratory syndrome (SARS) | InfectiousDiseaseCondition_SexuallyTransmittedInfections, Sexually transmitted infections (gonorrhea, syphilis, chlamydia) | InfectiousDiseaseCondition_Shingles, Shingles | InfectiousDiseaseCondition_Tuberculosis, Tuberculosis | InfectiousDiseaseCondition_WestNileVirus, West Nile virus | InfectiousDiseaseCondition_ZikaVirus, Zika virus | InfectiousDiseaseCondition_OtherInfectiousDisease, Other infectious disease | InfectiousDiseaseCondition_NoInfectiousDisease, I have/have had no infectious disease",,,,,,,,,,
Personal and Family Health Hist,,infectiousdiseases_chickenpoxcurrently,personal_and_family_health_history,,radio,Are you still seeing a doctor or health care provider for chickenpox?,"ChickenpoxCurrently_Yes, Yes | ChickenpoxCurrently_No, No",,,,[infectiousdiseases_infectiousdiseasecondition(InfectiousDiseaseCondition_Chickenpox)] = '1',,,,,,
Personal and Family Health Hist,,infectiousdiseases_howoldwereyouchickenpox,personal_and_family_health_history,,radio,About how old were you when you were first told you had chickenpox?,"HowOldWereYouChickenpox_Child, Child (0-11) | HowOldWereYouChickenpox_Adolescent, Adolescent (12-17) | HowOldWereYouChickenpox_Adult, Adult (18-64) | HowOldWereYouChickenpox_OlderAdult, Older adult (65-74) | HowOldWereYouChickenpox_Elderly, Elderly (75+)",,,,[infectiousdiseases_infectiousdiseasecondition(InfectiousDiseaseCondition_Chickenpox)] = '1',,,,,,
Personal and Family Health Hist,,infectiousdiseases_rxmedsforchickenpox,personal_and_family_health_history,,radio,Are you currently prescribed medications and/or receiving treatment for chickenpox?,"RxMedsforChickenpox_Yes, Yes | RxMedsforChickenpox_No, No",,,,[infectiousdiseases_infectiousdiseasecondition(InfectiousDiseaseCondition_Chickenpox)] = '1',,,,,,
Personal and Family Health Hist,,infectiousdiseases_chronicsinuscurrently,personal_and_family_health_history,,radio,Are you still seeing a doctor or health care provider for chronic sinus infections?,"ChronicSinusCurrently_Yes, Yes | ChronicSinusCurrently_No, No",,,,[infectiousdiseases_infectiousdiseasecondition(InfectiousDiseaseCondition_ChronicSinusInfection)] = '1',,,,,,
Personal and Family Health Hist,,infectiousdiseases_howoldwereyouchronicsinus,personal_and_family_health_history,,radio,About how old were you when you were first told you had chronic sinus infections?,"HowOldWereYouChronicSinus_Child, Child (0-11) | HowOldWereYouChronicSinus_Adolescent, Adolescent (12-17) | HowOldWereYouChronicSinus_Adult, Adult (18-64) | HowOldWereYouChronicSinus_OlderAdult, Older adult (65-74) | HowOldWereYouChronicSinus_Elderly, Elderly (75+)",,,,[infectiousdiseases_infectiousdiseasecondition(InfectiousDiseaseCondition_ChronicSinusInfection)] = '1',,,,,,
Personal and Family Health Hist,,infectiousdiseases_rxmedsforchronicsinus,personal_and_family_health_history,,radio,Are you currently prescribed medications and/or receiving treatment for chronic sinus infections?,"RxMedsforChronicSinus_Yes, Yes | RxMedsforChronicSinus_No, No",,,,[infectiousdiseases_infectiousdiseasecondition(InfectiousDiseaseCondition_ChronicSinusInfection)] = '1',,,,,,
Personal and Family Health Hist,,infectiousdiseases_denguefevercurrently,personal_and_family_health_history,,radio,Are you still seeing a doctor or health care provider for dengue fever?,"DengueFeverCurrently_Yes, Yes | DengueFeverCurrently_No, No",,,,[infectiousdiseases_infectiousdiseasecondition(InfectiousDiseaseCondition_DengueFever)] = '1',,,,,,
Personal and Family Health Hist,,infectiousdiseases_howoldwereyoudenguefever,personal_and_family_health_history,,radio,About how old were you when you were first told you had dengue fever?,"HowOldWereYouDengueFever_Child, Child (0-11) | HowOldWereYouDengueFever_Adolescent, Adolescent (12-17) | HowOldWereYouDengueFever_Adult, Adult (18-64) | HowOldWereYouDengueFever_OlderAdult, Older adult (65-74) | HowOldWereYouDengueFever_Elderly, Elderly (75+)",,,,[infectiousdiseases_infectiousdiseasecondition(InfectiousDiseaseCondition_DengueFever)] = '1',,,,,,
Personal and Family Health Hist,,infectiousdiseases_rxmedsfordenguefever,personal_and_family_health_history,,radio,Are you currently prescribed medications and/or receiving treatment for dengue fever?,"RxMedsforDengueFever_Yes, Yes | RxMedsforDengueFever_No, No",,,,[infectiousdiseases_infectiousdiseasecondition(InfectiousDiseaseCondition_DengueFever)] = '1',,,,,,
Personal and Family Health Hist,,infectiousdiseases_hepatitisacurrently,personal_and_family_health_history,,radio,Are you still seeing a doctor or health care provider for hepatitis A?,"HepatitisACurrently_Yes, Yes | HepatitisACurrently_No, No",,,,[infectiousdiseases_infectiousdiseasecondition(InfectiousDiseaseCondition_HepatitisA)] = '1',,,,,,
Personal and Family Health Hist,,infectiousdiseases_howoldwereyouhepatitisa,personal_and_family_health_history,,radio,About how old were you when you were first told you had hepatitis A?,"HowOldWereYouHepatitisA_Child, Child (0-11) | HowOldWereYouHepatitisA_Adolescent, Adolescent (12-17) | HowOldWereYouHepatitisA_Adult, Adult (18-64) | HowOldWereYouHepatitisA_OlderAdult, Older adult (65-74) | HowOldWereYouHepatitisA_Elderly, Elderly (75+)",,,,[infectiousdiseases_infectiousdiseasecondition(InfectiousDiseaseCondition_HepatitisA)] = '1',,,,,,
Personal and Family Health Hist,,infectiousdiseases_rxmedsforhepatitisa,personal_and_family_health_history,,radio,Are you currently prescribed medications and/or receiving treatment for hepatitis A?,"RxMedsforHepatitisA_Yes, Yes | RxMedsforHepatitisA_No, No",,,,[infectiousdiseases_infectiousdiseasecondition(InfectiousDiseaseCondition_HepatitisA)] = '1',,,,,,
Personal and Family Health Hist,,infectiousdiseases_hepatitisbcurrently,personal_and_family_health_history,,radio,Are you still seeing a doctor or health care provider for hepatitis B?,"HepatitisBCurrently_Yes, Yes | HepatitisBCurrently_No, No",,,,[infectiousdiseases_infectiousdiseasecondition(InfectiousDiseaseCondition_HepatitisB)] = '1',,,,,,
Personal and Family Health Hist,,infectiousdiseases_howoldwereyouhepatitisb,personal_and_family_health_history,,radio,About how old were you when you were first told you had hepatitis B?,"HowOldWereYouHepatitisB_Child, Child (0-11) | HowOldWereYouHepatitisB_Adolescent, Adolescent (12-17) | HowOldWereYouHepatitisB_Adult, Adult (18-64) | HowOldWereYouHepatitisB_OlderAdult, Older adult (65-74) | HowOldWereYouHepatitisB_Elderly, Elderly (75+)",,,,[infectiousdiseases_infectiousdiseasecondition(InfectiousDiseaseCondition_HepatitisB)] = '1',,,,,,
Personal and Family Health Hist,,infectiousdiseases_rxmedsforhepatitisb,personal_and_family_health_history,,radio,Are you currently prescribed medications and/or receiving treatment for hepatitis B?,"RxMedsforHepatitisB_Yes, Yes | RxMedsforHepatitisB_No, No",,,,[infectiousdiseases_infectiousdiseasecondition(InfectiousDiseaseCondition_HepatitisB)] = '1',,,,,,
Personal and Family Health Hist,,infectiousdiseases_hepatitisccurrently,personal_and_family_health_history,,radio,Are you still seeing a doctor or health care provider for hepatitis C?,"HepatitisCCurrently_Yes, Yes | HepatitisCCurrently_No, No",,,,[infectiousdiseases_infectiousdiseasecondition(InfectiousDiseaseCondition_HepatitisC)] = '1',,,,,,
Personal and Family Health Hist,,infectiousdiseases_howoldwereyouhepatitisc,personal_and_family_health_history,,radio,About how old were you when you were first told you had hepatitis C?,"HowOldWereYouHepatitisC_Child, Child (0-11) | HowOldWereYouHepatitisC_Adolescent, Adolescent (12-17) | HowOldWereYouHepatitisC_Adult, Adult (18-64) | HowOldWereYouHepatitisC_OlderAdult, Older adult (65-74) | HowOldWereYouHepatitisC_Elderly, Elderly (75+)",,,,[infectiousdiseases_infectiousdiseasecondition(InfectiousDiseaseCondition_HepatitisC)] = '1',,,,,,
Personal and Family Health Hist,,infectiousdiseases_rxmedsforhepatitisc,personal_and_family_health_history,,radio,Are you currently prescribed medications and/or receiving treatment for hepatitis C?,"RxMedsforHepatitisC_Yes, Yes | RxMedsforHepatitisC_No, No",,,,[infectiousdiseases_infectiousdiseasecondition(InfectiousDiseaseCondition_HepatitisC)] = '1',,,,,,
Personal and Family Health Hist,,infectiousdiseases_hivaidscurrently,personal_and_family_health_history,,radio,Are you still seeing a doctor or health care provider for HIV/AIDS?,"HIVAIDSCurrently_Yes, Yes | HIVAIDSCurrently_No, No",,,,[infectiousdiseases_infectiousdiseasecondition(InfectiousDiseaseCondition_HIVAIDS)] = '1',,,,,,
Personal and Family Health Hist,,infectiousdiseases_howoldwereyouhivaids,personal_and_family_health_history,,radio,About how old were you when you were first told you had HIV/AIDS?,"HowOldWereYouHIVAIDS_Child, Child (0-11) | HowOldWereYouHIVAIDS_Adolescent, Adolescent (12-17) | HowOldWereYouHIVAIDS_Adult, Adult (18-64) | HowOldWereYouHIVAIDS_OlderAdult, Older adult (65-74) | HowOldWereYouHIVAIDS_Elderly, Elderly (75+)",,,,[infectiousdiseases_infectiousdiseasecondition(InfectiousDiseaseCondition_HIVAIDS)] = '1',,,,,,
Personal and Family Health Hist,,infectiousdiseases_rxmedsforhivaids,personal_and_family_health_history,,radio,Are you currently prescribed medications and/or receiving treatment for HIV/AIDS?,"RxMedsforHIVAIDS_Yes, Yes | RxMedsforHIVAIDS_No, No",,,,[infectiousdiseases_infectiousdiseasecondition(InfectiousDiseaseCondition_HIVAIDS)] = '1',,,,,,
Personal and Family Health Hist,,infectiousdiseases_lymediseasecurrently,personal_and_family_health_history,,radio,Are you still seeing a doctor or health care provider for Lyme disease?,"LymeDiseaseCurrently_Yes, Yes | LymeDiseaseCurrently_No, No",,,,[infectiousdiseases_infectiousdiseasecondition(InfectiousDiseaseCondition_LymeDisease)] = '1',,,,,,
Personal and Family Health Hist,,infectiousdiseases_howoldwereyoulymedisease,personal_and_family_health_history,,radio,About how old were you when you were first told you had Lyme disease?,"HowOldWereYouLymeDisease_Child, Child (0-11) | HowOldWereYouLymeDisease_Adolescent, Adolescent (12-17) | HowOldWereYouLymeDisease_Adult, Adult (18-64) | HowOldWereYouLymeDisease_OlderAdult, Older adult (65-74) | HowOldWereYouLymeDisease_Elderly, Elderly (75+)",,,,[infectiousdiseases_infectiousdiseasecondition(InfectiousDiseaseCondition_LymeDisease)] = '1',,,,,,
Personal and Family Health Hist,,infectiousdiseases_rxmedsforlymedisease,personal_and_family_health_history,,radio,Are you currently prescribed medications and/or receiving treatment for Lyme disease?,"RxMedsforLymeDisease_Yes, Yes | RxMedsforLymeDisease_No, No",,,,[infectiousdiseases_infectiousdiseasecondition(InfectiousDiseaseCondition_LymeDisease)] = '1',,,,,,
Personal and Family Health Hist,,infectiousdiseases_urinarytractcurrently,personal_and_family_health_history,,radio,Are you still seeing a doctor or health care provider for recurrent urinary tract infections (UTI)/bladder infections?,"UrinaryTractCurrently_Yes, Yes | UrinaryTractCurrently_No, No",,,,[infectiousdiseases_infectiousdiseasecondition(InfectiousDiseaseCondition_UrinaryTractInfection)] = '1',,,,,,
Personal and Family Health Hist,,infectiousdiseases_howoldwereyouurinarytract,personal_and_family_health_history,,radio,About how old were you when you were first told you had recurrent urinary tract infections (UTI)/bladder infections?,"HowOldWereYouUrinaryTract_Child, Child (0-11) | HowOldWereYouUrinaryTract_Adolescent, Adolescent (12-17) | HowOldWereYouUrinaryTract_Adult, Adult (18-64) | HowOldWereYouUrinaryTract_OlderAdult, Older adult (65-74) | HowOldWereYouUrinaryTract_Elderly, Elderly (75+)",,,,[infectiousdiseases_infectiousdiseasecondition(InfectiousDiseaseCondition_UrinaryTractInfection)] = '1',,,,,,
Personal and Family Health Hist,,infectiousdiseases_rxmedsforurinarytract,personal_and_family_health_history,,radio,Are you currently prescribed medications and/or receiving treatment for recurrent urinary tract infections (UTI)/bladder infections?,"RxMedsforUrinaryTract_Yes, Yes | RxMedsforUrinaryTract_No, No",,,,[infectiousdiseases_infectiousdiseasecondition(InfectiousDiseaseCondition_UrinaryTractInfection)] = '1',,,,,,
Personal and Family Health Hist,,infectiousdiseases_yeastinfectioncurrently,personal_and_family_health_history,,radio,Are you still seeing a doctor or health care provider for recurrent yeast infections?,"YeastInfectionCurrently_Yes, Yes | YeastInfectionCurrently_No, No",,,,[infectiousdiseases_infectiousdiseasecondition(InfectiousDiseaseCondition_YeastInfection)] = '1',,,,,,
Personal and Family Health Hist,,infectiousdiseases_howoldwereyouyeastinfection,personal_and_family_health_history,,radio,About how old were you when you were first told you had recurrent yeast infections?,"HowOldWereYouYeastInfection_Child, Child (0-11) | HowOldWereYouYeastInfection_Adolescent, Adolescent (12-17) | HowOldWereYouYeastInfection_Adult, Adult (18-64) | HowOldWereYouYeastInfection_OlderAdult, Older adult (65-74) | HowOldWereYouYeastInfection_Elderly, Elderly (75+)",,,,[infectiousdiseases_infectiousdiseasecondition(InfectiousDiseaseCondition_YeastInfection)] = '1',,,,,,
Personal and Family Health Hist,,infectiousdiseases_rxmedsforyeastinfection,personal_and_family_health_history,,radio,Are you currently prescribed medications and/or receiving treatment for recurrent yeast infections?,"RxMedsforYeastInfection_Yes, Yes | RxMedsforYeastInfection_No, No",,,,[infectiousdiseases_infectiousdiseasecondition(InfectiousDiseaseCondition_YeastInfection)] = '1',,,,,,
Personal and Family Health Hist,,infectiousdiseases_sarscurrently,personal_and_family_health_history,,radio,Are you still seeing a doctor or health care provider for severe acute respiratory syndrome (SARS)?,"SARSCurrently_Yes, Yes | SARSCurrently_No, No",,,,[infectiousdiseases_infectiousdiseasecondition(InfectiousDiseaseCondition_SARS)] = '1',,,,,,
Personal and Family Health Hist,,infectiousdiseases_howoldwereyousars,personal_and_family_health_history,,radio,About how old were you when you were first told you had severe acute respiratory syndrome (SARS)?,"HowOldWereYouSARS_Child, Child (0-11) | HowOldWereYouSARS_Adolescent, Adolescent (12-17) | HowOldWereYouSARS_Adult, Adult (18-64) | HowOldWereYouSARS_OlderAdult, Older adult (65-74) | HowOldWereYouSARS_Elderly, Elderly (75+)",,,,[infectiousdiseases_infectiousdiseasecondition(InfectiousDiseaseCondition_SARS)] = '1',,,,,,
Personal and Family Health Hist,,infectiousdiseases_rxmedsforsars,personal_and_family_health_history,,radio,Are you currently prescribed medications and/or receiving treatment for severe acute respiratory syndrome (SARS)?,"RxMedsforSARS_Yes, Yes | RxMedsforSARS_No, No",,,,[infectiousdiseases_infectiousdiseasecondition(InfectiousDiseaseCondition_SARS)] = '1',,,,,,
Personal and Family Health Hist,,infectiousdiseases_stiscurrently,personal_and_family_health_history,,radio,"Are you still seeing a doctor or health care provider for sexually transmitted infections (gonorrhea, syphilis, chlamydia)?","STIsCurrently_Yes, Yes | STIsCurrently_No, No",,,,[infectiousdiseases_infectiousdiseasecondition(InfectiousDiseaseCondition_SexuallyTransmittedInfections)] = '1',,,,,,
Personal and Family Health Hist,,infectiousdiseases_howoldwereyoustis,personal_and_family_health_history,,radio,"About how old were you when you were first told you had sexually transmitted infections (gonorrhea, syphilis, chlamydia)?","HowOldWereYouSTIs_Child, Child (0-11) | HowOldWereYouSTIs_Adolescent, Adolescent (12-17) | HowOldWereYouSTIs_Adult, Adult (18-64) | HowOldWereYouSTIs_OlderAdult, Older adult (65-74) | HowOldWereYouSTIs_Elderly, Elderly (75+)",,,,[infectiousdiseases_infectiousdiseasecondition(InfectiousDiseaseCondition_SexuallyTransmittedInfections)] = '1',,,,,,
Personal and Family Health Hist,,infectiousdiseases_rxmedsforstis,personal_and_family_health_history,,radio,"Are you currently prescribed medications and/or receiving treatment for sexually transmitted infections (gonorrhea, syphilis, chlamydia)?","RxMedsforSTIs_Yes, Yes | RxMedsforSTIs_No, No",,,,[infectiousdiseases_infectiousdiseasecondition(InfectiousDiseaseCondition_SexuallyTransmittedInfections)] = '1',,,,,,
Personal and Family Health Hist,,infectiousdiseases_shinglescurrently,personal_and_family_health_history,,radio,Are you still seeing a doctor or health care provider for shingles?,"ShinglesCurrently_Yes, Yes | ShinglesCurrently_No, No",,,,[infectiousdiseases_infectiousdiseasecondition(InfectiousDiseaseCondition_Shingles)] = '1',,,,,,
Personal and Family Health Hist,,infectiousdiseases_howoldwereyoushingles,personal_and_family_health_history,,radio,About how old were you when you were first told you had shingles?,"HowOldWereYouShingles_Child, Child (0-11) | HowOldWereYouShingles_Adolescent, Adolescent (12-17) | HowOldWereYouShingles_Adult, Adult (18-64) | HowOldWereYouShingles_OlderAdult, Older adult (65-74) | HowOldWereYouShingles_Elderly, Elderly (75+)",,,,[infectiousdiseases_infectiousdiseasecondition(InfectiousDiseaseCondition_Shingles)] = '1',,,,,,
Personal and Family Health Hist,,infectiousdiseases_rxmedsforshingles,personal_and_family_health_history,,radio,Are you currently prescribed medications and/or receiving treatment for shingles?,"RxMedsforShingles_Yes, Yes | RxMedsforShingles_No, No",,,,[infectiousdiseases_infectiousdiseasecondition(InfectiousDiseaseCondition_Shingles)] = '1',,,,,,
Personal and Family Health Hist,,infectiousdiseases_tuberculosiscurrently,personal_and_family_health_history,,radio,Are you still seeing a doctor or health care provider for tuberculosis?,"TuberculosisCurrently_Yes, Yes | TuberculosisCurrently_No, No",,,,[infectiousdiseases_infectiousdiseasecondition(InfectiousDiseaseCondition_Tuberculosis)] = '1',,,,,,
Personal and Family Health Hist,,infectiousdiseases_howoldwereyoutuberculosis,personal_and_family_health_history,,radio,About how old were you when you were first told you had tuberculosis?,"HowOldWereYouTuberculosis_Child, Child (0-11) | HowOldWereYouTuberculosis_Adolescent, Adolescent (12-17) | HowOldWereYouTuberculosis_Adult, Adult (18-64) | HowOldWereYouTuberculosis_OlderAdult, Older adult (65-74) | HowOldWereYouTuberculosis_Elderly, Elderly (75+)",,,,[infectiousdiseases_infectiousdiseasecondition(InfectiousDiseaseCondition_Tuberculosis)] = '1',,,,,,
Personal and Family Health Hist,,infectiousdiseases_rxmedsfortuberculosis,personal_and_family_health_history,,radio,Are you currently prescribed medications and/or receiving treatment for tuberculosis?,"RxMedsforTuberculosis_Yes, Yes | RxMedsforTuberculosis_No, No",,,,[infectiousdiseases_infectiousdiseasecondition(InfectiousDiseaseCondition_Tuberculosis)] = '1',,,,,,
Personal and Family Health Hist,,infectiousdiseases_westnileviruscurrently,personal_and_family_health_history,,radio,Are you still seeing a doctor or health care provider for West Nile virus?,"WestNileVirusCurrently_Yes, Yes | WestNileVirusCurrently_No, No",,,,[infectiousdiseases_infectiousdiseasecondition(InfectiousDiseaseCondition_WestNileVirus)] = '1',,,,,,
Personal and Family Health Hist,,infectiousdiseases_howoldwereyouwestnilevirus,personal_and_family_health_history,,radio,About how old were you when you were first told you had West Nile virus?,"HowOldWereYouWestNileVirus_Child, Child (0-11) | HowOldWereYouWestNileVirus_Adolescent, Adolescent (12-17) | HowOldWereYouWestNileVirus_Adult, Adult (18-64) | HowOldWereYouWestNileVirus_OlderAdult, Older adult (65-74) | HowOldWereYouWestNileVirus_Elderly, Elderly (75+)",,,,[infectiousdiseases_infectiousdiseasecondition(InfectiousDiseaseCondition_WestNileVirus)] = '1',,,,,,
Personal and Family Health Hist,,infectiousdiseases_rxmedsforwestnilevirus,personal_and_family_health_history,,radio,Are you currently prescribed medications and/or receiving treatment for West Nile virus?,"RxMedsforWestNileVirus_Yes, Yes | RxMedsforWestNileVirus_No, No",,,,[infectiousdiseases_infectiousdiseasecondition(InfectiousDiseaseCondition_WestNileVirus)] = '1',,,,,,
Personal and Family Health Hist,,infectiousdiseases_zikaviruscurrently,personal_and_family_health_history,,radio,Are you still seeing a doctor or health care provider for Zika virus?,"ZikaVirusCurrently_Yes, Yes | ZikaVirusCurrently_No, No",,,,[infectiousdiseases_infectiousdiseasecondition(InfectiousDiseaseCondition_ZikaVirus)] = '1',,,,,,
Personal and Family Health Hist,,infectiousdiseases_howoldwereyouzikavirus,personal_and_family_health_history,,radio,About how old were you when you were first told you had Zika virus?,"HowOldWereYouZikaVirus_Child, Child (0-11) | HowOldWereYouZikaVirus_Adolescent, Adolescent (12-17) | HowOldWereYouZikaVirus_Adult, Adult (18-64) | HowOldWereYouZikaVirus_OlderAdult, Older adult (65-74) | HowOldWereYouZikaVirus_Elderly, Elderly (75+)",,,,[infectiousdiseases_infectiousdiseasecondition(InfectiousDiseaseCondition_ZikaVirus)] = '1',,,,,,
Personal and Family Health Hist,,infectiousdiseases_rxmedsforzikavirus,personal_and_family_health_history,,radio,Are you currently prescribed medications and/or receiving treatment for Zika virus?,"RxMedsforZikaVirus_Yes, Yes | RxMedsforZikaVirus_No, No",,,,[infectiousdiseases_infectiousdiseasecondition(InfectiousDiseaseCondition_ZikaVirus)] = '1',,,,,,
Personal and Family Health Hist,,otherinfectiousdisease_freetextbox,personal_and_family_health_history,,text,Please specify the other infectious disease(s) you have had.,,,,,[infectiousdiseases_infectiousdiseasecondition(InfectiousDiseaseCondition_OtherInfectiousDisease)] = '1',,,,,REGISTERED_QUESTION_SUPPRESSED,CONTROLLED_QUESTION_SUPPRESSED
Personal and Family Health Hist,,infectiousdiseases_otherinfectiousdiseasecurrently,personal_and_family_health_history,,radio,Are you still seeing a doctor or health care provider for other infectious disease(s)?,"OtherInfectiousDiseaseCurrently_Yes, Yes | OtherInfectiousDiseaseCurrently_No, No",,,,[infectiousdiseases_infectiousdiseasecondition(InfectiousDiseaseCondition_OtherInfectiousDisease)] = '1',,,,,,
Personal and Family Health Hist,,infectiousdiseases_howoldwereyouotherinfectiousdisease,personal_and_family_health_history,,radio,About how old were you when you were first told you had other infectious disease(s)?,"HowOldWereYouOtherInfectiousDisease_Child, Child (0-11) | HowOldWereYouOtherInfectiousDisease_Adolescent, Adolescent (12-17) | HowOldWereYouOtherInfectiousDisease_Adult, Adult (18-64) | HowOldWereYouOtherInfectiousDisease_OlderAdult, Older adult (65-74) | HowOldWereYouOtherInfectiousDisease_Elderly, Elderly (75+)",,,,[infectiousdiseases_infectiousdiseasecondition(InfectiousDiseaseCondition_OtherInfectiousDisease)] = '1',,,,,,
Personal and Family Health Hist,,infectiousdiseases_rxmedsforotherinfectiousdisease,personal_and_family_health_history,,radio,Are you currently prescribed medications and/or receiving treatment for other infectious disease(s)?,"RxMedsforOtherInfectiousDisease_Yes, Yes | RxMedsforOtherInfectiousDisease_No, No",,,,[infectiousdiseases_infectiousdiseasecondition(InfectiousDiseaseCondition_OtherInfectiousDisease)] = '1',,,,,,
Healthcare Access and Utilizati,,healthcareaccess,healthcare_access_and_utilization,,descriptive,Health Care Access & Utilization,,,,,,,,,,,
Healthcare Access and Utilizati,,insurance_insuranceaccepted,healthcare_access_and_utilization,,radio,"DURING THE PAST 12 MONTHS, were you told by a health care provider or doctor's office that they did not accept your health care coverage?","InsuranceAccepted_Yes, Yes | InsuranceAccepted_No, No | PMI_Dontknow, Don't know",,,,,,LV,,,,
Healthcare Access and Utilizati,,insurance_healthcarecoverage,healthcare_access_and_utilization,,radio,"In regard to your health insurance or health care coverage, how does it compare to a year ago? Is it better, worse, or about the same?","HealthcareCoverage_Better, Better | HealthcareCoverage_Worse, Worse | HealthcareCoverage_AboutTheSame, About the Same | PMI_Dontknow, Don't know",,,,,,LV,,,,
Healthcare Access and Utilizati,,healthadvice_placeforhealthadvice,healthcare_access_and_utilization,,radio,Is there a place that you USUALLY go when you are sick or need advice about your health?,"PlaceforHealthAdvice_Yes, Yes | PlaceforHealthAdvice_No, There is NO place | PlaceforHealthAdvice_MoreThanOne, There is MORE THAN ONE place | PMI_Dontknow, Don't know",,,,,,LV,,,,
Healthcare Access and Utilizati,,healthadvice_whatkindofplace,healthcare_access_and_utilization,,radio,What kind of place do you go to most often?,"WhatKindOfPlace_DoctorsOffice, Doctor's office, clinic, or health center | WhatKindOfPlace_UrgentCare, Urgent care or minute clinic | WhatKindOfPlace_EmergencyRoom, Hospital emergency room | WhatKindOfPlace_SomeOtherPlace, Some other place | WhatKindOfPlace_NoOnePlaceMostOften, Don't go to one place most often | PMI_Dontknow, Don't know",,,,[healthadvice_placeforhealthadvice] = 'PlaceforHealthAdvice_Yes' or [healthadvice_placeforhealthadvice] = 'PlaceforHealthAdvice_MoreThanOne' or [healthadvice_placeforhealthadvice] = 'PMI_Dontknow',,LV,,,,
Healthcare Access and Utilizati,,healthadvice_spokentoprofessional,healthcare_access_and_utilization,,radio,About how long has it been since you last saw or talked to a doctor or other health care provider about your own health?,"SpokenToProfessional_Never, Never | SpokenToProfessional_6moOrLess, 6 months or less | SpokenToProfessional_6MoTo1YearAgo, More than 6 months, but not more than 1 year ago | SpokenToProfessional_1To2YearsAgo, More than 1 year, but not more than 2 years ago | SpokenToProfessional_2To5YearsAgo, More than 2 years, but not more than 5 years ago | SpokenToProfessional_MoreThan5YearsAgo, More than 5 years ago | PMI_Dontknow, Don't know",,,,,,LV,,,,
Healthcare Access and Utilizati,,healthadvice_spokentogeneraldoctor,healthcare_access_and_utilization,"DURING THE PAST 12 MONTHS, have you seen or talked to any of the following doctors or health care providers about your own health?",radio,"A general doctor who treats a variety of illnesses (a physician in general practice, primary care, family medicine, or internal medicine)?

Help text: A provider who sees adult patients for wellness exams and the treatment of diseases","SpokenToGeneralDoctor_Yes, Yes | SpokenToGeneralDoctor_No, No | PMI_Dontknow, Don't know",,,,[healthadvice_spokentoprofessional] = 'SpokenToProfessional_6moOrLess' or [healthadvice_spokentoprofessional] = 'SpokenToProfessional_6MoTo1YearAgo' or [healthadvice_spokentoprofessional] = 'PMI_Dontknow',,LV,,,,
Healthcare Access and Utilizati,,healthadvice_generaldoctorvisits,healthcare_access_and_utilization,,radio,What is the total number of general doctor visits you made in the last 12 months?,"GeneralDoctorVisits_1, 1 | GeneralDoctorVisits_2to3, 2-3 | GeneralDoctorVisits_4to5, 4-5 | GeneralDoctorVisits_6to7, 6-7 | GeneralDoctorVisits_8to9, 8-9 | GeneralDoctorVisits_10to12, 10-12 | GeneralDoctorVisits_13to15, 13-15 | GeneralDoctorVisits_16orMore, 16 or more | PMI_Dontknow, Don't know",,,,[healthadvice_spokentogeneraldoctor] = 'SpokenToGeneralDoctor_Yes',,LV,,,,
Healthcare Access and Utilizati,,healthadvice_spokentonursepractitioner,healthcare_access_and_utilization,,radio,"A nurse practitioner, physician assistant, or midwife?","SpokenToNursePractitioner_Yes, Yes | SpokenToNursePractitioner_No, No | PMI_Dontknow, Don't know",,,,[healthadvice_spokentoprofessional] = 'SpokenToProfessional_6moOrLess' or [healthadvice_spokentoprofessional] = 'SpokenToProfessional_6MoTo1YearAgo' or [healthadvice_spokentoprofessional] = 'PMI_Dontknow',,LV,,,,
Healthcare Access and Utilizati,,healthadvice_nursepractitionervisits,healthcare_access_and_utilization,,radio,"What is the total number of nurse practitioner, physician assistant, or midwife visits you made in the last 12 months?","NursePractitionerVisits_1, 1 | NursePractitionerVisits_2to3, 2-3 | NursePractitionerVisits_4to5, 4-5 | NursePractitionerVisits_6to7, 6-7 | NursePractitionerVisits_8to9, 8-9 | NursePractitionerVisits_10to12, 10-12 | NursePractitionerVisits_13to15, 13-15 | NursePractitionerVisits_16orMore, 16 or more | PMI_Dontknow, Don't know",,,,[healthadvice_spokentonursepractitioner] = 'SpokenToNursePractitioner_Yes',,LV,,,,
Healthcare Access and Utilizati,,healthadvice_spokentoobgyn,healthcare_access_and_utilization,,radio,A doctor who specializes in women's health (an obstetrician/gynecologist)?,"SpokenToOBGYN_Yes, Yes | SpokenToOBGYN_No, No | PMI_Dontknow, Don't know",,,,[healthadvice_spokentoprofessional] = 'SpokenToProfessional_6moOrLess' or [healthadvice_spokentoprofessional] = 'SpokenToProfessional_6MoTo1YearAgo' or [healthadvice_spokentoprofessional] = 'PMI_Dontknow',,LV,,,,
Healthcare Access and Utilizati,,healthadvice_obgynvisits,healthcare_access_and_utilization,,radio,What is the total number of visits to a doctor who specializes in women's health that you made in the last 12 months?,"OBGYNVisits_1, 1 | OBGYNVisits_2to3, 2-3 | OBGYNVisits_4to5, 4-5 | OBGYNVisits_6to7, 6-7 | OBGYNVisits_8to9, 8-9 | OBGYNVisits_10to12, 10-12 | OBGYNVisits_13to15, 13-15 | OBGYNVisits_16orMore, 16 or more | PMI_Dontknow, Don't know",,,,[healthadvice_spokentoobgyn] = 'SpokenToOBGYN_Yes',,LV,,,,
Healthcare Access and Utilizati,,healthadvice_spokentomentalhealthprofessional,healthcare_access_and_utilization,,radio,"A mental health professional such as a psychiatrist, psychologist, psychiatric nurse, or clinical social worker?","SpokenToMentalHealthProfessional_Yes, Yes | SpokenToMentalHealthProfessional_No, No | PMI_Dontknow, Don't know",,,,[healthadvice_spokentoprofessional] = 'SpokenToProfessional_6moOrLess' or [healthadvice_spokentoprofessional] = 'SpokenToProfessional_6MoTo1YearAgo' or [healthadvice_spokentoprofessional] = 'PMI_Dontknow',,LV,,,,
Healthcare Access and Utilizati,,healthadvice_mentalhealthprofessionalvisits,healthcare_access_and_utilization,,radio,What is the total number of visits to a mental health professional that you made in the last 12 months?,"MentalHealthProfessionalVisits_1, 1 | MentalHealthProfessionalVisits_2to3, 2-3 | MentalHealthProfessionalVisits_4to5, 4-5 | MentalHealthProfessionalVisits_6to7, 6-7 | MentalHealthProfessionalVisits_8to9, 8-9 | MentalHealthProfessionalVisits_10to12, 10-12 | MentalHealthProfessionalVisits_13to15, 13-15 | MentalHealthProfessionalVisits_16orMore, 16 or more | PMI_Dontknow, Don't know",,,,[healthadvice_spokentomentalhealthprofessional] = 'SpokenToMentalHealthProfessional_Yes',,LV,,,,
Healthcare Access and Utilizati,,healthadvice_spokentoeyedoctor,healthcare_access_and_utilization,,radio,"An optometrist, ophthalmologist, or eye doctor (someone who prescribes eyeglasses)?","SpokenToEyeDoctor_Yes, Yes | SpokenToEyeDoctor_No, No | PMI_Dontknow, Don't know",,,,[healthadvice_spokentoprofessional] = 'SpokenToProfessional_6moOrLess' or [healthadvice_spokentoprofessional] = 'SpokenToProfessional_6MoTo1YearAgo' or [healthadvice_spokentoprofessional] = 'PMI_Dontknow',,LV,,,,
Healthcare Access and Utilizati,,healthadvice_eyedoctorvisits,healthcare_access_and_utilization,,radio,What is the total number of visits to an eye doctor that you made in the last 12 months?,"EyeDoctorVisits_1, 1 | EyeDoctorVisits_2to3, 2-3 | EyeDoctorVisits_4to5, 4-5 | EyeDoctorVisits_6to7, 6-7 | EyeDoctorVisits_8to9, 8-9 | EyeDoctorVisits_10to12, 10-12 | EyeDoctorVisits_13to15, 13-15 | EyeDoctorVisits_16orMore, 16 or more | PMI_Dontknow, Don't know",,,,[healthadvice_spokentoeyedoctor] = 'SpokenToEyeDoctor_Yes',,LV,,,,
Healthcare Access and Utilizati,,healthadvice_spokentopodiatrist,healthcare_access_and_utilization,,radio,A podiatrist or foot doctor?,"SpokenToPodiatrist_Yes, Yes | SpokenToPodiatrist_No, No | PMI_Dontknow, Don't know",,,,[healthadvice_spokentoprofessional] = 'SpokenToProfessional_6moOrLess' or [healthadvice_spokentoprofessional] = 'SpokenToProfessional_6MoTo1YearAgo' or [healthadvice_spokentoprofessional] = 'PMI_Dontknow',,LV,,,,
Healthcare Access and Utilizati,,healthadvice_podiatristvisits,healthcare_access_and_utilization,,radio,What is the total number of visits to a foot doctor that you made in the last 12 months?,"PodiatristVisits_1, 1 | PodiatristVisits_2to3, 2-3 | PodiatristVisits_4to5, 4-5 | PodiatristVisits_6to7, 6-7 | PodiatristVisits_8to9, 8-9 | PodiatristVisits_10to12, 10-12 | PodiatristVisits_13to15, 13-15 | PodiatristVisits_16orMore, 16 or more | PMI_Dontknow, Don't know",,,,[healthadvice_spokentopodiatrist] = 'SpokenToPodiatrist_Yes',,LV,,,,
Healthcare Access and Utilizati,,healthadvice_spokentochiropractor,healthcare_access_and_utilization,,radio,A chiropractor?,"SpokenToChiropractor_Yes, Yes | SpokenToChiropractor_No, No | PMI_Dontknow, Don't know",,,,[healthadvice_spokentoprofessional] = 'SpokenToProfessional_6moOrLess' or [healthadvice_spokentoprofessional] = 'SpokenToProfessional_6MoTo1YearAgo' or [healthadvice_spokentoprofessional] = 'PMI_Dontknow',,LV,,,,
Healthcare Access and Utilizati,,healthadvice_chiropractorvisits,healthcare_access_and_utilization,,radio,What is the total number of visits to a chiropractor that you made in the last 12 months?,"ChiropractorVisits_1, 1 | ChiropractorVisits_2to3, 2-3 | ChiropractorVisits_4to5, 4-5 | ChiropractorVisits_6to7, 6-7 | ChiropractorVisits_8to9, 8-9 | ChiropractorVisits_10to12, 10-12 | ChiropractorVisits_13to15, 13-15 | ChiropractorVisits_16orMore, 16 or more | PMI_Dontknow, Don't know",,,,[healthadvice_spokentochiropractor] = 'SpokenToChiropractor_Yes',,LV,,,,
Healthcare Access and Utilizati,,healthadvice_spokentophysicaltherapist,healthcare_access_and_utilization,,radio,"A physical therapist, speech therapist, respiratory therapist, audiologist, or occupational therapist?","SpokenToPhysicalTherapist_Yes, Yes | SpokenToPhysicalTherapist_No, No | PMI_Dontknow, Don't know",,,,[healthadvice_spokentoprofessional] = 'SpokenToProfessional_6moOrLess' or [healthadvice_spokentoprofessional] = 'SpokenToProfessional_6MoTo1YearAgo' or [healthadvice_spokentoprofessional] = 'PMI_Dontknow',,LV,,,,
Healthcare Access and Utilizati,,healthadvice_physicaltherapistvisits,healthcare_access_and_utilization,,radio,"What is the total number of visits to a physical therapist, speech therapist, respiratory therapist, audiologist, or occupational therapist that you made in the last 12 months?","PhysicalTherapistVisits_1, 1 | PhysicalTherapistVisits_2to3, 2-3 | PhysicalTherapistVisits_4to5, 4-5 | PhysicalTherapistVisits_6to7, 6-7 | PhysicalTherapistVisits_8to9, 8-9 | PhysicalTherapistVisits_10to12, 10-12 | PhysicalTherapistVisits_13to15, 13-15 | PhysicalTherapistVisits_16orMore, 16 or more | PMI_Dontknow, Don't know",,,,[healthadvice_spokentophysicaltherapist] = 'SpokenToPhysicalTherapist_Yes',,LV,,,,
Healthcare Access and Utilizati,,healthadvice_spokentodentist,healthcare_access_and_utilization,,radio,A dentist or orthodontist?,"SpokenToDentist_Yes, Yes | SpokenToDentist_No, No | PMI_Dontknow, Don't know",,,,[healthadvice_spokentoprofessional] = 'SpokenToProfessional_6moOrLess' or [healthadvice_spokentoprofessional] = 'SpokenToProfessional_6MoTo1YearAgo' or [healthadvice_spokentoprofessional] = 'PMI_Dontknow',,LV,,,,
Healthcare Access and Utilizati,,healthadvice_dentistvisits,healthcare_access_and_utilization,,radio,What is the total number of visits to a dentist or orthodontist that you made in the last 12 months?,"DentistVisits_1, 1 | DentistVisits_2to3, 2-3 | DentistVisits_4to5, 4-5 | DentistVisits_6to7, 6-7 | DentistVisits_8to9, 8-9 | DentistVisits_10to12, 10-12 | DentistVisits_13to15, 13-15 | DentistVisits_16orMore, 16 or more | PMI_Dontknow, Don't know",,,,[healthadvice_spokentodentist] = 'SpokenToDentist_Yes',,LV,,,,
Healthcare Access and Utilizati,,healthadvice_spokentomedicalspecialist,healthcare_access_and_utilization,,radio,"A medical doctor who specializes in a particular medical disease or problem (other than obstetrician/gynecologist, psychiatrist, or ophthalmologist)?
","SpokenToMedicalSpecialist_Yes, Yes | SpokenToMedicalSpecialist_No, No | PMI_Dontknow, Don't know",,,,[healthadvice_spokentoprofessional] = 'SpokenToProfessional_6moOrLess' or [healthadvice_spokentoprofessional] = 'SpokenToProfessional_6MoTo1YearAgo' or [healthadvice_spokentoprofessional] = 'PMI_Dontknow',,LV,,,,
Healthcare Access and Utilizati,,healthadvice_medicalspecialistvisits,healthcare_access_and_utilization,,radio,What is the total number of visits to a medical doctor who specializes in a particular medical disease or problem that you made in the last 12 months?,"MedicalSpecialistVisits_1, 1 | MedicalSpecialistVisits_2to3, 2-3 | MedicalSpecialistVisits_4to5, 4-5 | MedicalSpecialistVisits_6to7, 6-7 | MedicalSpecialistVisits_8to9, 8-9 | MedicalSpecialistVisits_10to12, 10-12 | MedicalSpecialistVisits_13to15, 13-15 | MedicalSpecialistVisits_16orMore, 16 or more | PMI_Dontknow, Don't know",,,,[healthadvice_spokentomedicalspecialist] = 'SpokenToMedicalSpecialist_Yes',,LV,,,,
Healthcare Access and Utilizati,,healthadvice_spokentotraditionalhealer,healthcare_access_and_utilization,,radio,"Traditional healers such as, Shaman, acupuncturist, or non-western medicine?","SpokenToTraditionalHealer_Yes, Yes | SpokenToTraditionalHealer_No, No | PMI_Dontknow, Don't know",,,,[healthadvice_spokentoprofessional] = 'SpokenToProfessional_6moOrLess' or [healthadvice_spokentoprofessional] = 'SpokenToProfessional_6MoTo1YearAgo' or [healthadvice_spokentoprofessional] = 'PMI_Dontknow',,LV,,,,
Healthcare Access and Utilizati,,healthadvice_traditionalhealervisits,healthcare_access_and_utilization,,radio,What is the total number of visits to traditional healers that you made in the last 12 months?,"TraditionalHealerVisits_1, 1 | TraditionalHealerVisits_2to3, 2-3 | TraditionalHealerVisits_4to5, 4-5 | TraditionalHealerVisits_6to7, 6-7 | TraditionalHealerVisits_8to9, 8-9 | TraditionalHealerVisits_10to12, 10-12 | TraditionalHealerVisits_13to15, 13-15 | TraditionalHealerVisits_16orMore, 16 or more | PMI_Dontknow, Don't know",,,,[healthadvice_spokentotraditionalhealer] = 'SpokenToTraditionalHealer_Yes',,LV,,,,
Healthcare Access and Utilizati,,healthadvice_respectedbyprovider,healthcare_access_and_utilization,,radio,How often were you treated with respect by your doctors or health care providers? Would you say...,"RespectedByProvider_Always, Always | RespectedByProvider_MostOfTheTime, Most of the time | RespectedByProvider_SomeOfTheTime, Some of the time | RespectedByProvider_NoneOfTheTime, None of the time | PMI_Dontknow, Don't know",,,,[healthadvice_spokentoprofessional] = 'SpokenToProfessional_6moOrLess' or [healthadvice_spokentoprofessional] = 'SpokenToProfessional_6MoTo1YearAgo' or [healthadvice_spokentoprofessional] = 'PMI_Dontknow',,LV,,,,
Healthcare Access and Utilizati,,healthadvice_askedforopinion,healthcare_access_and_utilization,,radio,"How often did your doctors or health care providers ask for your opinions or beliefs about your medical care or treatment? For example, what kind of tests, procedures, or medications you prefer. Would you say...","AskedForOpinion_Always, Always | AskedForOpinion_MostOfTheTime, Most of the time | AskedForOpinion_SomeOfTheTime, Some of the time | AskedForOpinion_NoneOfTheTime, None of the time | PMI_Dontknow, Don't know",,,,[healthadvice_spokentoprofessional] = 'SpokenToProfessional_6moOrLess' or [healthadvice_spokentoprofessional] = 'SpokenToProfessional_6MoTo1YearAgo' or [healthadvice_spokentoprofessional] = 'PMI_Dontknow',,LV,,,,
Healthcare Access and Utilizati,,healthadvice_easeofunderstanding,healthcare_access_and_utilization,,radio,How often did your doctors or health care providers tell or give you information about your health and health care that was easy to understand? Would you say...,"EaseofUnderstanding_Always, Always | EaseofUnderstanding_MostOfTheTime, Most of the time | EaseofUnderstanding_SomeOfTheTime, Some of the time | EaseofUnderstanding_NoneOfTheTime, None of the time | PMI_Dontknow, Don't know",,,,[healthadvice_spokentoprofessional] = 'SpokenToProfessional_6moOrLess' or [healthadvice_spokentoprofessional] = 'SpokenToProfessional_6MoTo1YearAgo' or [healthadvice_spokentoprofessional] = 'PMI_Dontknow',,LV,,,,
Healthcare Access and Utilizati,,delayedmedicalcare_transportation,healthcare_access_and_utilization,There are many reasons people delay getting medical care. Have you delayed getting care for any of the following reasons in the PAST 12 MONTHS?,radio,Didn't have transportation.,"Transportation_Yes, Yes | Transportation_No, No | PMI_Dontknow, Don't know",,,,,,LV,,,,
Healthcare Access and Utilizati,,delayedmedicalcare_ruralarea,healthcare_access_and_utilization,,radio,You live in a rural area where distance to the health care provider is too far.,"RuralArea_Yes, Yes | RuralArea_No, No | PMI_Dontknow, Don't know",,,,,,LV,,,,
Healthcare Access and Utilizati,,delayedmedicalcare_nervous,healthcare_access_and_utilization,,radio,You were nervous about seeing a health care provider.,"Nervous_Yes, Yes | Nervous_No, No | PMI_Dontknow, Don't know",,,,,,LV,,,,
Healthcare Access and Utilizati,,delayedmedicalcare_timeoffwork,healthcare_access_and_utilization,,radio,Couldn't get time off work.,"TimeOffWork_Yes, Yes | TimeOffWork_No, No | PMI_Dontknow, Don't know",,,,,,LV,,,,
Healthcare Access and Utilizati,,delayedmedicalcare_childcare,healthcare_access_and_utilization,,radio,Couldn't get child care.,"ChildCare_Yes, Yes | ChildCare_No, No | PMI_Dontknow, Don't know",,,,,,LV,,,,
Healthcare Access and Utilizati,,delayedmedicalcare_elderlycare,healthcare_access_and_utilization,,radio,You provide care to an adult and could not leave him/her.,"ElderlyCare_Yes, Yes | ElderlyCare_No, No | PMI_Dontknow, Don't know",,,,,,LV,,,,
Healthcare Access and Utilizati,,delayedmedicalcare_cantaffordcopay,healthcare_access_and_utilization,,radio,Couldn't afford the copay.,"CantAffordCoPay_Yes, Yes | CantAffordCoPay_No, No |PMI_Dontknow, Don't know",,,,,,LV,,,,
Healthcare Access and Utilizati,,delayedmedicalcare_deductibletoohigh,healthcare_access_and_utilization,,radio,Your deductible was too high/or could not afford the deductible.,"DeductibleTooHigh_Yes, Yes | DeductibleTooHigh_No, No | PMI_Dontknow, Don't know",,,,,,LV,,,,
Healthcare Access and Utilizati,,delayedmedicalcare_hadtopayoutofpocket,healthcare_access_and_utilization,,radio,You had to pay out of pocket for some or all of the procedure.,"HadToPayOutOfPocket_Yes, Yes | HadToPayOutOfPocket_No, No | PMI_Dontknow, Don't know",,,,,,LV,,,,
Healthcare Access and Utilizati,,otherdelayedmedicalcare_freetext,healthcare_access_and_utilization,,text,"If other, please specify.",,,,,,,LV,REGISTERED_QUESTION_SUPPRESSED,,REGISTERED_QUESTION_SUPPRESSED,CONTROLLED_QUESTION_SUPPRESSED
Healthcare Access and Utilizati,,cantaffordcare_prescriptionmedicines,healthcare_access_and_utilization,"DURING THE PAST 12 MONTHS, was there any time when you needed any of the following, but didn't get it because you couldn't afford it?",radio,Prescription medicines,"PrescriptionMedicines_Yes, Yes | PrescriptionMedicines_No, No | PMI_Dontknow, Don't know",,,,,,LV,,,,
Healthcare Access and Utilizati,,cantaffordcare_mentalhealthcounseling,healthcare_access_and_utilization,,radio,Mental health care or counseling,"MentalHealthCounseling_Yes, Yes | MentalHealthCounseling_No, No | PMI_Dontknow, Don't know",,,,,,LV,,,,
Healthcare Access and Utilizati,,cantaffordcare_emergencycare,healthcare_access_and_utilization,,radio,Emergency care,"EmergencyCare_Yes, Yes | EmergencyCare_No, No | PMI_Dontknow, Don't know",,,,,,LV,,,,
Healthcare Access and Utilizati,,cantaffordcare_dentalcare,healthcare_access_and_utilization,,radio,Dental care (including check ups),"DentalCare_Yes, Yes | DentalCare_No, No | PMI_Dontknow, Don't know",,,,,,LV,,,,
Healthcare Access and Utilizati,,cantaffordcare_eyeglasses,healthcare_access_and_utilization,,radio,Eyeglasses,"Eyeglasses_Yes, Yes | Eyeglasses_No, No | PMI_Dontknow, Don't know",,,,,,LV,,,,
Healthcare Access and Utilizati,,cantaffordcare_healthcareprovider,healthcare_access_and_utilization,,radio,"To see a regular doctor or general health provider (in primary care, general practice, internal medicine, family medicine)","HealthcareProvider_Yes, Yes | HealthcareProvider_No, No | PMI_Dontknow, Don't know",,,,,,LV,,,,
Healthcare Access and Utilizati,,cantaffordcare_specialist,healthcare_access_and_utilization,,radio,To see a specialist,"Specialist_Yes, Yes | Specialist_No, No | PMI_Dontknow, Don't know",,,,,,LV,,,,
Healthcare Access and Utilizati,,cantaffordcare_followupcare,healthcare_access_and_utilization,,radio,Follow-up care,"FollowupCare_Yes, Yes | FollowupCare_No, No | PMI_Dontknow, Don't know",,,,,,LV,,,,
Healthcare Access and Utilizati,,cantaffordcare_worriedaboutpaying,healthcare_access_and_utilization,,radio,"If you get sick or have an accident, how worried are you that you will be able to pay your medical bills? Are you very worried, somewhat worried, or not at all worried?","WorriedAboutPaying_VeryWorried, Very worried | WorriedAboutPaying_SomewhatWorried, Somewhat worried | WorriedAboutPaying_NotAtAllWorried, Not at all worried | PMI_Dontknow, Don't know",,,,,,LV,"Two separate sets of codes exist in the old spreadsheet codebook for this question/answer set. One set was deployed on the PTSC platform when the survey first released (codes currently seen here). The other set was deployed on the CE platform when it was released there. Codes associated with this question/answer set were updated in the CE platform week of 5/10/21 so that they match the PTSC platform (and the codes associated with the most data contained in the RDR to date). PIDs were impacted from initial launch of HCAU in CE through 5/7/2021. Old CE codes are below:

If you get sick or have an accident, how worried are you that you will be able to pay your medical bills? Are you very worried, somewhat worried, or not at all worried? = CantAffordCare_AbleToPayMedicalBills
Very worried = AbleToPayMedicalBills_VeryWorried
Somewhat worried = AbleToPayMedicalBills_SomewhatWorried
Not at all worried = AbleToPayMedicalBills_NotWorried",,,
Healthcare Access and Utilizati,,cantaffordcare_skippedmedtosavemoney,healthcare_access_and_utilization,"DURING THE PAST 12 MONTHS, were any of the following true for you?",radio,You skipped medication doses to save money,"SkippedMedToSaveMoney_Yes, Yes | SkippedMedToSaveMoney_No, No | PMI_Dontknow, Don't know",,,,,,LV,,,,
Healthcare Access and Utilizati,,cantaffordcare_tooklessmedtosavemoney,healthcare_access_and_utilization,,radio,You took less medicine to save money,"TookLessMedToSaveMoney_Yes, Yes | TookLessMedToSaveMoney_No, No | PMI_Dontknow, Don't know",,,,,,LV,,,,
Healthcare Access and Utilizati,,cantaffordcare_delayedfillingrxtosavemoney,healthcare_access_and_utilization,,radio,You delayed filling a prescription to save money,"DelayedFillingRxToSaveMoney_Yes, Yes | DelayedFillingRxToSaveMoney_No, No | PMI_Dontknow, Don't know",,,,,,LV,,,,
Healthcare Access and Utilizati,,cantaffordcare_lowercostrxtosavemoney,healthcare_access_and_utilization,,radio,You asked your doctor for a lower cost medication to save money,"LowerCostRxToSaveMoney_Yes, Yes | LowerCostRxToSaveMoney_No, No | PMI_Dontknow, Don't know",,,,,,LV,,,,
Healthcare Access and Utilizati,,cantaffordcare_boughtrxfromothercountry,healthcare_access_and_utilization,,radio,You bought prescription drugs from another country to save money,"BoughtRxFromOtherCountry_Yes, Yes | BoughtRxFromOtherCountry_No, No | PMI_Dontknow, Don't know",,,,,,LV,,,,
Healthcare Access and Utilizati,,cantaffordcare_alternativetherapies,healthcare_access_and_utilization,,radio,You used alternative therapies to save money,"AlternativeTherapies_Yes, Yes | AlternativeTherapies_No, No | PMI_Dontknow, Don't know",,,,,,LV,,,,
Healthcare Access and Utilizati,,healthproviderracereligion_howimportant,healthcare_access_and_utilization,The following questions are about your experiences with doctors and other health care providers in the past year. Some people think it is helpful if their providers are from the same background that they are - like in terms of race or religion or native language - because they think their doctors will better understand what they're experiencing or going through.,radio,How important is it to you that your doctors or health care providers understand or are similar to you in any of these ways? Would you say...,"HowImportant_VeryImportant, Very important | HowImportant_SomewhatImportant, Somewhat important | HowImportant_SlightlyImportant, Slightly important | HowImportant_NotImportant, Not important at all | PMI_Dontknow, Don't know",,,,,,LV,,,,
Healthcare Access and Utilizati,,healthproviderracereligion_howoften,healthcare_access_and_utilization,,radio,How often were you able to see doctors or health care providers who were similar to you in any of these ways? Would you say...,"HowOften_Always, Always | HowOften_MostOfTheTime, Most of the time | HowOften_SomeOfTheTime, Some of the time | HowOften_NoneOfTheTime, None of the time | PMI_Dontknow, Don't know",,,,,,LV,,,,
Healthcare Access and Utilizati,,healthproviderracereligion_delayedornocare,healthcare_access_and_utilization,,radio,How often have you either delayed or not gone to see doctors or health care providers because they were different from you in any of these ways?,"DelayedOrNoCare_Always, Always | DelayedOrNoCare_MostOfTheTime, Most of the time | DelayedOrNoCare_SomeOfTheTime, Some of the time | DelayedOrNoCare_NoneOfTheTime, None of the time | PMI_Dontknow, Don't know",,,,,,LV,,,,
Social Determinants of Health,,sdoh,social_determinants_of_health_english,,descriptive,Social Determinants of Health,,,,,,,,,,,
Social Determinants of Health,,sdoh_intro,social_determinants_of_health_english,,descriptive,"<div class=""rich-text-field-label""><p><span style=""font-weight: normal;"">Thank you (again) for being a part of the <em> All of Us </em> Research Program. Many things can make us sick or keep us healthy. Where you were born or where you live, go to school, or work can affect your health. These are sometimes referred to as social factors, or the ""social determinants"", of health. </span><span style=""font-weight: normal;"">Help us learn more by completing this survey about your neighborhood, social life, stress, and feelings about your everyday life. This survey will take less than 10 minutes to complete. </span><br /><br /><span style=""font-weight: normal;"">Please answer each question as honestly as possible. It is important that you answer as many questions as you can. We are looking for your own answers, and not what you think your doctors, family, or friends want you to say.</span><br /><br /><span style=""font-weight: normal;"">Don't feel like you have to spend a long time on each question. The first answer that comes to you is usually the best one. If you aren't sure how to answer a question, choose the best answer from the options given. Some of the questions may be sensitive. You can choose not to answer.</span></p></div>",,,,,,,,,,,
Social Determinants of Health,,scns_1,social_determinants_of_health_english,"The neighborhood where you live may play a role in a variety of health outcomes. Sharing details about your neighborhood may help researchers better understand the relationship between a person's neighborhood and their overall well-being.
 
 The following statements describe what your neighborhood might be like. Tell us how much you agree or disagree.",radio,People around here are willing to help their neighbors.,"SDOH_1, Strongly agree | SDOH_2, Agree | SDOH_3, Neutral (neither agree nor disagree) | SDOH_4, Disagree | SDOH_5, Strongly disagree",,,,,,,,,,
Social Determinants of Health,,scns_2,social_determinants_of_health_english,,radio,People in my neighborhood generally get along with each other.,"SDOH_1, Strongly agree | SDOH_2, Agree | SDOH_3, Neutral (neither agree nor disagree) | SDOH_4, Disagree | SDOH_5, Strongly disagree",,,,,,,,,,
Social Determinants of Health,,scns_3,social_determinants_of_health_english,,radio,People in my neighborhood can be trusted.,"SDOH_1, Strongly agree | SDOH_2, Agree | SDOH_3, Neutral (neither agree nor disagree) | SDOH_4, Disagree | SDOH_5, Strongly disagree",,,,,,,,,,
Social Determinants of Health,,scns_4,social_determinants_of_health_english,,radio,People in my neighborhood share the same values.,"SDOH_1, Strongly agree | SDOH_2, Agree | SDOH_3, Neutral (neither agree nor disagree) | SDOH_4, Disagree | SDOH_5, Strongly disagree",,,,,,,,,,
Social Determinants of Health,,nds_1,social_determinants_of_health_english,,radio,There is a lot of graffiti in my neighborhood.,"SDOH_5, Strongly disagree | SDOH_4, Disagree | SDOH_2, Agree | SDOH_1, Strongly agree",,,,,,,,,,
Social Determinants of Health,,nds_2,social_determinants_of_health_english,,radio,My neighborhood is noisy.,"SDOH_5, Strongly disagree | SDOH_4, Disagree | SDOH_2, Agree | SDOH_1, Strongly agree",,,,,,,,,,
Social Determinants of Health,,nds_3,social_determinants_of_health_english,,radio,Vandalism is common in my neighborhood.,"SDOH_5, Strongly disagree | SDOH_4, Disagree | SDOH_2, Agree | SDOH_1, Strongly agree",,,,,,,,,,
Social Determinants of Health,,nds_4,social_determinants_of_health_english,,radio,There are lot of abandoned buildings in my neighborhood.,"SDOH_5, Strongly disagree | SDOH_4, Disagree | SDOH_2, Agree | SDOH_1, Strongly agree",,,,,,,,,,
Social Determinants of Health,,nds_5,social_determinants_of_health_english,,radio,My neighborhood is clean.,"SDOH_5, Strongly disagree | SDOH_4, Disagree | SDOH_2, Agree | SDOH_1, Strongly agree",,,,,,,,,,
Social Determinants of Health,,nds_6,social_determinants_of_health_english,,radio,People in my neighborhood take good care of their houses and apartments.,"SDOH_5, Strongly disagree | SDOH_4, Disagree | SDOH_2, Agree | SDOH_1, Strongly agree",,,,,,,,,,
Social Determinants of Health,,nds_7,social_determinants_of_health_english,,radio,There are too many people hanging around on the streets near my home.,"SDOH_5, Strongly disagree | SDOH_4, Disagree | SDOH_2, Agree | SDOH_1, Strongly agree",,,,,,,,,,
Social Determinants of Health,,nds_8,social_determinants_of_health_english,,radio,There is a lot of crime in my neighborhood.,"SDOH_5, Strongly disagree | SDOH_4, Disagree | SDOH_2, Agree | SDOH_1, Strongly agree",,,,,,,,,,
Social Determinants of Health,,nds_9,social_determinants_of_health_english,,radio,There is too much drug use in my neighborhood.,"SDOH_5, Strongly disagree | SDOH_4, Disagree | SDOH_2, Agree | SDOH_1, Strongly agree",,,,,,,,,,
Social Determinants of Health,,nds_10,social_determinants_of_health_english,,radio,There is too much alcohol use in my neighborhood.,"SDOH_5, Strongly disagree | SDOH_4, Disagree | SDOH_2, Agree | SDOH_1, Strongly agree",,,,,,,,,,
Social Determinants of Health,,nds_11,social_determinants_of_health_english,,radio,I'm always having trouble with my neighbors.,"SDOH_5, Strongly disagree | SDOH_4, Disagree | SDOH_2, Agree | SDOH_1, Strongly agree",,,,,,,,,,
Social Determinants of Health,,nds_12,social_determinants_of_health_english,,radio,"In my neighborhood, people watch out for each other.","SDOH_5, Strongly disagree | SDOH_4, Disagree | SDOH_2, Agree | SDOH_1, Strongly agree",,,,,,,,,,
Social Determinants of Health,,nds_13,social_determinants_of_health_english,,radio,My neighborhood is safe.,"SDOH_5, Strongly disagree | SDOH_4, Disagree | SDOH_2, Agree | SDOH_1, Strongly agree",,,,,,,,,,
Social Determinants of Health,,ips_1,social_determinants_of_health_english,The next questions ask about what is in your neighborhood. Think about the area around your home that you can walk to in 10-15 minutes.,radio,What is the main type of housing in your neighborhood?,"SDOH_10, Detached single-family housing | SDOH_11, Townhouses, row house, apartments, or condos of 2-3 stories | SDOH_12, Mix of single-family residences and townhouses, row houses, apartments, or condos | SDOH_13, Apartments or condos of 4-12 stories | SDOH_14, Apartments or condos of more than 12 stories | PMI_DontKnow, Don't know/Not sure",,,,,,,,,,
Social Determinants of Health,,ips_2,social_determinants_of_health_english,,radio,"Many shops, stores, markets or other places to buy things I need are within easy walking distance of my home. Would you say that you...","SDOH_5, Strongly disagree | SDOH_6, Somewhat disagree | SDOH_7, Somewhat agree | SDOH_1, Strongly agree | PMI_DontKnow, Don't know/Not sure",,,,,,,,,,
Social Determinants of Health,,ips_3,social_determinants_of_health_english,,radio,"It is within a 10-15 minute walk to a transit stop (such as bus, train, trolley, or tram) from my home. Would you say that you...","SDOH_5, Strongly disagree | SDOH_6, Somewhat disagree | SDOH_7, Somewhat agree | SDOH_1, Strongly agree | PMI_DontKnow, Don't know/Not sure",,,,,,,,,,
Social Determinants of Health,,ips_4,social_determinants_of_health_english,,radio,There are sidewalks on most of the streets in my neighborhood. Would you say that you...,"SDOH_5, Strongly disagree | SDOH_6, Somewhat disagree | SDOH_7, Somewhat agree | SDOH_1, Strongly agree | SDOH_9, Does not apply to my neighborhood | PMI_DontKnow, Don't know/Not sure",,,,,,,,,,
Social Determinants of Health,,ips_5,social_determinants_of_health_english,,radio,"There are facilities to bicycle in or near my neighborhood, such as special lanes, separate paths or trails, or shared use paths for cycles and pedestrians. Would you say that you...","SDOH_5, Strongly disagree | SDOH_6, Somewhat disagree | SDOH_7, Somewhat agree | SDOH_1, Strongly agree | SDOH_9, Does not apply to my neighborhood | PMI_DontKnow, Don't know/Not sure",,,,,,,,,,
Social Determinants of Health,,ips_6,social_determinants_of_health_english,,radio,"My neighborhood has several free or low-cost recreation facilities, such as parks, walking trails, bike paths, recreation centers, playgrounds, public swimming pools, etc. Would you say that you...","SDOH_5, Strongly disagree | SDOH_6, Somewhat disagree | SDOH_7, Somewhat agree | SDOH_1, Strongly agree | PMI_DontKnow, Don't know/Not sure",,,,,,,,,,
Social Determinants of Health,,ips_7,social_determinants_of_health_english,,radio,The crime rate in my neighborhood makes it unsafe to go on walks at night. Would you say that you...,"SDOH_5, Strongly disagree | SDOH_6, Somewhat disagree | SDOH_7, Somewhat agree | SDOH_1, Strongly agree | PMI_DontKnow, Don't know/Not sure",,,,,,,,,,
Social Determinants of Health,,ips_16,social_determinants_of_health_english,,radio,The crime rate in my neighborhood makes it unsafe to go on walks during the day. Would you say that you...,"SDOH_5, Strongly disagree | SDOH_6, Somewhat disagree | SDOH_7, Somewhat agree | SDOH_1, Strongly agree | PMI_DontKnow, Don't know/Not sure",,,,,,,,,,
Social Determinants of Health,,sdoh_mos_ss_1,social_determinants_of_health_english,"Supportive relationships may play a key role in helping people live healthy lives. Answering the following questions may help researchers learn more about the potential health benefits of supportive relationships.
 
 People sometimes look to others for friendship, help, or other types of support. Choose the answer that best describes how often you can find support if you need it?",radio,Someone to help you if you were confined to bed,"SDOH_15, None of the time | SDOH_16, A little of the time | SDOH_17, Some of the time | SDOH_18, Most of the time | SDOH_19, All of the time",,,,,,,,,,
Social Determinants of Health,,sdoh_mos_ss_2,social_determinants_of_health_english,,radio,Someone to take you to the doctor if you need it,"SDOH_15, None of the time | SDOH_16, A little of the time | SDOH_17, Some of the time | SDOH_18, Most of the time | SDOH_19, All of the time",,,,,,,,,,
Social Determinants of Health,,sdoh_mos_ss_3,social_determinants_of_health_english,,radio,Someone to prepare your meals if you were unable to do it yourself,"SDOH_15, None of the time | SDOH_16, A little of the time | SDOH_17, Some of the time | SDOH_18, Most of the time | SDOH_19, All of the time",,,,,,,,,,
Social Determinants of Health,,sdoh_mos_ss_4,social_determinants_of_health_english,,radio,Someone to help with daily chores if you were sick,"SDOH_15, None of the time | SDOH_16, A little of the time | SDOH_17, Some of the time | SDOH_18, Most of the time | SDOH_19, All of the time",,,,,,,,,,
Social Determinants of Health,,sdoh_mos_ss_5,social_determinants_of_health_english,,radio,Someone to have a good time with,"SDOH_15, None of the time | SDOH_16, A little of the time | SDOH_17, Some of the time | SDOH_18, Most of the time | SDOH_19, All of the time",,,,,,,,,,
Social Determinants of Health,,sdoh_mos_ss_6,social_determinants_of_health_english,,radio,Someone to turn to for suggestions about how to deal with a personal problem,"SDOH_15, None of the time | SDOH_16, A little of the time | SDOH_17, Some of the time | SDOH_18, Most of the time | SDOH_19, All of the time",,,,,,,,,,
Social Determinants of Health,,sdoh_mos_ss_7,social_determinants_of_health_english,,radio,Someone who understands your problems,"SDOH_15, None of the time | SDOH_16, A little of the time | SDOH_17, Some of the time | SDOH_18, Most of the time | SDOH_19, All of the time",,,,,,,,,,
Social Determinants of Health,,sdoh_mos_ss_8,social_determinants_of_health_english,,radio,Someone to love and make you feel wanted,"SDOH_15, None of the time | SDOH_16, A little of the time | SDOH_17, Some of the time | SDOH_18, Most of the time | SDOH_19, All of the time",,,,,,,,,,
Social Determinants of Health,,sdoh_ucla_ls8_2,social_determinants_of_health_english,We would like to ask you some questions about your relationships with others. Choose the answer that is true for you.,radio,I lack companionship,"SDOH_20, Never | SDOH_21, Rarely | SDOH_22, Sometimes | SDOH_23, Often",,,,,,,,,,
Social Determinants of Health,,sdoh_ucla_ls8_3,social_determinants_of_health_english,,radio,There is no one I can turn to,"SDOH_20, Never | SDOH_21, Rarely | SDOH_22, Sometimes | SDOH_23, Often",,,,,,,,,,
Social Determinants of Health,,sdoh_ucla_ls8_9,social_determinants_of_health_english,,radio,I am an outgoing person,"SDOH_20, Never | SDOH_21, Rarely | SDOH_22, Sometimes | SDOH_23, Often",,,,,,,,,,
Social Determinants of Health,,sdoh_ucla_ls8_11,social_determinants_of_health_english,,radio,I feel left out,"SDOH_20, Never | SDOH_21, Rarely | SDOH_22, Sometimes | SDOH_23, Often",,,,,,,,,,
Social Determinants of Health,,sdoh_ucla_ls8_14,social_determinants_of_health_english,,radio,I feel isolated from others,"SDOH_20, Never | SDOH_21, Rarely | SDOH_22, Sometimes | SDOH_23, Often",,,,,,,,,,
Social Determinants of Health,,sdoh_ucla_ls8_15,social_determinants_of_health_english,,radio,I can find companionship when I want it,"SDOH_20, Never | SDOH_21, Rarely | SDOH_22, Sometimes | SDOH_23, Often",,,,,,,,,,
Social Determinants of Health,,sdoh_ucla_ls8_17,social_determinants_of_health_english,,radio,I am unhappy being so withdrawn,"SDOH_20, Never | SDOH_21, Rarely | SDOH_22, Sometimes | SDOH_23, Often",,,,,,,,,,
Social Determinants of Health,,sdoh_ucla_ls8_18,social_determinants_of_health_english,,radio,People are around me but not with me,"SDOH_20, Never | SDOH_21, Rarely | SDOH_22, Sometimes | SDOH_23, Often",,,,,,,,,,
Social Determinants of Health,,sdoh_eds_1,social_determinants_of_health_english,"People who experience discrimination may be at higher risk of negative health outcomes. Sharing your experiences with discrimination in everyday life and in healthcare settings may help researchers learn how to reduce negative health outcomes associated with discrimination.
 
 The next statements describe how others may treat you. In your day-to-day life, how often do any of these happen to you?",radio,You are treated with less courtesy than other people are.,"SDOH_24, Almost everyday | SDOH_25, At least once a week | SDOH_26, A few times a month | SDOH_27, A few times a year | SDOH_28, Less than once a year | SDOH_20, Never",,,,,,,,,,
Social Determinants of Health,,sdoh_eds_2,social_determinants_of_health_english,,radio,You are treated with less respect than other people are.,"SDOH_24, Almost everyday | SDOH_25, At least once a week | SDOH_26, A few times a month | SDOH_27, A few times a year | SDOH_28, Less than once a year | SDOH_20, Never",,,,,,,,,,
Social Determinants of Health,,sdoh_eds_3,social_determinants_of_health_english,,radio,You receive poorer service than other people at restaurants or stores.,"SDOH_24, Almost everyday | SDOH_25, At least once a week | SDOH_26, A few times a month | SDOH_27, A few times a year | SDOH_28, Less than once a year | SDOH_20, Never",,,,,,,,,,
Social Determinants of Health,,sdoh_eds_4,social_determinants_of_health_english,,radio,People act as if they think you are not smart.,"SDOH_24, Almost everyday | SDOH_25, At least once a week | SDOH_26, A few times a month | SDOH_27, A few times a year | SDOH_28, Less than once a year | SDOH_20, Never",,,,,,,,,,
Social Determinants of Health,,sdoh_eds_5,social_determinants_of_health_english,,radio,People act as if they are afraid of you.,"SDOH_24, Almost everyday | SDOH_25, At least once a week | SDOH_26, A few times a month | SDOH_27, A few times a year | SDOH_28, Less than once a year | SDOH_20, Never",,,,,,,,,,
Social Determinants of Health,,sdoh_eds_6,social_determinants_of_health_english,,radio,People act as if they think you are dishonest.,"SDOH_24, Almost everyday | SDOH_25, At least once a week | SDOH_26, A few times a month | SDOH_27, A few times a year | SDOH_28, Less than once a year | SDOH_20, Never",,,,,,,,,,
Social Determinants of Health,,sdoh_eds_7,social_determinants_of_health_english,,radio,People act as if they're better than you are.,"SDOH_24, Almost everyday | SDOH_25, At least once a week | SDOH_26, A few times a month | SDOH_27, A few times a year | SDOH_28, Less than once a year | SDOH_20, Never",,,,,,,,,,
Social Determinants of Health,,sdoh_eds_8,social_determinants_of_health_english,,radio,You are called names or insulted.,"SDOH_24, Almost everyday | SDOH_25, At least once a week | SDOH_26, A few times a month | SDOH_27, A few times a year | SDOH_28, Less than once a year | SDOH_20, Never",,,,,,,,,,
Social Determinants of Health,,sdoh_eds_9,social_determinants_of_health_english,,radio,You are threatened or harassed.,"SDOH_24, Almost everyday | SDOH_25, At least once a week | SDOH_26, A few times a month | SDOH_27, A few times a year | SDOH_28, Less than once a year | SDOH_20, Never",,,,,,,,,,
Social Determinants of Health,,sdoh_eds_follow_up_1,social_determinants_of_health_english,,checkbox,What do you think is the main reason for these experiences?,"SDOH_29, Your ancestry or national origins | SDOH_30, Your gender | SDOH_31, Your race | SDOH_32, Your age | SDOH_33, Your religion | SDOH_34, Your height | SDOH_35, Your weight | SDOH_36, Some other aspect of your physical appearance | SDOH_37, Your sexual orientation | SDOH_38, Your education or income level | SDOH_39, Other (specify)",,,,[sdoh_eds_1] = 'SDOH_24' or [sdoh_eds_1] = 'SDOH_25' or [sdoh_eds_1] = 'SDOH_26' or [sdoh_eds_1] = 'SDOH_27' or [sdoh_eds_2] = 'SDOH_24' or [sdoh_eds_2] = 'SDOH_25' or [sdoh_eds_2] = 'SDOH_26' or [sdoh_eds_2] = 'SDOH_27' or [sdoh_eds_3] = 'SDOH_24' or [sdoh_eds_3] = 'SDOH_25' or [sdoh_eds_3] = 'SDOH_26' or [sdoh_eds_3] = 'SDOH_27' or [sdoh_eds_4] = 'SDOH_24' or [sdoh_eds_4] = 'SDOH_25' or [sdoh_eds_4] = 'SDOH_26' or [sdoh_eds_4] = 'SDOH_27' or [sdoh_eds_5] = 'SDOH_24' or [sdoh_eds_5] = 'SDOH_25' or [sdoh_eds_5] = 'SDOH_26' or [sdoh_eds_5] = 'SDOH_27' or [sdoh_eds_6] = 'SDOH_24' or [sdoh_eds_6] = 'SDOH_25' or [sdoh_eds_6] = 'SDOH_26' or [sdoh_eds_6] = 'SDOH_27' or [sdoh_eds_7] = 'SDOH_24' or [sdoh_eds_7] = 'SDOH_25' or [sdoh_eds_7] = 'SDOH_26' or [sdoh_eds_7] = 'SDOH_27' or [sdoh_eds_8] = 'SDOH_24' or [sdoh_eds_8] = 'SDOH_25' or [sdoh_eds_8] = 'SDOH_26' or [sdoh_eds_8] = 'SDOH_27' or [sdoh_eds_9] = 'SDOH_24' or [sdoh_eds_9] = 'SDOH_25' or [sdoh_eds_9] = 'SDOH_26' or [sdoh_eds_9] = 'SDOH_27',,,,,,
Social Determinants of Health,,sdoh_eds_follow_up_1_xx,social_determinants_of_health_english,,text,Please specify.,,,,,[sdoh_eds_follow_up_1(SDOH_39)] = '1',,,,,REGISTERED_QUESTION_SUPPRESSED,CONTROLLED_QUESTION_SUPPRESSED
Social Determinants of Health,,sdoh_dms_1,social_determinants_of_health_english,The next statements describe how others may treat you. How often do any of these happen to you when you go to a doctor's office or other health care provider?,radio,You are treated with less courtesy than other people.,"SDOH_20, Never | SDOH_21, Rarely | SDOH_22, Sometimes | SDOH_18, Most of the time | SDOH_40, Always",,,,,,,,,,
Social Determinants of Health,,sdoh_dms_2,social_determinants_of_health_english,,radio,You are treated with less respect than other people.,"SDOH_20, Never | SDOH_21, Rarely | SDOH_22, Sometimes | SDOH_18, Most of the time | SDOH_40, Always",,,,,,,,,,
Social Determinants of Health,,sdoh_dms_3,social_determinants_of_health_english,,radio,You receive poorer service than others.,"SDOH_20, Never | SDOH_21, Rarely | SDOH_22, Sometimes | SDOH_18, Most of the time | SDOH_40, Always",,,,,,,,,,
Social Determinants of Health,,sdoh_dms_4,social_determinants_of_health_english,,radio,A doctor or nurse acts as if he or she thinks you are not smart.,"SDOH_20, Never | SDOH_21, Rarely | SDOH_22, Sometimes | SDOH_18, Most of the time | SDOH_40, Always",,,,,,,,,,
Social Determinants of Health,,sdoh_dms_5,social_determinants_of_health_english,,radio,A doctor or nurse acts as if he or she is afraid of you.,"SDOH_20, Never | SDOH_21, Rarely | SDOH_22, Sometimes | SDOH_18, Most of the time | SDOH_40, Always",,,,,,,,,,
Social Determinants of Health,,sdoh_dms_7,social_determinants_of_health_english,,radio,A doctor or nurse acts as if he or she is better than you.,"SDOH_20, Never | SDOH_21, Rarely | SDOH_22, Sometimes | SDOH_18, Most of the time | SDOH_40, Always",,,,,,,,,,
Social Determinants of Health,,sdoh_dms_6,social_determinants_of_health_english,,radio,You feel like a doctor or nurse is not listening to what you were saying.,"SDOH_20, Never | SDOH_21, Rarely | SDOH_22, Sometimes | SDOH_18, Most of the time | SDOH_40, Always",,,,,,,,,,
Social Determinants of Health,,hvs_1,social_determinants_of_health_english,"The next set of questions asks about food and housing.
 
 Lower food and housing security may increase the risk of negative health outcomes. Sharing your experiences about you or your family on this topic may help researchers learn how food and housing security influence health and well-being.",radio,"Within the past 12 months, we worried whether our food would run out before we got money to buy more.","SDOH_41, Often true | SDOH_42, Sometimes true | SDOH_43, Never true",,,,,,,,,,
Social Determinants of Health,,hvs_2,social_determinants_of_health_english,,radio,"Within the past 12 months, the food we bought just didn't last and we didn't have money to get more.","SDOH_41, Often true | SDOH_42, Sometimes true | SDOH_43, Never true",,,,,,,,,,
Social Determinants of Health,,urs_8c,social_determinants_of_health_english,,text,"In the last 12 months, how many times have you or your family moved from one home to another?
 
 Number of moves in past 12 months:",,integer,0,15,,,,,,,
Social Determinants of Health,,ahc_2,social_determinants_of_health_english,,checkbox,Think about the place you live. Do you have problems with any of the following? Select all that apply.,"SDOH_44, Bug infestation | SDOH_45, Mold | SDOH_46, Lead paint or pipes | SDOH_47, Inadequate heat | SDOH_48, Oven or stove not working | SDOH_49, No or not working smoke detector | SDOH_50, Water leaks | SDOH_51, None of the above",,,,,,,,,,
Social Determinants of Health,,sdoh_cpss_1,social_determinants_of_health_english,"The amount of stress you feel can lead to negative health outcomes. Sharing your experiences may help researchers identify common triggers that induce stress in individuals and ways to provide support for individuals and communities.
 
 The next questions ask you about your feelings and thoughts during the last month. Please choose how often you felt or thought a certain way.",radio,"In the last month, how often have you been upset because of something that happened unexpectedly?","SDOH_20, Never | SDOH_52, Almost Never | SDOH_22, Sometimes | SDOH_53, Fairly Often | SDOH_54, Very Often",,,,,,,,,,
Social Determinants of Health,,sdoh_cpss_2,social_determinants_of_health_english,,radio,"In the last month, how often have you felt that you were unable to control the important things in your life?","SDOH_20, Never | SDOH_52, Almost Never | SDOH_22, Sometimes | SDOH_53, Fairly Often | SDOH_54, Very Often",,,,,,,,,,
Social Determinants of Health,,sdoh_cpss_3,social_determinants_of_health_english,,radio,"In the last month, how often have you felt nervous and ""stressed""?","SDOH_20, Never | SDOH_52, Almost Never | SDOH_22, Sometimes | SDOH_53, Fairly Often | SDOH_54, Very Often",,,,,,,,,,
Social Determinants of Health,,sdoh_cpss_4,social_determinants_of_health_english,,radio,"In the last month, how often have you felt confident about your ability to handle your personal problems?","SDOH_20, Never | SDOH_52, Almost Never | SDOH_22, Sometimes | SDOH_53, Fairly Often | SDOH_54, Very Often",,,,,,,,,,
Social Determinants of Health,,sdoh_cpss_5,social_determinants_of_health_english,,radio,"In the last month, how often have you felt that things were going your way?","SDOH_20, Never | SDOH_52, Almost Never | SDOH_22, Sometimes | SDOH_53, Fairly Often | SDOH_54, Very Often",,,,,,,,,,
Social Determinants of Health,,sdoh_cpss_6,social_determinants_of_health_english,,radio,"In the last month, how often have you found that you could not cope with all the things that you had to do?","SDOH_20, Never | SDOH_52, Almost Never | SDOH_22, Sometimes | SDOH_53, Fairly Often | SDOH_54, Very Often",,,,,,,,,,
Social Determinants of Health,,sdoh_cpss_7,social_determinants_of_health_english,,radio,"In the last month, how often have you been able to control irritations in your life?","SDOH_20, Never | SDOH_52, Almost Never | SDOH_22, Sometimes | SDOH_53, Fairly Often | SDOH_54, Very Often",,,,,,,,,,
Social Determinants of Health,,sdoh_cpss_8,social_determinants_of_health_english,,radio,"In the last month, how often have you felt that you were on top of things?","SDOH_20, Never | SDOH_52, Almost Never | SDOH_22, Sometimes | SDOH_53, Fairly Often | SDOH_54, Very Often",,,,,,,,,,
Social Determinants of Health,,sdoh_cpss_9,social_determinants_of_health_english,,radio,"In the last month, how often have you been angered because of things that were outside of your control?","SDOH_20, Never | SDOH_52, Almost Never | SDOH_22, Sometimes | SDOH_53, Fairly Often | SDOH_54, Very Often",,,,,,,,,,
Social Determinants of Health,,sdoh_cpss_10,social_determinants_of_health_english,,radio,"In the last month, how often have you felt difficulties were piling up so high that you could not overcome them?","SDOH_20, Never | SDOH_52, Almost Never | SDOH_22, Sometimes | SDOH_53, Fairly Often | SDOH_54, Very Often",,,,,,,,,,
Social Determinants of Health,,bmmrs_1,social_determinants_of_health_english,"Elements of religion and spirituality can effect health outcomes. Sharing your beliefs and experiences may help researchers better understand the effects of religion and spirituality on health and well-being.
 
 The next questions ask about your spiritual life. Some questions use the word ""God."" If it makes you more comfortable, you can replace that word with whatever you believe is spiritual, holy or divine when answering.
 
 How often do you experience the following:",radio,I feel God's (or a higher power's) presence,"SDOH_55, Many times a day | SDOH_56, Every day | SDOH_57, Most days | SDOH_58, Some days | SDOH_59, Once in a while | SDOH_60, Never or almost never | SDOH_61, I do not believe in God (or a higher power)",,,,,,,,,,
Social Determinants of Health,,bmmrs_2,social_determinants_of_health_english,,radio,I find strength and comfort in my religion,"SDOH_55, Many times a day | SDOH_56, Every day | SDOH_57, Most days | SDOH_58, Some days | SDOH_59, Once in a while | SDOH_60, Never or almost never | SDOH_62, I am not religious",,,,,,,,,,
Social Determinants of Health,,bmmrs_3,social_determinants_of_health_english,,radio,I feel deep inner peace or harmony,"SDOH_55, Many times a day | SDOH_56, Every day | SDOH_57, Most days | SDOH_58, Some days | SDOH_59, Once in a while | SDOH_60, Never or almost never",,,,,,,,,,
Social Determinants of Health,,bmmrs_4,social_determinants_of_health_english,,radio,I desire to be closer to or in union with God (or a higher power),"SDOH_55, Many times a day | SDOH_56, Every day | SDOH_57, Most days | SDOH_58, Some days | SDOH_59, Once in a while | SDOH_60, Never or almost never | SDOH_61, I do not believe in God (or a higher power)",,,,,,,,,,
Social Determinants of Health,,bmmrs_5,social_determinants_of_health_english,,radio,"I feel God's (or a higher power's) love for me, directly or through others","SDOH_55, Many times a day | SDOH_56, Every day | SDOH_57, Most days | SDOH_58, Some days | SDOH_59, Once in a while | SDOH_60, Never or almost never | SDOH_61, I do not believe in God (or a higher power)",,,,,,,,,,
Social Determinants of Health,,bmmrs_6,social_determinants_of_health_english,,radio,I am spiritually touched by the beauty of creation,"SDOH_55, Many times a day | SDOH_56, Every day | SDOH_57, Most days | SDOH_58, Some days | SDOH_59, Once in a while | SDOH_60, Never or almost never",,,,,,,,,,
Social Determinants of Health,,nhs_xx,social_determinants_of_health_english,,radio,How often do you go to religious meetings or services?,"SDOH_63, More than once a week | SDOH_64, Once a week | SDOH_65, 1 to 3 times per month | SDOH_66, Less than once per month | SDOH_60, Never or almost never | SDOH_62, I am not religious",,,,,,,,,,
Social Determinants of Health,,chis_1,social_determinants_of_health_english,"Having a preferred language that is not English can be a barrier to health care access, use of health care services, and understanding health-related information. Sharing your English-speaking abilities with us can help researchers understand the relationship between speaking English and health outcomes.
 
 The following question asks if you speak any languages other than English at home.",radio,Do you speak a language other than English at home?,"SDOH_67, Yes | SDOH_68, No | PMI_PreferNotToAnswer, Prefer not to answer",,,,,,,,,,
Social Determinants of Health,,chis_1_xx,social_determinants_of_health_english,,radio,"Since you speak a language other than English at home, we are interested in your own thoughts about how well you think you speak English.
 
 Would you say you speak English...","SDOH_70, Very well | SDOH_71, Well | SDOH_72, Not well | SDOH_73, Not at all | PMI_PreferNotToAnswer, Prefer not to answer | PMI_DontKnow, Don't know",,,,[chis_1] = 'SDOH_67',,,,,,
Social Determinants of Health,,sdoh_outro,social_determinants_of_health_english,,descriptive,"If you or someone you care about needs help:
 
 NIMH Getting Help page: https://www.nimh.nih.gov/health/find-help/index.shtml",,,,,,,,,,,
COPE,December,cope_dec,december_covid19_participant_experience_cope_surve,,descriptive,December COPE Survey,,,,,,,,,,,
COPE,December,copect_40_xx15_a,december_covid19_participant_experience_cope_surve,,radio,When did your symptoms begin?,"cope_a_319, January or February 2020 | cope_a_320, March or April 2020 | cope_a_321, May or June 2020 | cope_a_322, July or August 2020 | cope_a_323, September or October 2020 | cope_a_327, November or December 2020",,,,[copect_40_xx15] = 'COPE_A_44' or [copect_40_xx15] = 'COPE_A_203',,LV,REGISTERED_QUESTION_UNSUPPRESSED,,REGISTERED_QUESTION_UNSUPPRESSED,
COPE,February,cdc_covid_xx,february_covid19_participant_experience_cope_surve,,radio,Did you receive the COVID-19 vaccination?,"COPE_A_44, Yes | COPE_A_13, No | cope_a_334, Not sure, I participated in a COVID-19 vaccination trial",,,,,,,REGISTERED_QUESTION_SUPPRESSED,,REGISTERED_QUESTION_SUPPRESSED,
COPE,February,cdc_covid_xx_a,february_covid19_participant_experience_cope_surve,,radio,How many doses of the vaccine did you receive?,"cope_a_332, 1 | cope_a_333, 2",,,,[cdc_covid_xx] = 'COPE_A_44',,,REGISTERED_QUESTION_SUPPRESSED,,REGISTERED_QUESTION_SUPPRESSED,
COPE,February,cdc_covid_xx_a_date1,february_covid19_participant_experience_cope_surve,,text,Enter date of vaccine dose 1,,date_mdy,2020-03-01 00:00:00,,[cdc_covid_xx_a] = 'cope_a_332' or [cdc_covid_xx_a] = 'cope_a_333',,,REGISTERED_QUESTION_SUPPRESSED,,REGISTERED_QUESTION_SUPPRESSED,
COPE,February,cdc_covid_xx_a_date2,february_covid19_participant_experience_cope_surve,,text,Enter date of vaccine dose 2,,date_mdy,2020-03-01 00:00:00,,[cdc_covid_xx_a] = 'cope_a_333',,,REGISTERED_QUESTION_SUPPRESSED,,REGISTERED_QUESTION_SUPPRESSED,
COPE,February,cdc_covid_xx_b,february_covid19_participant_experience_cope_surve,,radio,Which vaccine did you receive?,"cope_a_330, Pfizer (Pfizer-BioNTech) | cope_a_331, Moderna | COPE_A_204, Other | COPE_A_52, Not sure",,,,[cdc_covid_xx] = 'COPE_A_44',,,REGISTERED_QUESTION_SUPPRESSED,,,
COPE,February,cdc_covid_xx_b_other,february_covid19_participant_experience_cope_surve,,text,Please specify:,,,,,[cdc_covid_xx_b] = 'COPE_A_204',,LV,REGISTERED_QUESTION_SUPPRESSED,,REGISTERED_QUESTION_SUPPRESSED,
COPE,February,cope_feb,february_covid19_participant_experience_cope_surve,,descriptive,February COPE Survey,,,,,,,,Launched 2/8/21 - 3/5/2020 (PTSC) & 2/9/21 - 3/5/2020 (CE).,,,
COPE,February,copect_40_xx15_a,february_covid19_participant_experience_cope_surve,,radio,When did your symptoms begin?,"cope_a_319, January or February 2020 | cope_a_320, March or April 2020 | cope_a_321, May or June 2020 | cope_a_322, July or August 2020 | cope_a_323, September or October 2020 | cope_a_327, November or December 2020 | cope_a_328, January or February 2021",,,,[copect_40_xx15] = 'COPE_A_44' or [copect_40_xx15] = 'COPE_A_203',,LV,REGISTERED_QUESTION_UNSUPPRESSED,,REGISTERED_QUESTION_UNSUPPRESSED,
COPE,July,cdc_covid_19_n_a2,july_covid19_participant_experience_cope_survey,,text,How many times were you tested?,,integer,1,30,[cdc_covid_19_9_xx25] = 'COPE_A_44',,,REGISTERED_QUESTION_SUPPRESSED,,REGISTERED_QUESTION_SUPPRESSED,
COPE,July,cope_jul,july_covid19_participant_experience_cope_survey,,descriptive,July 2020 Covid-19 Participant Experience (COPE) Survey,,,,,,,,Launched 7/7/2020-09/25/20 (PTSC & CE).,,,
COPE,"July, November, December, February",cdc_covid_19_n_a2,november_covid19_participant_experience_cope_surve,,text,How many times have you been tested?,,integer,1,100,[cdc_covid_19_9_xx25] = 'COPE_A_44',,,REGISTERED_QUESTION_SUPPRESSED,,REGISTERED_QUESTION_SUPPRESSED,
COPE,"July, November, December, February",nhs_covid_fhc17a,july_covid19_participant_experience_cope_survey,,radio,Do you personally know someone who has died of COVID-19?,"COPE_A_44, Yes | COPE_A_13, No",,,,,,LV,,,,
COPE,"July, November, December, February",nhs_covid_fhc17b,july_covid19_participant_experience_cope_survey,,checkbox,Who do you know who has died? Check all that apply.,"cope_a_242, Spouse, partner, boyfriend, girlfriend | cope_a_243, Parent | cope_a_244, Grandparent | cope_a_245, Child | cope_a_246, Sibling (brother or sister) | cope_a_247, Co-worker | cope_a_248, Friend | cope_a_249, Neighbor | COPE_A_226, Other",,,,[nhs_covid_fhc17a] = 'COPE_A_44',,LV,,,,
COPE,"July, November, December, February",nhs_covid_fhc17b_cope_a_226,july_covid19_participant_experience_cope_survey,,text,Please specify.,,,,,[nhs_covid_fhc17b(COPE_A_226)] = '1',,LV,REGISTERED_QUESTION_SUPPRESSED,,REGISTERED_QUESTION_SUPPRESSED,CONTROLLED_QUESTION_SUPPRESSED
COPE,June,cope_jun,june_covid19_participant_experience_cope_survey,,descriptive,June 2020 Covid-19 Participant Experience (COPE) Survey,,,,,,,,Launched 6/2/2020-6/26/2020 (PTSC & CE).,,,
COPE,"June, July",eds_follow_up_1,june_covid19_participant_experience_cope_survey,,checkbox,What do you think is the main reason(s) for these experiences? Select all that apply.,"COPE_A_11, Your ancestry or national origins | COPE_A_100, Your gender | COPE_A_98, Your race | COPE_A_8, Your age | COPE_A_190, Your religion | COPE_A_66, Your height | COPE_A_46, Your weight | COPE_A_108, Some other aspect of your physical appearance | COPE_A_45, Your sexual orientation | COPE_A_145, Your education or income level | COPE_A_226, Other",,,,[eds_9] = 'COPE_A_84' or [eds_9] = 'COPE_A_62' or [eds_9] = 'COPE_A_113' or [eds_8] = 'COPE_A_84' or [eds_8] = 'COPE_A_62' or [eds_8] = 'COPE_A_113' or [eds_7] = 'COPE_A_84' or [eds_7] = 'COPE_A_62' or [eds_7] = 'COPE_A_113' or [eds_6] = 'COPE_A_84' or [eds_6] = 'COPE_A_62' or [eds_6] = 'COPE_A_113' or [eds_5] = 'COPE_A_84' or [eds_5] = 'COPE_A_62' or [eds_5] = 'COPE_A_113' or [eds_4] = 'COPE_A_84' or [eds_4] = 'COPE_A_62' or [eds_4] = 'COPE_A_113' or [eds_3] = 'COPE_A_84' or [eds_3] = 'COPE_A_62' or [eds_3] = 'COPE_A_113' or [eds_2] = 'COPE_A_84' or [eds_2] = 'COPE_A_62' or [eds_2] = 'COPE_A_113' or [eds_1] = 'COPE_A_84' or [eds_1] = 'COPE_A_62' or [eds_1] = 'COPE_A_113',,LV,,,,
COPE,"June, July",ipaq_2_cope_a_85,june_covid19_participant_experience_cope_survey,,text,"Minutes per day (Please enter a number)
 
 Note: Half an hour=30 minutes, 1 hour=60 minutes, 1 and a half hours=90 minutes",,number,0,1440,[ipaq_1] = 'COPE_A_44',,LV,,,,
COPE,"June, July",ipaq_4_cope_a_85,june_covid19_participant_experience_cope_survey,,text,"Minutes per day (Please enter a number)
 
 Note: Half an hour=30 minutes, 1 hour=60 minutes, 1 and a half hours=90 minutes",,number,0,1440,[ipaq_3] = 'COPE_A_44',,LV,,,,
COPE,"June, July",ipaq_6_cope_a_85,june_covid19_participant_experience_cope_survey,,text,"Minutes per day (Please enter a number)
 
 Note: Half an hour=30 minutes, 1 hour=60 minutes, 1 and a half hours=90 minutes",,number,0,1440,[ipaq_5] = 'COPE_A_44',,LV,,,,
COPE,"June, July",section_participation,june_covid19_participant_experience_cope_survey,,radio,You can choose not to answer any question at any time. This survey will take approximately 20 to 30 minutes to complete.,"COPE_A_44, Yes, I'm ready to take the survey now. | COPE_A_231, Yes, I would like to take the survey at a later time. | COPE_A_13, No, I do not want to take the survey.",,,,,y,LV,REGISTERED_QUESTION_SUPPRESSED,,REGISTERED_QUESTION_SUPPRESSED,
COPE,May,cope_may,covid19_participant_experience_cope_survey,,descriptive,May 2020 Covid-19 Participant Experience (COPE) Survey,,,,,,,,,,,
COPE,May,eds_follow_up_1,covid19_participant_experience_cope_survey,,checkbox,What do you think is the main reason for these experiences? Select all that apply.,"COPE_A_11, Your ancestry or national origins | COPE_A_100, Your gender | COPE_A_98, Your race | COPE_A_8, Your age | COPE_A_190, Your religion | COPE_A_66, Your height | COPE_A_46, Your weight | COPE_A_108, Some other aspect of your physical appearance | COPE_A_45, Your sexual orientation | COPE_A_145, Your education or income level | COPE_A_226, Other",,,,[eds_9] = 'COPE_A_84' or [eds_9] = 'COPE_A_62' or [eds_9] = 'COPE_A_113' or [eds_8] = 'COPE_A_84' or [eds_8] = 'COPE_A_62' or [eds_8] = 'COPE_A_113' or [eds_7] = 'COPE_A_84' or [eds_7] = 'COPE_A_62' or [eds_7] = 'COPE_A_113' or [eds_6] = 'COPE_A_84' or [eds_6] = 'COPE_A_62' or [eds_6] = 'COPE_A_113' or [eds_5] = 'COPE_A_84' or [eds_5] = 'COPE_A_62' or [eds_5] = 'COPE_A_113' or [eds_4] = 'COPE_A_84' or [eds_4] = 'COPE_A_62' or [eds_4] = 'COPE_A_113' or [eds_3] = 'COPE_A_84' or [eds_3] = 'COPE_A_62' or [eds_3] = 'COPE_A_113' or [eds_2] = 'COPE_A_84' or [eds_2] = 'COPE_A_62' or [eds_2] = 'COPE_A_113' or [eds_1] = 'COPE_A_84' or [eds_1] = 'COPE_A_62' or [eds_1] = 'COPE_A_113',,LV,,,,
COPE,May,ipaq_2_cope_a_160,covid19_participant_experience_cope_survey,,text,How much time did you usually spend doing vigorous physical activities on one of those days (hours per day)?,,number,0,24,[ipaq_1] = 'COPE_A_44',,LV,,,,
COPE,May,ipaq_2_cope_a_85,covid19_participant_experience_cope_survey,,text,How much time did you usually spend doing vigorous physical activities on one of those days (minutes per day)?,,number,0,59,[ipaq_1] = 'COPE_A_44',,LV,,,,
COPE,May,ipaq_4_cope_a_160,covid19_participant_experience_cope_survey,,text,How much time did you usually spend doing moderate physical activities on one of those days (hours per day)?,,number,0,24,[ipaq_3] = 'COPE_A_44',,LV,,,,
COPE,May,ipaq_4_cope_a_85,covid19_participant_experience_cope_survey,,text,How much time did you usually spend doing moderate physical activities on one of those those days (minutes per day)?,,number,0,59,[ipaq_3] = 'COPE_A_44',,LV,,,,
COPE,May,ipaq_6_cope_a_160,covid19_participant_experience_cope_survey,,text,How much time did you usually spend walking on one of those days (hours per day)?,,number,0,7,[ipaq_5] = 'COPE_A_44',,LV,,,,
COPE,May,ipaq_6_cope_a_85,covid19_participant_experience_cope_survey,,text,How much time did you usually spend walking on one of those days (minutes per day)?,,number,0,59,[ipaq_5] = 'COPE_A_44',,LV,,,,
COPE,May,section_participation,covid19_participant_experience_cope_survey,,radio,You can choose not to answer any question at any time. This survey will take approximately 15 to 20 minutes to complete.,"COPE_A_44, Yes, I still want to take the survey. | COPE_A_13, No, I do not want to take the survey.",,,,,y,LV,REGISTERED_QUESTION_SUPPRESSED,,REGISTERED_QUESTION_SUPPRESSED,
COPE,"May, June",cdc_covid_19_9b,covid19_participant_experience_cope_survey,,radio,Were you tested for influenza (flu) in the past month?,"COPE_A_44, Yes | COPE_A_13, No | COPE_A_14, Unknown",,,,,,LV,REGISTERED_QUESTION_SUPPRESSED,,REGISTERED_QUESTION_SUPPRESSED,
COPE,"May, June, July",audit_c_1,covid19_participant_experience_cope_survey,,radio,"In the past month:
 How often do you have a drink containing alcohol?","COPE_A_120, Never | COPE_A_125, Monthly or less | COPE_A_167, 2-4 times a month | COPE_A_89, 2-3 times a week | COPE_A_16, 4 or more times a week",,,,,,LV,,,,
COPE,"May, June, July",audit_c_2,covid19_participant_experience_cope_survey,,radio,"In the past month:
 How many standard drinks containing alcohol do you have on a typical day?","COPE_A_4, 1 or 2 | COPE_A_23, 3 or 4 | COPE_A_51, 5 or 6 | COPE_A_172, 7 to 9 | COPE_A_6, 10 or more",,,,[audit_c_1] = 'COPE_A_125' or [audit_c_1] = 'COPE_A_167' or [audit_c_1] = 'COPE_A_89' or [audit_c_1] = 'COPE_A_16',,LV,,,,
COPE,"May, June, July",audit_c_3,covid19_participant_experience_cope_survey,,radio,"In the past month:
 How often do you have six or more drinks containing alcohol on one occasion?","COPE_A_120, Never | COPE_A_37, Less than monthly | COPE_A_56, Monthly | COPE_A_180, Weekly | COPE_A_103, Daily or almost daily",,,,[audit_c_2] = 'COPE_A_51' or [audit_c_2] = 'COPE_A_172' or [audit_c_2] = 'COPE_A_6',,LV,,,,
COPE,"May, June, July",basics_11a,covid19_participant_experience_cope_survey,,checkbox,Are you currently covered by any of the following types of health insurance or health care plans? Select all that apply.,"COPE_A_170, Insurance purchased directly from an insurance company (by you or another family member) | COPE_A_63, Insurance through a current or former employer or union (by you or another family member) | COPE_A_193, Medicare, for people 65 and older or people with certain disabilities | COPE_A_134, Medicaid, Medical Assistance, or any kind of government-assistance plan for those with low incomes or disability | COPE_A_109, TRICARE or other military health care | COPE_A_181, Veterans Affairs (VA) (including those who have ever used or enrolled for VA health care) | COPE_A_68, Indian Health Service | COPE_A_33, Any other type of health insurance or health coverage plan | COPE_A_60, I don't have health insurance, self-pay",,,,[basics_11] = 'COPE_A_44',,LV,REGISTERED_ANSWERS_BUCKETED,"COPE_A_68=cope_a_33, COPE_A_109=cope_a_33",REGISTERED_ANSWERS_BUCKETED,
COPE,"May, June, July",basics_11a_cope_a_33,covid19_participant_experience_cope_survey,,text,Other health insurance or health coverage plan. Please specify.,,,,,[basics_11a(COPE_A_33)] = '1',,LV,REGISTERED_QUESTION_SUPPRESSED,,REGISTERED_QUESTION_SUPPRESSED,CONTROLLED_QUESTION_SUPPRESSED
COPE,"May, June, July",basics_12,covid19_participant_experience_cope_survey,,checkbox,What is your current employment status? Select all that apply.,"COPE_A_106, Employed for wages (part- time or full-time) | COPE_A_186, Self-employed | COPE_A_153, Out of work for 1 year or more | COPE_A_61, Out of work for less than 1 year | COPE_A_142, A homemaker | COPE_A_50, A student | COPE_A_196, Retired | COPE_A_128, Unable to work (disabled) | COPE_A_30, Prefer not to answer",,,,,,LV,REGISTERED_ANSWERS_BUCKETED,"Generalized into the following categories: ""Employed for wages or self‐employed"", ""Not currently employed for wages"", ""Prefer not to answer (COPE_A_30)"", and No answer (PMI_SKIP)",REGISTERED_ANSWERS_BUCKETED,
COPE,"May, June, July",basics_8,covid19_participant_experience_cope_survey,,radio,What is your current marital status?,"COPE_A_116, Married | COPE_A_133, Divorced | COPE_A_58, Widowed | COPE_A_177, Separated | COPE_A_163, Never married | COPE_A_104, Living with partner | COPE_A_30, Prefer not to answer",,,,,,LV,,,,
COPE,"May, June, July",brcs_1,covid19_participant_experience_cope_survey,"Resilience
 
 The next four questions ask about your behavior and actions in the past month.",radio,"Please select the response that best reflects your behavior in the past month.
 I look for creative ways to alter difficult situations.","COPE_A_15, Does not describe me at all | COPE_A_35, Does not describe me | COPE_A_176, Neutral | COPE_A_70, Describes me | COPE_A_88, Describes me very well",,,,,,LV,,,,
COPE,"May, June, July",brcs_2,covid19_participant_experience_cope_survey,,radio,"Please select the response that best reflects your behavior in the past month.
 Regardless of what happens to me, I believe I can control my reaction to it.","COPE_A_15, Does not describe me at all | COPE_A_35, Does not describe me | COPE_A_176, Neutral | COPE_A_70, Describes me | COPE_A_88, Describes me very well",,,,,,LV,,,,
COPE,"May, June, July",brcs_3,covid19_participant_experience_cope_survey,,radio,"Please select the response that best reflects your behavior in the past month.
 I believe I can grow in positive ways by dealing with difficult situations.","COPE_A_15, Does not describe me at all | COPE_A_35, Does not describe me | COPE_A_176, Neutral | COPE_A_70, Describes me | COPE_A_88, Describes me very well",,,,,,LV,,,,
COPE,"May, June, July",brcs_4,covid19_participant_experience_cope_survey,,radio,"Please select the response that best reflects your behavior in the past month.
 I actively look for ways to replace the losses I encounter in life.","COPE_A_15, Does not describe me at all | COPE_A_35, Does not describe me | COPE_A_176, Neutral | COPE_A_70, Describes me | COPE_A_88, Describes me very well",,,,,,LV,,,,
COPE,"May, June, July",cdc_covid_19_18,covid19_participant_experience_cope_survey,,checkbox,"In the past month, how has the COVID-19 outbreak affected you? Please select all that apply.","COPE_A_135, Worked remotely or from home more than you usually do | COPE_A_101, Worked more hours than usual | COPE_A_12, Worked reduced hours | COPE_A_90, Was not able to work due to COVID-19 related illness | COPE_A_71, I became unemployed | COPE_A_92, Had difficulty arranging for childcare | COPE_A_147, Incurred increased costs for childcare expenses | COPE_A_5, Worked with children at home with me | COPE_A_179, Income or pay has been reduced | COPE_A_17, Not paid at all | COPE_A_87, Had serious financial problems",,,,,,LV,,,,
COPE,"May, June, July",cdc_covid_19_25,covid19_participant_experience_cope_survey,,checkbox,"In the past month, to cope with social distancing and isolation, are you doing any of the following? Select all that apply.","COPE_A_82, Taking breaks from watching, reading, or listening to news stories, including social media | COPE_A_115, Increasing watching, reading, or listening to news stories, including social media | COPE_A_157, Taking care of your body, such as taking deep breaths, stretching, or meditating | COPE_A_97, Engaging in healthy behaviors like trying to eat healthy, well-balanced meals, exercising regularly, getting plenty of sleep, or avoiding alcohol and drugs | COPE_A_173, Making time to relax | COPE_A_48, Connecting with others, including talking with people you trust about your concerns and how you are feeling | COPE_A_182, Contacting a healthcare provider | COPE_A_110, Smoking more cigarettes or vaping more | COPE_A_79, Drinking alcohol more than usual | COPE_A_74, Using prescription drugs (like valium, etc.) more than usual | COPE_A_28, Using non-prescription drugs more than usual | COPE_A_1, Using cannabis or marijuana more than usual | COPE_A_118, Eating high fat or sugary foods more than usual | COPE_A_123, Cutting or self-injury more than usual | COPE_A_156, Over exercise | COPE_A_121, Eating more food than usual | COPE_A_178, Eating less food than usual",,,,,,LV,,,,
COPE,"May, June, July",cdc_covid_19_26,covid19_participant_experience_cope_survey,,checkbox,"In the past month, have the following behaviors increased in your household? Select all that apply.","COPE_A_27, Interpersonal conflict with family members or loved ones | COPE_A_81, Snapping at or yelling at family members | COPE_A_195, Interpersonal conflict with friends or coworkers",,,,,,LV,,,,
COPE,"May, June, July",cdc_covid_19_7_xx23,covid19_participant_experience_cope_survey,,checkbox,Which of the following symptoms did you have? (select all that apply),"COPE_A_54, A fever/feverish | COPE_A_20, Cough | COPE_A_83, Sore or painful throat | COPE_A_40, Runny or stuffy nose | COPE_A_192, Difficulty breathing or shortness of breath | COPE_A_65, Unusual fatigue | COPE_A_49, Unusually strong muscle pains/aches | COPE_A_96, Headache | COPE_A_69, Dizziness or light-headedness | COPE_A_122, Loss of smell or taste | COPE_A_36, Unusual eye soreness or discomfort (e.g., light sensitivity or excessive tears) | COPE_A_183, Unusually hoarse voice | COPE_A_39, Unusual chest pain or tightness in your chest | COPE_A_188, Unusual abdominal pain or stomachache | COPE_A_114, Diarrhea | COPE_A_105, Nausea | COPE_A_185, Skipping meals",,,,[cdc_covid_19_7_xx22] = 'COPE_A_44',,LV,REGISTERED_QUESTION_UNSUPPRESSED,,REGISTERED_QUESTION_UNSUPPRESSED,
COPE,"May, June, July",cdc_covid_19_9_xx24,covid19_participant_experience_cope_survey,,radio,Was the test for COVID-19 positive?,"COPE_A_44, Yes | COPE_A_13, No | COPE_A_14, Unknown | COPE_A_117, Waiting for results",,,,[cdc_covid_19_9_xx25] = 'COPE_A_44',,LV,REGISTERED_QUESTION_SUPPRESSED,,REGISTERED_QUESTION_SUPPRESSED,
COPE,"May, June, July",cdc_covid_19_9_xx25,covid19_participant_experience_cope_survey,"COVID-19 Related Testing
 
 The next questions ask about your experiences with testing related to COVID-19 symptoms in the past month.",radio,Were you tested for COVID-19 in the past month?,"COPE_A_44, Yes | COPE_A_13, No | COPE_A_14, Unknown",,,,,,LV,REGISTERED_QUESTION_SUPPRESSED,,REGISTERED_QUESTION_SUPPRESSED,
COPE,"May, June, July",cdc_covid_19_n_a,covid19_participant_experience_cope_survey,,checkbox,How were you tested? Select all that apply.,"COPE_A_166, Nasal swab | COPE_A_124, Throat Swab | COPE_A_55, Blood Sample",,,,[cdc_covid_19_9_xx25] = 'COPE_A_44',,LV,REGISTERED_QUESTION_SUPPRESSED,,REGISTERED_QUESTION_SUPPRESSED,
COPE,"May, June, July",cope_a_126,covid19_participant_experience_cope_survey,,text,What other breathing treatment did you receive? Please specify,,,,,[copect_63_xx21(COPE_A_226)] = '1',,LV,REGISTERED_QUESTION_SUPPRESSED,,REGISTERED_QUESTION_SUPPRESSED,CONTROLLED_QUESTION_SUPPRESSED
COPE,"May, June, July",cope_a_160,covid19_participant_experience_cope_survey,,text,"<div class=""rich-text-field-label""><p><span style=""font-weight: normal;"">Hours per day</span></p></div>",,number,0,24,[ipaq_7] = 'COPE_A_213',,LV,,,,
COPE,"May, June, July",cope_a_85,covid19_participant_experience_cope_survey,,text,"<div class=""rich-text-field-label""><p><span style=""font-weight: normal;"">Minutes per day</span></p></div>",,number,0,59,[ipaq_7] = 'COPE_A_213',,LV,,,,
COPE,"May, June, July",copect_50_xx17,covid19_participant_experience_cope_survey,,radio,"In the past month:
 Did someone in your home smoke tobacco/nicotine (including cigarettes, cigar, cigarillos, pipes, hookah) every day, some days, or not at all?","COPE_A_197, Yes, every day | COPE_A_169, Yes, some days | COPE_A_94, Not currently, but in the past | COPE_A_131, No, never",,,,,,LV,,,,
COPE,"May, June, July",copect_50_xx18,covid19_participant_experience_cope_survey,"Substance Use
 
 The following questions ask about your use of alcohol, tobacco, and other substances in the past month.",radio,"In the past month:
 Did you smoke tobacco/nicotine (including cigarettes, cigar, cigarillos, pipes, hookah) every day, some days, or not at all?","COPE_A_197, Yes, every day | COPE_A_169, Yes, some days | COPE_A_94, Not currently, but in the past | COPE_A_131, No, never",,,,,,LV,,,,
COPE,"May, June, July",copect_50_xx19,covid19_participant_experience_cope_survey,,radio,How long has it been since you last smoked?,"COPE_A_57, Weeks | COPE_A_198, Months | COPE_A_152, Years",,,,[copect_50_xx18] = 'COPE_A_94',,LV,,,,
COPE,"May, June, July",copect_50_xx19_cope_a_152,covid19_participant_experience_cope_survey,,text,Enter the number of years,,number,1,99,[lifestyle_2_xx12] = 'COPE_A_152',,LV,,,,
COPE,"May, June, July",copect_50_xx19_cope_a_198,covid19_participant_experience_cope_survey,,text,Enter the number of months,,number,1,11,[lifestyle_2_xx12] = 'COPE_A_198',,LV,,,,
COPE,"May, June, July",copect_50_xx19_cope_a_57,covid19_participant_experience_cope_survey,,text,Enter the number of weeks,,number,1,51,[lifestyle_2_xx12] = 'COPE_A_57',,LV,,,,
COPE,"May, June, July",copect_54,covid19_participant_experience_cope_survey,,radio,Are you currently on chemotherapy or immunotherapy?,"COPE_A_44, Yes | COPE_A_13, No",,,,,,LV,,,,
COPE,"May, June, July",copect_58,covid19_participant_experience_cope_survey,,radio,"Do you regularly take immunosuppressant medications (including steroids, methotrexate, biologic agents)?","COPE_A_44, Yes | COPE_A_13, No",,,,,,LV,,,,
COPE,"May, June, July",copect_63_xx20,covid19_participant_experience_cope_survey,"COVID-19 Related Treatment
 
 The next questions ask about treatments you might have received that are associated with COVID-19 in the past month.",checkbox,"In the past month, if you were sick with COVID-19 symptoms, how did you receive treatment(s)? Please select all that apply.","COPE_A_175, I didn't, I wasn't sick | COPE_A_141, I recovered at home | COPE_A_77, I spoke with a healthcare professional and wasn't admitted to the hospital | COPE_A_9, I was admitted to the hospital for at least one night",,,,,,LV,REGISTERED_QUESTION_SUPPRESSED,,REGISTERED_QUESTION_SUPPRESSED,
COPE,"May, June, July",cpss_1,covid19_participant_experience_cope_survey,"Stress
 
 The next 10 questions ask how often you felt stress in the last month. This includes stress about events that you did not expect or could not predict or control, and how much you worry about your life. Your answers will help us understand how often stress impacts daily life.",radio,"In the last month, how often have you been upset because of something that happened unexpectedly?","COPE_A_120, Never | COPE_A_154, Almost never | COPE_A_151, Sometimes | COPE_A_42, Fairly often | COPE_A_86, Very often",,,,,,LV,,,,
COPE,"May, June, July",cpss_10,covid19_participant_experience_cope_survey,,radio,"In the last month, how often have you felt difficulties were piling up so high that you could not overcome them?","COPE_A_120, Never | COPE_A_154, Almost never | COPE_A_151, Sometimes | COPE_A_42, Fairly often | COPE_A_86, Very often",,,,,,LV,,,,
COPE,"May, June, July",cpss_2,covid19_participant_experience_cope_survey,,radio,"In the last month, how often have you felt that you were unable to control the important things in your life?","COPE_A_120, Never | COPE_A_154, Almost never | COPE_A_151, Sometimes | COPE_A_42, Fairly often | COPE_A_86, Very often",,,,,,LV,,,,
COPE,"May, June, July",cpss_3,covid19_participant_experience_cope_survey,,radio,"In the last month, how often have you felt nervous and ""stressed""?","COPE_A_120, Never | COPE_A_154, Almost never | COPE_A_151, Sometimes | COPE_A_42, Fairly often | COPE_A_86, Very often",,,,,,LV,,,,
COPE,"May, June, July",cpss_4,covid19_participant_experience_cope_survey,,radio,"In the last month, how often have you felt confident about your ability to handle your personal problems?","COPE_A_120, Never | COPE_A_154, Almost never | COPE_A_151, Sometimes | COPE_A_42, Fairly often | COPE_A_86, Very often",,,,,,LV,,,,
COPE,"May, June, July",cpss_5,covid19_participant_experience_cope_survey,,radio,"In the last month, how often have you felt that things were going your way?","COPE_A_120, Never | COPE_A_154, Almost never | COPE_A_151, Sometimes | COPE_A_42, Fairly often | COPE_A_86, Very often",,,,,,LV,,,,
COPE,"May, June, July",cpss_6,covid19_participant_experience_cope_survey,,radio,"In the last month, how often have you found that you could not cope with all the things that you had to do?","COPE_A_120, Never | COPE_A_154, Almost never | COPE_A_151, Sometimes | COPE_A_42, Fairly often | COPE_A_86, Very often",,,,,,LV,,,,
COPE,"May, June, July",cpss_7,covid19_participant_experience_cope_survey,,radio,"In the last month, how often have you been able to control irritations in your life?","COPE_A_120, Never | COPE_A_154, Almost never | COPE_A_151, Sometimes | COPE_A_42, Fairly often | COPE_A_86, Very often",,,,,,LV,,,,
COPE,"May, June, July",cpss_8,covid19_participant_experience_cope_survey,,radio,"In the last month, how often have you felt that you were on top of things?","COPE_A_120, Never | COPE_A_154, Almost never | COPE_A_151, Sometimes | COPE_A_42, Fairly often | COPE_A_86, Very often",,,,,,LV,,,,
COPE,"May, June, July",cpss_9,covid19_participant_experience_cope_survey,,radio,"In the last month, how often have you been angered because of things that were outside of your control?","COPE_A_120, Never | COPE_A_154, Almost never | COPE_A_151, Sometimes | COPE_A_42, Fairly often | COPE_A_86, Very often",,,,,,LV,,,,
COPE,"May, June, July",eds_1,covid19_participant_experience_cope_survey,"Discrimination
 
 The next statements describe how others may treat you.",radio,"In your day-to-day life, how often did this happen to you during the past month?
 You are treated with less courtesy than other people are.","COPE_A_113, Almost everyday | COPE_A_62, At least once a week | COPE_A_84, A few times a month | COPE_A_120, Never",,,,,,LV,,,,
COPE,"May, June, July",eds_2,covid19_participant_experience_cope_survey,,radio,"In your day-to-day life, how often did this happen to you during the past month?
 You are treated with less respect than other people are.","COPE_A_113, Almost everyday | COPE_A_62, At least once a week | COPE_A_84, A few times a month | COPE_A_120, Never",,,,,,LV,,,,
COPE,"May, June, July",eds_3,covid19_participant_experience_cope_survey,,radio,"In your day-to-day life, how often did this happen to you during the past month?
 You receive poorer service than other people at restaurants or stores.","COPE_A_113, Almost everyday | COPE_A_62, At least once a week | COPE_A_84, A few times a month | COPE_A_120, Never",,,,,,LV,,,,
COPE,"May, June, July",eds_4,covid19_participant_experience_cope_survey,,radio,"In your day-to-day life, how often did this happen to you during the past month?
 People act as if they think you are not smart.","COPE_A_113, Almost everyday | COPE_A_62, At least once a week | COPE_A_84, A few times a month | COPE_A_120, Never",,,,,,LV,,,,
COPE,"May, June, July",eds_5,covid19_participant_experience_cope_survey,,radio,"In your day-to-day life, how often did this happen to you during the past month?
 People act as if they are afraid of you.","COPE_A_113, Almost everyday | COPE_A_62, At least once a week | COPE_A_84, A few times a month | COPE_A_120, Never",,,,,,LV,,,,
COPE,"May, June, July",eds_6,covid19_participant_experience_cope_survey,,radio,"In your day-to-day life, how often did this happen to you during the past month?
 People act as if they think you are dishonest.","COPE_A_113, Almost everyday | COPE_A_62, At least once a week | COPE_A_84, A few times a month | COPE_A_120, Never",,,,,,LV,,,,
COPE,"May, June, July",eds_7,covid19_participant_experience_cope_survey,,radio,"In your day-to-day life, how often did this happen to you during the past month?
 People act as if they're better than you are.","COPE_A_113, Almost everyday | COPE_A_62, At least once a week | COPE_A_84, A few times a month | COPE_A_120, Never",,,,,,LV,,,,
COPE,"May, June, July",eds_8,covid19_participant_experience_cope_survey,,radio,"In your day-to-day life, how often did this happen to you during the past month?
 You are called names or insulted.","COPE_A_113, Almost everyday | COPE_A_62, At least once a week | COPE_A_84, A few times a month | COPE_A_120, Never",,,,,,LV,,,,
COPE,"May, June, July",eds_9,covid19_participant_experience_cope_survey,,radio,"In your day-to-day life, how often did this happen to you during the past month?
 You are threatened or harassed.","COPE_A_113, Almost everyday | COPE_A_62, At least once a week | COPE_A_84, A few times a month | COPE_A_120, Never",,,,,,LV,,,,
COPE,"May, June, July",eds_follow_up_1_xx,covid19_participant_experience_cope_survey,,text,Other reason - please specify.,,,,,[eds_follow_up_1(COPE_A_226)] = '1',,LV,REGISTERED_QUESTION_SUPPRESSED,,REGISTERED_QUESTION_SUPPRESSED,CONTROLLED_QUESTION_SUPPRESSED
COPE,"May, June, July",gad_7_1,covid19_participant_experience_cope_survey,"Anxiety
 
 The next questions ask about worrying.",radio,"In the past 2 weeks, how often have you been bothered by the following problem?
 Feeling nervous, anxious, or on edge","COPE_A_168, Not at all | COPE_A_111, Several days | COPE_A_75, More than half the days | COPE_A_161, Nearly every day",,,,,,LV,,,,
COPE,"May, June, July",gad_7_2,covid19_participant_experience_cope_survey,,radio,"In the past 2 weeks, how often have you been bothered by the following problem?
 Not being able to stop or control worrying","COPE_A_168, Not at all | COPE_A_111, Several days | COPE_A_75, More than half the days | COPE_A_161, Nearly every day",,,,,,LV,,,,
COPE,"May, June, July",gad_7_3,covid19_participant_experience_cope_survey,,radio,"In the past 2 weeks, how often have you been bothered by the following problem?
 Worrying too much about different things","COPE_A_168, Not at all | COPE_A_111, Several days | COPE_A_75, More than half the days | COPE_A_161, Nearly every day",,,,,,LV,,,,
COPE,"May, June, July",gad_7_4,covid19_participant_experience_cope_survey,,radio,"In the past 2 weeks, how often have you been bothered by the following problem?
 Trouble relaxing","COPE_A_168, Not at all | COPE_A_111, Several days | COPE_A_75, More than half the days | COPE_A_161, Nearly every day",,,,,,LV,,,,
COPE,"May, June, July",gad_7_5,covid19_participant_experience_cope_survey,,radio,"In the past 2 weeks, how often have you been bothered by the following problem?
 Being so restless that it's hard to sit still","COPE_A_168, Not at all | COPE_A_111, Several days | COPE_A_75, More than half the days | COPE_A_161, Nearly every day",,,,,,LV,,,,
COPE,"May, June, July",gad_7_6,covid19_participant_experience_cope_survey,,radio,"In the past 2 weeks, how often have you been bothered by the following problem?
 Becoming easily annoyed or irritable","COPE_A_168, Not at all | COPE_A_111, Several days | COPE_A_75, More than half the days | COPE_A_161, Nearly every day",,,,,,LV,,,,
COPE,"May, June, July",gad_7_7,covid19_participant_experience_cope_survey,,radio,"In the past 2 weeks, how often have you been bothered by the following problem?
 Feeling afraid as if something awful might happen","COPE_A_168, Not at all | COPE_A_111, Several days | COPE_A_75, More than half the days | COPE_A_161, Nearly every day",,,,,,LV,,,,
COPE,"May, June, July",ies_r_6_1,covid19_participant_experience_cope_survey,"COVID-19 Related Impact
 
 Please indicate how much you felt each of the following within the last week. Please choose the answer that best applies to your situation within the past 7 days.",radio,"In the past 7 days, I thought about COVID-19 when I didn't mean to.","COPE_A_168, Not at all | COPE_A_21, A little bit | COPE_A_139, Moderately | COPE_A_72, Quite a bit | COPE_A_93, Extremely",,,,,,LV,,,,
COPE,"May, June, July",ies_r_6_2,covid19_participant_experience_cope_survey,,radio,"In the past 7 days, I felt watchful or on-guard.","COPE_A_168, Not at all | COPE_A_21, A little bit | COPE_A_139, Moderately | COPE_A_72, Quite a bit | COPE_A_93, Extremely",,,,,,LV,,,,
COPE,"May, June, July",ies_r_6_3,covid19_participant_experience_cope_survey,,radio,"In the past 7 days, other things kept making me think about COVID-19.","COPE_A_168, Not at all | COPE_A_21, A little bit | COPE_A_139, Moderately | COPE_A_72, Quite a bit | COPE_A_93, Extremely",,,,,,LV,,,,
COPE,"May, June, July",ies_r_6_4,covid19_participant_experience_cope_survey,,radio,"In the past 7 days, I was aware that I still had a lot of feelings about COVID-19, but I didn't deal with them.","COPE_A_168, Not at all | COPE_A_21, A little bit | COPE_A_139, Moderately | COPE_A_72, Quite a bit | COPE_A_93, Extremely",,,,,,LV,,,,
COPE,"May, June, July",ies_r_6_5,covid19_participant_experience_cope_survey,,radio,"In the past 7 days, I tried not to think about COVID-19.","COPE_A_168, Not at all | COPE_A_21, A little bit | COPE_A_139, Moderately | COPE_A_72, Quite a bit | COPE_A_93, Extremely",,,,,,LV,,,,
COPE,"May, June, July",ies_r_6_6,covid19_participant_experience_cope_survey,,radio,"In the past 7 days, I had trouble concentrating.","COPE_A_168, Not at all | COPE_A_21, A little bit | COPE_A_139, Moderately | COPE_A_72, Quite a bit | COPE_A_93, Extremely",,,,,,LV,,,,
COPE,"May, June, July",ipaq_1,covid19_participant_experience_cope_survey,"Physical Activity
 
 Next, we ask you questions about your physical activity in the last 7 days.",radio,"Think about all the vigorous activities that you did in the last 7 days. Vigorous physical activities refer to activities that take hard physical effort and make you breathe much harder than normal. Think only about those physical activities that you did for at least 10 minutes at a time.
 
 During the last 7 days, did you do vigorous physical activities like heavy lifting, digging, aerobics, or fast bicycling?","COPE_A_44, Yes | COPE_A_13, No",,,,,,LV,,,,
COPE,"May, June, July",ipaq_1_cope_a_24,covid19_participant_experience_cope_survey,,text,How many days per week?,,number,1,7,[ipaq_1] = 'COPE_A_44',,LV,,,,
COPE,"May, June, July",ipaq_3,covid19_participant_experience_cope_survey,,radio,"Think about all the moderate activities that you did in the last 7 days. Moderate activities refer to activities that take moderate physical effort and make you breathe somewhat harder than normal. Think only about those physical activities that you did for at least 10 minutes at a time.
 
 During the last 7 days, did you do moderate physical activity like carrying light loads, bicycling at a regular pace, or doubles tennis?","COPE_A_44, Yes | COPE_A_13, No",,,,,,LV,,,,
COPE,"May, June, July",ipaq_3_cope_a_24,covid19_participant_experience_cope_survey,,text,How many days per week?,,number,1,7,[ipaq_3] = 'COPE_A_44',,LV,,,,
COPE,"May, June, July",ipaq_5,covid19_participant_experience_cope_survey,,radio,"Think about the time you spent walking in the last 7 days. This includes at work and at home, walking to travel from place to place, and any other walking that you have done solely for recreation, sport, exercise, or leisure.
 
 During the last 7 days, did you walk for at least 10 minutes at a time?","COPE_A_44, Yes | COPE_A_13, No",,,,,,LV,,,,
COPE,"May, June, July",ipaq_5_cope_a_24,covid19_participant_experience_cope_survey,,text,How many days per week?,,number,1,7,[ipaq_5] = 'COPE_A_44',,LV,,,,
COPE,"May, June, July",ipaq_7,covid19_participant_experience_cope_survey,,radio,"The last question is about the time you spent sitting on weekdays during the last 7 days. Include time spent at work, at home, while doing course work and during leisure time. This may include time spent sitting at a desk, visiting friends, reading, or sitting or lying down to watch television.
 
 During the last 7 days, how much time did you spend sitting on a weekday?","COPE_A_213, Enter the amount of time | COPE_A_202, Don't know",,,,,,LV,,,,
COPE,"May, June, July",lifestyle_2_xx12,covid19_participant_experience_cope_survey,,radio,How long has it been since you last used an electronic nicotine product?,"COPE_A_57, Weeks | COPE_A_198, Months | COPE_A_152, Years",,,,[lifestyle_2_xx13] = 'COPE_A_94',,LV,,,,
COPE,"May, June, July",lifestyle_2_xx12_cope_a_152,covid19_participant_experience_cope_survey,,text,Enter the number of years,,number,1,99,[lifestyle_2_xx12] = 'COPE_A_152',,LV,,,,
COPE,"May, June, July",lifestyle_2_xx12_cope_a_198,covid19_participant_experience_cope_survey,,text,Enter the number of months,,number,1,11,[lifestyle_2_xx12] = 'COPE_A_198',,LV,,,,
COPE,"May, June, July",lifestyle_2_xx12_cope_a_57,covid19_participant_experience_cope_survey,,text,Enter the number of weeks,,number,1,51,[lifestyle_2_xx12] = 'COPE_A_57',,LV,,,,
COPE,"May, June, July",lifestyle_2_xx13,covid19_participant_experience_cope_survey,,radio,"In the past month:
 Did you use any type of electronic nicotine product? This includes e- cigarettes, vape pens, hookah pens, personal vaporizers and mods, e-cigars, e-pipes, and e-hookahs.","COPE_A_197, Yes, every day | COPE_A_169, Yes, some days | COPE_A_94, Not currently, but in the past | COPE_A_131, No, never",,,,,,LV,,,,
COPE,"May, June, July",lot_r_1,covid19_participant_experience_cope_survey,"General Well-Being
 
 We would like to know how you feel about things in general.",radio,"Choose the answer that best describes how you felt in the past month.
 In uncertain times, I usually expect the best.","COPE_A_76, I agree a lot | COPE_A_47, I agree a little | COPE_A_80, I neither agree nor disagree | COPE_A_59, I Disagree a little | COPE_A_143, I Disagree a lot",,,,,,LV,,,,
COPE,"May, June, July",mos_ss_1,covid19_participant_experience_cope_survey,"Social Support
 
 People sometimes look to others for friendship and help. We want to know how social support affects your health. Each of the following statements describes a type of social support.",radio,"Choose the answer that best describes how often you can find this kind of support in the past month.
 Someone to help you if you were confined to bed","COPE_A_99, None of the time | COPE_A_95, A little of the time | COPE_A_158, Some of the time | COPE_A_102, Most of the time | COPE_A_129, All of the time",,,,,,LV,,,,
COPE,"May, June, July",mos_ss_13,covid19_participant_experience_cope_survey,,radio,"Choose the answer that best describes how often you can find this kind of support in the past month.
 Someone to confide in or talk to about yourself or your problems","COPE_A_99, None of the time | COPE_A_95, A little of the time | COPE_A_158, Some of the time | COPE_A_102, Most of the time | COPE_A_129, All of the time",,,,,,LV,,,,
COPE,"May, June, July",mos_ss_17,covid19_participant_experience_cope_survey,,radio,"Choose the answer that best describes how often you can find this kind of support in the past month.
 Someone to do things with to help you get your mind off things","COPE_A_99, None of the time | COPE_A_95, A little of the time | COPE_A_158, Some of the time | COPE_A_102, Most of the time | COPE_A_129, All of the time",,,,,,LV,,,,
COPE,"May, June, July",mos_ss_2,covid19_participant_experience_cope_survey,,radio,"Choose the answer that best describes how often you can find this kind of support in the past month.
 Someone to take you to the doctor if you needed it","COPE_A_99, None of the time | COPE_A_95, A little of the time | COPE_A_158, Some of the time | COPE_A_102, Most of the time | COPE_A_129, All of the time",,,,,,LV,,,,
COPE,"May, June, July",mos_ss_3,covid19_participant_experience_cope_survey,,radio,"Choose the answer that best describes how often you can find this kind of support in the past month.
 Someone to prepare your meals if you were unable to do it yourself","COPE_A_99, None of the time | COPE_A_95, A little of the time | COPE_A_158, Some of the time | COPE_A_102, Most of the time | COPE_A_129, All of the time",,,,,,LV,,,,
COPE,"May, June, July",mos_ss_4,covid19_participant_experience_cope_survey,,radio,"Choose the answer that best describes how often you can find this kind of support in the past month.
 Someone to help with daily chores if you were sick","COPE_A_99, None of the time | COPE_A_95, A little of the time | COPE_A_158, Some of the time | COPE_A_102, Most of the time | COPE_A_129, All of the time",,,,,,LV,,,,
COPE,"May, June, July",mos_ss_5,covid19_participant_experience_cope_survey,,radio,"Choose the answer that best describes how often you can find this kind of support in the past month.
 Someone to have a good time with","COPE_A_99, None of the time | COPE_A_95, A little of the time | COPE_A_158, Some of the time | COPE_A_102, Most of the time | COPE_A_129, All of the time",,,,,,LV,,,,
COPE,"May, June, July",mos_ss_6,covid19_participant_experience_cope_survey,,radio,"Choose the answer that best describes how often you can find this kind of support in the past month.
 Someone to turn to for suggestions about how to deal with a personal problem","COPE_A_99, None of the time | COPE_A_95, A little of the time | COPE_A_158, Some of the time | COPE_A_102, Most of the time | COPE_A_129, All of the time",,,,,,LV,,,,
COPE,"May, June, July",mos_ss_7,covid19_participant_experience_cope_survey,,radio,"Choose the answer that best describes how often you can find this kind of support in the past month.
 Someone who understands your problems","COPE_A_99, None of the time | COPE_A_95, A little of the time | COPE_A_158, Some of the time | COPE_A_102, Most of the time | COPE_A_129, All of the time",,,,,,LV,,,,
COPE,"May, June, July",mos_ss_8,covid19_participant_experience_cope_survey,,radio,"Choose the answer that best describes how often you can find this kind of support in the past month.
 Someone to love and make you feel wanted","COPE_A_99, None of the time | COPE_A_95, A little of the time | COPE_A_158, Some of the time | COPE_A_102, Most of the time | COPE_A_129, All of the time",,,,,,LV,,,,
COPE,"May, June, July",phq_9_1,covid19_participant_experience_cope_survey,"Mood
 
 Over the last 2 weeks, how often have you been bothered by any of the following problems?",radio,"In the past 2 weeks, how often have you been bothered by:
 Little interest or pleasure in doing things","COPE_A_168, Not at all | COPE_A_111, Several days | COPE_A_75, More than half the days | COPE_A_161, Nearly every day",,,,,,LV,,,,
COPE,"May, June, July",phq_9_2,covid19_participant_experience_cope_survey,,radio,"In the past 2 weeks, how often have you been bothered by:
 Feeling down, depressed, or hopeless","COPE_A_168, Not at all | COPE_A_111, Several days | COPE_A_75, More than half the days | COPE_A_161, Nearly every day",,,,,,LV,,,,
COPE,"May, June, July",phq_9_3,covid19_participant_experience_cope_survey,,radio,"In the past 2 weeks, how often have you been bothered by:
 Trouble falling or staying asleep, or sleeping too much","COPE_A_168, Not at all | COPE_A_111, Several days | COPE_A_75, More than half the days | COPE_A_161, Nearly every day",,,,,,LV,,,,
COPE,"May, June, July",phq_9_4,covid19_participant_experience_cope_survey,,radio,"In the past 2 weeks, how often have you been bothered by:
 Feeling tired or having little energy","COPE_A_168, Not at all | COPE_A_111, Several days | COPE_A_75, More than half the days | COPE_A_161, Nearly every day",,,,,,LV,,,,
COPE,"May, June, July",phq_9_5,covid19_participant_experience_cope_survey,,radio,"In the past 2 weeks, how often have you been bothered by:
 Poor appetite or overeating","COPE_A_168, Not at all | COPE_A_111, Several days | COPE_A_75, More than half the days | COPE_A_161, Nearly every day",,,,,,LV,,,,
COPE,"May, June, July",phq_9_6,covid19_participant_experience_cope_survey,,radio,"In the past 2 weeks, how often have you been bothered by:
 Feeling bad about yourself or that you are a failure or have let yourself or your family down","COPE_A_168, Not at all | COPE_A_111, Several days | COPE_A_75, More than half the days | COPE_A_161, Nearly every day",,,,,,LV,,,,
COPE,"May, June, July",phq_9_7,covid19_participant_experience_cope_survey,,radio,"In the past 2 weeks, how often have you been bothered by:
 Trouble concentrating on things, such as reading the newspaper or watching television","COPE_A_168, Not at all | COPE_A_111, Several days | COPE_A_75, More than half the days | COPE_A_161, Nearly every day",,,,,,LV,,,,
COPE,"May, June, July",phq_9_8,covid19_participant_experience_cope_survey,,radio,"In the past 2 weeks, how often have you been bothered by:
 Moving or speaking so slowly that other people could have noticed? Or the opposite - being so fidgety or restless that you have been moving around a lot more than usual","COPE_A_168, Not at all | COPE_A_111, Several days | COPE_A_75, More than half the days | COPE_A_161, Nearly every day",,,,,,LV,,,,
COPE,"May, June, July",phq_9_9,covid19_participant_experience_cope_survey,,radio,"In the past 2 weeks, how often have you been bothered by:
 Thoughts that you would be better off dead or of hurting yourself in some way","COPE_A_168, Not at all | COPE_A_111, Several days | COPE_A_75, More than half the days | COPE_A_161, Nearly every day",,,,,,LV,,,,
COPE,"May, June, July",tsu_ds5_13_xx,covid19_participant_experience_cope_survey,,checkbox,"In the past month, have you used any of the following drugs? Select all that apply.","COPE_A_214, Cannabis (also called marijuana, pot, weed, grass, hash, concentrates, etc.). Please exclude your use of CBD or hemp products | COPE_A_215, Synthetic marijuana or fake weed (also called K2 or Spice) | COPE_A_216, Cocaine (also called coke, crack, free base, coca paste, etc.) | COPE_A_217, Prescription stimulants (for example, Ritalin, Concerta, Dexedrine, Adderall, Focalin, Didrex, etc.) | COPE_A_218, Methamphetamine (also called meth, crank, ice, crystal meth, glass, etc.) | COPE_A_219, Synthetic stimulants (also called bath salts, flakka, etc.) | COPE_A_220, Inhalants (for example, nitrous oxide, glue, gas, paint thinner, etc.) | COPE_A_221, Prescription sedatives or prescription sleeping pills (for example, Valium, Ambien, Serepax, Ativan, Xanax, Libriu, etc.) | COPE_A_222, Hallucinogens (for example, LSD, acid, Molly, mushrooms, PCP, Special K, ecstasy, Peyote, DMT, Foxy, etc.) | COPE_A_223, Heroin | COPE_A_224, Prescription opioids (for example, fentanyl, oxycodone [OxyContin, Percocet], hydrocodone [Vicodin], methadone, buprenorphine, etc.) | COPE_A_225, None | COPE_A_226, Other substance",,,,,,LV,,,,
COPE,"May, June, July",tsu_ds5_13_xx1,covid19_participant_experience_cope_survey,,radio,How often did you use prescription opioids?,"COPE_A_201, Only a few times | COPE_A_18, 1-3 times per month | COPE_A_174, 1-5 times per week | COPE_A_107, Daily",,,,[tsu_ds5_13_xx(COPE_A_224)] = '1',,LV,,,,
COPE,"May, June, July",tsu_ds5_13_xx10,covid19_participant_experience_cope_survey,,radio,How often did you use hallucinogens?,"COPE_A_201, Only a few times | COPE_A_18, 1-3 times per month | COPE_A_174, 1-5 times per week | COPE_A_107, Daily",,,,[tsu_ds5_13_xx(COPE_A_222)] = '1',,LV,,,,
COPE,"May, June, July",tsu_ds5_13_xx11,covid19_participant_experience_cope_survey,,radio,How often did you use prescription stimulants?,"COPE_A_201, Only a few times | COPE_A_18, 1-3 times per month | COPE_A_174, 1-5 times per week | COPE_A_107, Daily",,,,[tsu_ds5_13_xx(COPE_A_217)] = '1',,LV,,,,
COPE,"May, June, July",tsu_ds5_13_xx2,covid19_participant_experience_cope_survey,,radio,How often did you use heroin?,"COPE_A_201, Only a few times | COPE_A_18, 1-3 times per month | COPE_A_174, 1-5 times per week | COPE_A_107, Daily",,,,[tsu_ds5_13_xx(COPE_A_223)] = '1',,LV,,,,
COPE,"May, June, July",tsu_ds5_13_xx20,covid19_participant_experience_cope_survey,,radio,Did your use include smoking cannabis?,"COPE_A_44, Yes | COPE_A_13, No",,,,[tsu_ds5_13_xx(COPE_A_214)] = '1',,LV,,,,
COPE,"May, June, July",tsu_ds5_13_xx21,covid19_participant_experience_cope_survey,,radio,Do you think you have used more or less cannabis in the past month than you used to?,"COPE_A_227, Less often than usual | COPE_A_228, The same as usual | COPE_A_229, More often than usual",,,,[tsu_ds5_13_xx(COPE_A_214)] = '1',,LV,,,,
COPE,"May, June, July",tsu_ds5_13_xx22,covid19_participant_experience_cope_survey,,radio,Did your use include smoking synthetic marijuana or fake weed?,"COPE_A_44, Yes | COPE_A_13, No",,,,[tsu_ds5_13_xx(COPE_A_215)] = '1',,LV,,,,
COPE,"May, June, July",tsu_ds5_13_xx23,covid19_participant_experience_cope_survey,,radio,Do you think you have used more or less synthetic marijuana or fake weed in the past month than you used to?,"COPE_A_227, Less often than usual | COPE_A_228, The same as usual | COPE_A_229, More often than usual",,,,[tsu_ds5_13_xx(COPE_A_215)] = '1',,LV,,,,
COPE,"May, June, July",tsu_ds5_13_xx24,covid19_participant_experience_cope_survey,,radio,Did your use include smoking cocaine?,"COPE_A_44, Yes | COPE_A_13, No",,,,[tsu_ds5_13_xx(COPE_A_216)] = '1',,LV,,,,
COPE,"May, June, July",tsu_ds5_13_xx25,covid19_participant_experience_cope_survey,,radio,Do you think you have used more or less cocaine in the past month than you used to?,"COPE_A_227, Less often than usual | COPE_A_228, The same as usual | COPE_A_229, More often than usual",,,,[tsu_ds5_13_xx(COPE_A_216)] = '1',,LV,,,,
COPE,"May, June, July",tsu_ds5_13_xx26,covid19_participant_experience_cope_survey,,radio,Did you use prescription stimulants in any way a doctor did not direct you to use it?,"COPE_A_44, Yes | COPE_A_13, No",,,,[tsu_ds5_13_xx(COPE_A_217)] = '1',,LV,,,,
COPE,"May, June, July",tsu_ds5_13_xx27,covid19_participant_experience_cope_survey,,radio,Do you think you have used more or less prescription stimulants in the past month than you used to?,"COPE_A_227, Less often than usual | COPE_A_228, The same as usual | COPE_A_229, More often than usual",,,,[tsu_ds5_13_xx(COPE_A_217)] = '1',,LV,,,,
COPE,"May, June, July",tsu_ds5_13_xx28,covid19_participant_experience_cope_survey,,radio,Did your use include smoking methamphetamine?,"COPE_A_44, Yes | COPE_A_13, No",,,,[tsu_ds5_13_xx(COPE_A_218)] = '1',,LV,,,,
COPE,"May, June, July",tsu_ds5_13_xx29,covid19_participant_experience_cope_survey,,radio,Do you think you have used more or less methamphetamine in the past month than you used to?,"COPE_A_227, Less often than usual | COPE_A_228, The same as usual | COPE_A_229, More often than usual",,,,[tsu_ds5_13_xx(COPE_A_218)] = '1',,LV,,,,
COPE,"May, June, July",tsu_ds5_13_xx3,covid19_participant_experience_cope_survey,,radio,How often did you use cannabis?,"COPE_A_201, Only a few times | COPE_A_18, 1-3 times per month | COPE_A_174, 1-5 times per week | COPE_A_107, Daily",,,,[tsu_ds5_13_xx(COPE_A_214)] = '1',,LV,,,,
COPE,"May, June, July",tsu_ds5_13_xx30,covid19_participant_experience_cope_survey,,radio,Did your use include smoking synthetic stimulants?,"COPE_A_44, Yes | COPE_A_13, No",,,,[tsu_ds5_13_xx(COPE_A_219)] = '1',,LV,,,,
COPE,"May, June, July",tsu_ds5_13_xx31,covid19_participant_experience_cope_survey,,radio,Do you think you have used more or less synthetic stimulants in the past month than you used to?,"COPE_A_227, Less often than usual | COPE_A_228, The same as usual | COPE_A_229, More often than usual",,,,[tsu_ds5_13_xx(COPE_A_219)] = '1',,LV,,,,
COPE,"May, June, July",tsu_ds5_13_xx32,covid19_participant_experience_cope_survey,,radio,Do you think you have used more or less inhalants in the past month than you used to?,"COPE_A_227, Less often than usual | COPE_A_228, The same as usual | COPE_A_229, More often than usual",,,,[tsu_ds5_13_xx(COPE_A_220)] = '1',,LV,,,,
COPE,"May, June, July",tsu_ds5_13_xx33,covid19_participant_experience_cope_survey,,radio,Did you use prescription sedatives or prescription sleeping pills in any way a doctor did not direct you to use it?,"COPE_A_44, Yes | COPE_A_13, No",,,,[tsu_ds5_13_xx(COPE_A_221)] = '1',,LV,,,,
COPE,"May, June, July",tsu_ds5_13_xx34,covid19_participant_experience_cope_survey,,radio,Do you think you have used more or less prescription sedatives or prescription sleeping pills in the past month than you used to?,"COPE_A_227, Less often than usual | COPE_A_228, The same as usual | COPE_A_229, More often than usual",,,,[tsu_ds5_13_xx(COPE_A_221)] = '1',,LV,,,,
COPE,"May, June, July",tsu_ds5_13_xx35,covid19_participant_experience_cope_survey,,radio,Did your use include smoking hallucinogens?,"COPE_A_44, Yes | COPE_A_13, No",,,,[tsu_ds5_13_xx(COPE_A_222)] = '1',,LV,,,,
COPE,"May, June, July",tsu_ds5_13_xx36,covid19_participant_experience_cope_survey,,radio,Do you think you have used more or less hallucinogens in the past month than you used to?,"COPE_A_227, Less often than usual | COPE_A_228, The same as usual | COPE_A_229, More often than usual",,,,[tsu_ds5_13_xx(COPE_A_222)] = '1',,LV,,,,
COPE,"May, June, July",tsu_ds5_13_xx37,covid19_participant_experience_cope_survey,,radio,Did your use include smoking heroin?,"COPE_A_44, Yes | COPE_A_13, No",,,,[tsu_ds5_13_xx(COPE_A_223)] = '1',,LV,,,,
COPE,"May, June, July",tsu_ds5_13_xx38,covid19_participant_experience_cope_survey,,radio,Do you think you have used more or less heroin in the past month than you used to?,"COPE_A_227, Less often than usual | COPE_A_228, The same as usual | COPE_A_229, More often than usual",,,,[tsu_ds5_13_xx(COPE_A_223)] = '1',,LV,,,,
COPE,"May, June, July",tsu_ds5_13_xx39,covid19_participant_experience_cope_survey,,radio,Did you use prescription opioids in any way a doctor did not direct you to use it?,"COPE_A_44, Yes | COPE_A_13, No",,,,[tsu_ds5_13_xx(COPE_A_224)] = '1',,LV,,,,
COPE,"May, June, July",tsu_ds5_13_xx4,covid19_participant_experience_cope_survey,,radio,How often did you use synthetic stimulants?,"COPE_A_201, Only a few times | COPE_A_18, 1-3 times per month | COPE_A_174, 1-5 times per week | COPE_A_107, Daily",,,,[tsu_ds5_13_xx(COPE_A_219)] = '1',,LV,,,,
COPE,"May, June, July",tsu_ds5_13_xx40,covid19_participant_experience_cope_survey,,radio,Did your use include smoking prescription opioids?,"COPE_A_44, Yes | COPE_A_13, No",,,,[tsu_ds5_13_xx(COPE_A_224)] = '1',,LV,,,,
COPE,"May, June, July",tsu_ds5_13_xx41,covid19_participant_experience_cope_survey,,radio,Do you think you have used more or less prescription opioids in the past month than you used to?,"COPE_A_227, Less often than usual | COPE_A_228, The same as usual | COPE_A_229, More often than usual",,,,[tsu_ds5_13_xx(COPE_A_224)] = '1',,LV,,,,
COPE,"May, June, July",tsu_ds5_13_xx42_cope_a_226,covid19_participant_experience_cope_survey,,text,Other substance - please specify,,,,,[tsu_ds5_13_xx(COPE_A_226)] = '1',,,REGISTERED_QUESTION_SUPPRESSED,,REGISTERED_QUESTION_SUPPRESSED,CONTROLLED_QUESTION_SUPPRESSED
COPE,"May, June, July",tsu_ds5_13_xx42_cope_a_226_2,covid19_participant_experience_cope_survey,,radio,How often did you use the other substance?,"COPE_A_201, Only a few times | COPE_A_18, 1-3 times per month | COPE_A_174, 1-5 times per week | COPE_A_107, Daily",,,,[tsu_ds5_13_xx(COPE_A_226)] = '1',,LV,,,,
COPE,"May, June, July",tsu_ds5_13_xx43,covid19_participant_experience_cope_survey,,radio,Did your use include smoking the other substance?,"COPE_A_44, Yes | COPE_A_13, No",,,,[tsu_ds5_13_xx(COPE_A_226)] = '1',,LV,,,,
COPE,"May, June, July",tsu_ds5_13_xx44,covid19_participant_experience_cope_survey,,radio,Do you think you have used more or less of the other substance in the past month than you used to?,"COPE_A_227, Less often than usual | COPE_A_228, The same as usual | COPE_A_229, More often than usual",,,,[tsu_ds5_13_xx(COPE_A_226)] = '1',,LV,,,,
COPE,"May, June, July",tsu_ds5_13_xx5,covid19_participant_experience_cope_survey,,radio,How often did you use inhalants?,"COPE_A_201, Only a few times | COPE_A_18, 1-3 times per month | COPE_A_174, 1-5 times per week | COPE_A_107, Daily",,,,[tsu_ds5_13_xx(COPE_A_220)] = '1',,LV,,,,
COPE,"May, June, July",tsu_ds5_13_xx6,covid19_participant_experience_cope_survey,,radio,How often did you use methamphetamine?,"COPE_A_201, Only a few times | COPE_A_18, 1-3 times per month | COPE_A_174, 1-5 times per week | COPE_A_107, Daily",,,,[tsu_ds5_13_xx(COPE_A_218)] = '1',,LV,,,,
COPE,"May, June, July",tsu_ds5_13_xx7,covid19_participant_experience_cope_survey,,radio,How often did you use synthetic marijuana or fake weed?,"COPE_A_201, Only a few times | COPE_A_18, 1-3 times per month | COPE_A_174, 1-5 times per week | COPE_A_107, Daily",,,,[tsu_ds5_13_xx(COPE_A_215)] = '1',,LV,,,,
COPE,"May, June, July",tsu_ds5_13_xx8,covid19_participant_experience_cope_survey,,radio,How often did you use prescription sedatives or prescription sleeping pills?,"COPE_A_201, Only a few times | COPE_A_18, 1-3 times per month | COPE_A_174, 1-5 times per week | COPE_A_107, Daily",,,,[tsu_ds5_13_xx(COPE_A_221)] = '1',,LV,,,,
COPE,"May, June, July",tsu_ds5_13_xx9,covid19_participant_experience_cope_survey,,radio,How often did you use cocaine?,"COPE_A_201, Only a few times | COPE_A_18, 1-3 times per month | COPE_A_174, 1-5 times per week | COPE_A_107, Daily",,,,[tsu_ds5_13_xx(COPE_A_216)] = '1',,LV,,,,
COPE,"May, June, July",ucla_ls8_11,covid19_participant_experience_cope_survey,,radio,"Choose the answer that is true for you in the past month.
 I feel left out","COPE_A_120, Never | COPE_A_41, Rarely | COPE_A_151, Sometimes | COPE_A_148, Often",,,,,,LV,,,,
COPE,"May, June, July",ucla_ls8_14,covid19_participant_experience_cope_survey,,radio,"Choose the answer that is true for you in the past month.
 I feel isolated from others","COPE_A_120, Never | COPE_A_41, Rarely | COPE_A_151, Sometimes | COPE_A_148, Often",,,,,,LV,,,,
COPE,"May, June, July",ucla_ls8_15,covid19_participant_experience_cope_survey,,radio,"Choose the answer that is true for you in the past month.
 I can find companionship when I want it","COPE_A_120, Never | COPE_A_41, Rarely | COPE_A_151, Sometimes | COPE_A_148, Often",,,,,,LV,,,,
COPE,"May, June, July",ucla_ls8_17,covid19_participant_experience_cope_survey,,radio,"Choose the answer that is true for you in the past month.
 I am unhappy being so withdrawn","COPE_A_120, Never | COPE_A_41, Rarely | COPE_A_151, Sometimes | COPE_A_148, Often",,,,,,LV,,,,
COPE,"May, June, July",ucla_ls8_18,covid19_participant_experience_cope_survey,,radio,"Choose the answer that is true for you in the past month.
 People are around me but not with me","COPE_A_120, Never | COPE_A_41, Rarely | COPE_A_151, Sometimes | COPE_A_148, Often",,,,,,LV,,,,
COPE,"May, June, July",ucla_ls8_2,covid19_participant_experience_cope_survey,"Loneliness
 
 The next questions ask about your relationships with others.",radio,"Choose the answer that is true for you in the past month.
 I lack companionship","COPE_A_120, Never | COPE_A_41, Rarely | COPE_A_151, Sometimes | COPE_A_148, Often",,,,,,LV,,,,
COPE,"May, June, July",ucla_ls8_3,covid19_participant_experience_cope_survey,,radio,"Choose the answer that is true for you in the past month.
 There is no one I can turn to","COPE_A_120, Never | COPE_A_41, Rarely | COPE_A_151, Sometimes | COPE_A_148, Often",,,,,,LV,,,,
COPE,"May, June, July",ucla_ls8_9,covid19_participant_experience_cope_survey,,radio,"Choose the answer that is true for you in the past month.
 I am an outgoing person","COPE_A_120, Never | COPE_A_41, Rarely | COPE_A_151, Sometimes | COPE_A_148, Often",,,,,,LV,,,,
COPE,"May, June, July",ukmh_j1,covid19_participant_experience_cope_survey,,radio,"Choose the answer that best describes how you felt in the past month.
 In general, how happy are you?","COPE_A_19, Extremely happy | COPE_A_38, Very happy | COPE_A_7, Moderately happy | COPE_A_31, Moderately unhappy | COPE_A_140, Very unhappy | COPE_A_144, Extremely unhappy | COPE_A_202, Don't know | COPE_A_30, Prefer not to answer",,,,,,LV,,,,
COPE,"May, June, July",ukmh_j3,covid19_participant_experience_cope_survey,,radio,"Choose the answer that best describes how you felt in the past month.
 To what extent do you feel your life to be meaningful?","COPE_A_168, Not at all | COPE_A_67, A little | COPE_A_200, A moderate amount | COPE_A_10, Very much | COPE_A_132, An extreme amount | COPE_A_202, Don't know | COPE_A_30, Prefer not to answer",,,,,,LV,,,,
COPE,"May, June, July, November, December, February",basics_11,covid19_participant_experience_cope_survey,,radio,Are you covered by health insurance or some other kind of health care plan?,"COPE_A_44, Yes | COPE_A_13, No | COPE_A_202, Don't know | COPE_A_30, Prefer not to answer",,,,,,LV,,,,
COPE,"May, June, July, November, December, February",basics_xx,covid19_participant_experience_cope_survey,"Basic Information
 
 The next questions ask about circumstances that affect your general health.",text,"Not including yourself, how many other people live at home with you?",,number,0,,,,LV,REGISTERED_ANSWERS_BUCKETED,Generalized>10,REGISTERED_ANSWERS_BUCKETED,
COPE,"May, June, July, November, December, February",basics_xx20,covid19_participant_experience_cope_survey,,text,Think of other people who live with you. How many are under the age of 18 years?,,number,0,,[basics_xx] > 0,,LV,REGISTERED_ANSWERS_BUCKETED,Generalized>5,REGISTERED_ANSWERS_BUCKETED,
COPE,"May, June, July, November, December, February",cdc_covid_19_21,covid19_participant_experience_cope_survey,"Social Distancing Experiences
 
 The following questions ask about your experiences with social distancing. Social distancing means keeping space between yourself and other people outside of your home.",radio,"In the past month, have recommendations for socially distancing caused stress for you?","COPE_A_43, A lot | COPE_A_3, Somewhat | COPE_A_67, A little | COPE_A_168, Not at all",,,,,,LV,,,,
COPE,"May, June, July, November, December, February",cdc_covid_19_23,covid19_participant_experience_cope_survey,,checkbox,"In the past month, have you experienced the following as a result of COVID-19? Select all that apply.","COPE_A_149, Not enough money to pay rent | COPE_A_164, Not enough money to pay for gas | COPE_A_165, Not enough money to pay for food | COPE_A_112, Not enough money to pay for medications | COPE_A_162, Did not have a regular place to sleep or stay",,,,,,LV,,,,
COPE,"May, June, July, November, December, February",cdc_covid_19_7_xx22,covid19_participant_experience_cope_survey,"COVID-19 Related Symptoms
 
 The next questions ask about your experience with COVID-19 or flu-like symptoms.",radio,"In the past month, have you been sick for more than one day with a new illness related to COVID-19 or flu-like symptoms?","COPE_A_44, Yes | COPE_A_13, No",,,,,,LV,REGISTERED_QUESTION_UNSUPPRESSED,,REGISTERED_QUESTION_UNSUPPRESSED,
COPE,"May, June, July, November, December, February",cdc_covid_19_7_xx22_date,covid19_participant_experience_cope_survey,,text,Approximate date of onset,,date_mdy,,,[cdc_covid_19_7_xx22] = 'COPE_A_44',,LV,REGISTERED_QUESTION_SUPPRESSED,,REGISTERED_QUESTION_SUPPRESSED,
COPE,"May, June, July, November, December, February",copect_17,covid19_participant_experience_cope_survey,,checkbox,"Have you EVER been near someone that you know, or suspect, had COVID-19 (such as co-workers, family members, or others)? Select all that apply.","COPE_A_199, Yes, known COVID-19 | COPE_A_32, Yes, suspected COVID-19 | COPE_A_2, Not that I know of",,,,,,LV,,,,
COPE,"May, June, July, November, December, February",copect_40_xx15,covid19_participant_experience_cope_survey,,radio,Do you think you have had COVID-19?,"COPE_A_44, Yes | COPE_A_13, No | COPE_A_203, Maybe",,,,,,LV,REGISTERED_QUESTION_UNSUPPRESSED,,REGISTERED_QUESTION_UNSUPPRESSED,
COPE,"May, June, July, November, December, February",copect_63_xx21,covid19_participant_experience_cope_survey,,checkbox,What breathing treatment did you receive? Please select all that apply.,"COPE_A_155, I did not receive breathing treatment | COPE_A_136, Oxygen (through an oxygen mask or tube under my nose, no pressure applied) | COPE_A_91, Oxygen (through an oxygen mask, which pushes oxygen into your lungs) | COPE_A_130, A breathing machine (ventilator) with a tube down my throat | COPE_A_226, Other breathing treatment",,,,[copect_63_xx20(COPE_A_9)] = '1',,LV,REGISTERED_QUESTION_SUPPRESSED,,REGISTERED_QUESTION_SUPPRESSED,
COPE,"May, June, July, November, December, February",cu_covid,covid19_participant_experience_cope_survey,,radio,What type of household do you live in?,"COPE_A_205, Studio | COPE_A_206, One-bedroom apartment | COPE_A_207, Two-bedroom apartment | COPE_A_208, Three-bedroom (or more) apartment | COPE_A_209, Townhouse | COPE_A_210, Free-standing house | COPE_A_211, Nursing home, or rehab facility | COPE_A_212, Homeless | COPE_A_204, Other | COPE_A_30, Prefer not to answer",,,,,,LV,REGISTERED_QUESTION_SUPPRESSED,,REGISTERED_QUESTION_SUPPRESSED,
COPE,"May, June, July, November, December, February",cu_covid_cope_a_204,covid19_participant_experience_cope_survey,,text,Please specify.,,,,,[cu_covid] = 'COPE_A_204',,LV,REGISTERED_QUESTION_SUPPRESSED,,REGISTERED_QUESTION_SUPPRESSED,CONTROLLED_QUESTION_SUPPRESSED
COPE,"May, June, July, November, December, February",msds_10,covid19_participant_experience_cope_survey,,radio,"Thinking about your current social habits, in the last 5 days:
 I have gone to my workplace or volunteer site that is outside my home.","COPE_A_171, None of the days (0 days) | COPE_A_53, A few days (1-2 days) | COPE_A_127, Most days (3-4 days) | COPE_A_150, Every day",,,,,,LV,,,,
COPE,"May, June, July, November, December, February",msds_11,covid19_participant_experience_cope_survey,,radio,"Thinking about your current social habits, in the last 5 days:
 I have attended social gatherings outside my home of MORE than 10 people.","COPE_A_171, None of the days (0 days) | COPE_A_53, A few days (1-2 days) | COPE_A_127, Most days (3-4 days) | COPE_A_150, Every day",,,,,,LV,,,,
COPE,"May, June, July, November, December, February",msds_12,covid19_participant_experience_cope_survey,,radio,"Thinking about your current social habits, in the last 5 days:
 I have attended social gatherings outside my home of LESS than 10 people.","COPE_A_171, None of the days (0 days) | COPE_A_53, A few days (1-2 days) | COPE_A_127, Most days (3-4 days) | COPE_A_150, Every day",,,,,,LV,,,,
COPE,"May, June, July, November, December, February",msds_13,covid19_participant_experience_cope_survey,,radio,"Thinking about your current social habits, in the last 5 days:
 I have gone on shopping trips or outings that were ""just for fun"".","COPE_A_171, None of the days (0 days) | COPE_A_53, A few days (1-2 days) | COPE_A_127, Most days (3-4 days) | COPE_A_150, Every day",,,,,,LV,,,,
COPE,"May, June, July, November, December, February",msds_14,covid19_participant_experience_cope_survey,,radio,"Thinking about your current social habits, in the last 5 days:
 I have visited nursing homes or long-term care facilities (outside of work duties).","COPE_A_171, None of the days (0 days) | COPE_A_53, A few days (1-2 days) | COPE_A_127, Most days (3-4 days) | COPE_A_150, Every day",,,,,,LV,,,,
COPE,"May, June, July, November, December, February",msds_15,covid19_participant_experience_cope_survey,,radio,"Thinking about your current social habits, in the last 5 days:
 I have been in close contact with someone who is in a risk group for COVID-19 (adults age 50+, people with chronic medical conditions like heart, lung, liver, or kidney disease, diabetes, high blood pressure, or a suppressed immune system). This includes someone inside or outside of your household.","COPE_A_171, None of the days (0 days) | COPE_A_53, A few days (1-2 days) | COPE_A_127, Most days (3-4 days) | COPE_A_150, Every day | COPE_A_202, I don't know",,,,,,LV,,,,
COPE,"May, June, July, November, December, February",msds_16,covid19_participant_experience_cope_survey,,radio,"Thinking about these activities in the last 5 days, my social interaction with people outside my home was","COPE_A_138, A lot less than normal | COPE_A_78, Somewhat less than normal | COPE_A_146, About the same as normal | COPE_A_64, More than normal | COPE_A_26, A lot more than normal",,,,,,LV,,,,
COPE,"May, June, July, November, December, February",msds_18,covid19_participant_experience_cope_survey,,radio,"Now, thinking about the COVID-19 recommendations and mandates...How often in the past month are you doing the recommended pandemic hygiene, like washing hands frequently, avoiding touching your face, covering coughs, wearing a mask, and avoiding frequently touched surfaces in public places?","COPE_A_129, All of the time | COPE_A_194, Most of the time | COPE_A_151, Sometimes | COPE_A_41, Rarely",,,,,,LV,,,,
COPE,"May, June, July, November, December, February",msds_9,covid19_participant_experience_cope_survey,,radio,"Thinking about your current social habits, in the last 5 days:
 I have stayed home all day.","COPE_A_171, None of the days (0 days) | COPE_A_53, A few days (1-2 days) | COPE_A_127, Most days (3-4 days) | COPE_A_150, Every day",,,,,,LV,,,,
COPE,"May, June, July, November, December, February",overallhealth_14b,covid19_participant_experience_cope_survey,,radio,Are you currently pregnant?,"COPE_A_13, No | COPE_A_44, Yes | COPE_A_52, Not sure | COPE_A_30, Prefer not to answer",,,,,,LV,,,,
COPE,November,cope_nov,november_covid19_participant_experience_cope_surve,,descriptive,November COPE Survey,,,,,,,,"Launched 10/27/2020-12/3/2020 (PTSC & CE). *soft launch 10/27; 
 full launch 11/10",,,
COPE,November,copect_40_xx15_a,november_covid19_participant_experience_cope_surve,,radio,When did your symptoms begin?,"cope_a_319, January or February 2020 | cope_a_320, March or April 2020 | cope_a_321, May or June 2020 | cope_a_322, July or August 2020 | cope_a_323, September or October 2020",,,,[copect_40_xx15] = 'COPE_A_44' or [copect_40_xx15] = 'COPE_A_203',,LV,REGISTERED_QUESTION_UNSUPPRESSED,,REGISTERED_QUESTION_UNSUPPRESSED,
COPE,"November, December, February",basics_11a,november_covid19_participant_experience_cope_surve,,checkbox,Are you covered by health insurance or some other kind of health care plan? Select all that apply.,"COPE_A_170, Insurance purchased directly from an insurance company (by you or another family member) | COPE_A_63, Insurance through a current or former employer or union (by you or another family member) | COPE_A_193, Medicare, for people 65 and older or people with certain disabilities | COPE_A_134, Medicaid, Medical Assistance, or any kind of government-assistance plan for those with low incomes or disability | COPE_A_109, TRICARE or other military health care | COPE_A_181, Veterans Affairs (VA) (including those who have ever used or enrolled for VA health care) | COPE_A_68, Indian Health Service | COPE_A_33, Any other type of health insurance or health coverage plan | COPE_A_60, I don't have health insurance, self-pay",,,,[basics_11] = 'COPE_A_44',,LV,REGISTERED_ANSWERS_BUCKETED,"COPE_A_68=cope_a_33, COPE_A_109=cope_a_33",REGISTERED_ANSWERS_BUCKETED,
COPE,"November, December, February",basics_11a_cope_a_33,november_covid19_participant_experience_cope_surve,,text,Please specify:,,,,,[basics_11a(COPE_A_33)] = '1',,,REGISTERED_QUESTION_SUPPRESSED,,REGISTERED_QUESTION_SUPPRESSED,CONTROLLED_QUESTION_SUPPRESSED
COPE,"November, December, February",basics_12,november_covid19_participant_experience_cope_surve,,checkbox,What is your current employment status? Please select 1 or more of these categories.,"COPE_A_106, Employed for wages (part-time or full-time) | COPE_A_186, Self-employed | COPE_A_153, Out of work for 1 year or more | COPE_A_61, Out of work for less than 1 year | COPE_A_142, A homemaker | COPE_A_50, A student | COPE_A_196, Retired | COPE_A_128, Unable to work (disabled) | COPE_A_30, Prefer not to answer",,,,,,LV,REGISTERED_ANSWERS_BUCKETED,"Generalized into the following categories: ""Employed for wages or self‐employed"", ""Not currently employed for wages"", ""Prefer not to answer (COPE_A_30)"", and No answer (PMI_SKIP)",REGISTERED_ANSWERS_BUCKETED,
COPE,"November, December, February",c19corset_59,november_covid19_participant_experience_cope_surve,"Health Basics
 
 The next questions ask about circumstances that affect your general health which might change over time.",radio,"If you know it, what is your blood group/blood type?","cope_a_283, A | cope_a_279, B | cope_a_280, AB | cope_a_281, O | cope_a_282, I don't know my blood group for certain | COPE_A_30, Prefer not to answer",,,,,,LV,,,,
COPE,"November, December, February",cdc_covid_19_18,november_covid19_participant_experience_cope_surve,,checkbox,How has the COVID-19 outbreak affected you? Please select all that apply.,"COPE_A_135, Worked remotely or from home more than you used to before COVID-19 | COPE_A_101, Worked more hours than usual | COPE_A_12, Worked reduced hours | COPE_A_90, Was not able to work due to COVID-19 related illness | COPE_A_71, I became unemployed | COPE_A_92, Had difficulty arranging for childcare | COPE_A_147, Incurred increased costs for childcare expenses | COPE_A_5, Worked with children at home with me | COPE_A_179, Income or pay has been reduced | COPE_A_17, Not paid at all | COPE_A_87, Had serious financial problems | COPE_A_236, None of the above",,,,,,LV,,,,
COPE,"November, December, February",cdc_covid_19_25,november_covid19_participant_experience_cope_surve,,checkbox,"In the past month, to cope with social distancing and isolation, are you doing any of the following? Please select all that apply.","COPE_A_82, Taking breaks from watching, reading, or listening to news stories, including social media | COPE_A_115, Increasing watching, reading, or listening to news stories, including social media | COPE_A_157, Taking care of your body, such as taking deep breaths, stretching, or meditating | COPE_A_97, Engaging in healthy behaviors like trying to eat healthy, well-balanced meals, exercising regularly, getting plenty of sleep, or avoiding alcohol and drugs | COPE_A_173, Making time to relax | COPE_A_48, Connecting with others, including talking with people you trust about your concerns and how you are feeling | COPE_A_182, Contacting a healthcare provider | COPE_A_184, Delaying medical care for conditions other than COVID-19 | COPE_A_110, Smoking more cigarettes or vaping more | COPE_A_79, Drinking alcohol | COPE_A_74, Using prescription drugs (like valium, etc.) | COPE_A_28, Using non-prescription drugs | COPE_A_1, Using cannabis or marijuana | COPE_A_118, Eating high fat or sugary foods | COPE_A_123, Cutting or self-injury | COPE_A_156, Over exercise | COPE_A_121, Eating more food than usual | COPE_A_178, Eating less food than usual | COPE_A_236, None of the above",,,,,,LV,,,,
COPE,"November, December, February",cdc_covid_19_26,november_covid19_participant_experience_cope_surve,,checkbox,"In the past month, has your experience with the following behaviors increased? Please select all that apply.","COPE_A_27, Interpersonal conflict with family members or loved ones | COPE_A_81, Snapping at or yelling at family members | COPE_A_195, Interpersonal conflict with friends or coworkers | COPE_A_236, None of the above",,,,,,LV,,,,
COPE,"November, December, February",cdc_covid_19_7_xx23,november_covid19_participant_experience_cope_surve,,checkbox,Which of the following symptoms did you have? Select all that apply.,"COPE_A_54, A fever/feverish | cope_a_287, Chills or shivers (feeling too cold) | COPE_A_65, Unusual fatigue | COPE_A_49, Unusually strong muscle pains/aches | COPE_A_185, Skipping meals | COPE_A_20, Persistent cough (coughing a lot for more than an hour, or 3 or more coughing episodes in 24 hours) | COPE_A_83, Sore or painful throat | COPE_A_192, Difficulty breathing or shortness of breath | COPE_A_183, Unusually hoarse voice | COPE_A_39, Unusual chest pain or tightness in your chest | COPE_A_40, Runny or stuffy nose | COPE_A_122, Loss of smell or taste | COPE_A_36, Unusual eye soreness or discomfort (e.g., light sensitivity, pink eye, or excessive tears) | COPE_A_240, Raised, red, itchy, welts on the skin or sudden swelling of the face or lips | COPE_A_96, Headache | COPE_A_69, Dizziness or light-headedness | COPE_A_239, Confusion, disorientation, or drowsiness | COPE_A_188, Unusual abdominal pain or stomachache | COPE_A_114, Diarrhea | COPE_A_105, Nausea | COPE_A_241, Red/purple sores or blisters on your feet, including your toes | COPE_A_236, None of the above",,,,[cdc_covid_19_7_xx22] = 'COPE_A_44',,,REGISTERED_QUESTION_UNSUPPRESSED,,REGISTERED_QUESTION_UNSUPPRESSED,
COPE,"November, December, February",cdc_covid_19_7_xx23_other,november_covid19_participant_experience_cope_surve,,radio,Are there other important symptoms you want to share with us?,"COPE_A_44, Yes | COPE_A_13, No",,,,[cdc_covid_19_7_xx22] = 'COPE_A_44',,LV,REGISTERED_QUESTION_SUPPRESSED,,REGISTERED_QUESTION_SUPPRESSED,
COPE,"November, December, February",cdc_covid_19_7_xx23_other_cope_a_204,november_covid19_participant_experience_cope_surve,,text,Please specify:,,,,,[cdc_covid_19_7_xx23_other] = 'COPE_A_44',,LV,REGISTERED_QUESTION_SUPPRESSED,,REGISTERED_QUESTION_SUPPRESSED,CONTROLLED_QUESTION_SUPPRESSED
COPE,"November, December, February",cdc_covid_19_9_xx24,november_covid19_participant_experience_cope_surve,,radio,Was the test(s) for COVID-19 positive?,"COPE_A_44, Yes | cope_a_289, Yes, some | COPE_A_13, No, all were negative or inconclusive | COPE_A_117, Waiting for results for at least some tests | COPE_A_14, Unknown",,,,[cdc_covid_19_9_xx25] = 'COPE_A_44',,LV,REGISTERED_QUESTION_SUPPRESSED,,REGISTERED_QUESTION_SUPPRESSED,
COPE,"November, December, February",cdc_covid_19_9_xx25,november_covid19_participant_experience_cope_surve,"COVID-19 Related Testing
 
 The next questions ask about your experiences with testing for COVID-19 in the past month. You will have the chance to share how many tests you've had, if any, your reasons for getting tested, challenges with testing, and of course, your test results.",radio,Were you tested for COVID-19?,"COPE_A_13, No | cope_a_326, No, I tried and was unable to be tested | COPE_A_44, Yes | COPE_A_14, I don't know",,,,,,LV,REGISTERED_QUESTION_SUPPRESSED,,REGISTERED_QUESTION_SUPPRESSED,
COPE,"November, December, February",dmfs_27,november_covid19_participant_experience_cope_surve,"Vaccine Perceptions
 
 The next questions ask you about your perception of vaccination against influenza (""the flu"") or COVID-19.",radio,Did you receive the flu vaccination in the past month?,"COPE_A_44, Yes | COPE_A_13, No",,,,,,LV,REGISTERED_QUESTION_SUPPRESSED,,REGISTERED_QUESTION_SUPPRESSED,
COPE,"November, December, February",cdc_covid_19_n_a,november_covid19_participant_experience_cope_surve,,checkbox,How were you tested? Please select all that apply.,"COPE_A_166, Nasal swab | COPE_A_124, Throat Swab | cope_a_325, Saliva sample | COPE_A_55, Blood Sample",,,,[cdc_covid_19_9_xx25] = 'COPE_A_44',,LV,REGISTERED_QUESTION_SUPPRESSED,,REGISTERED_QUESTION_SUPPRESSED,
COPE,"November, December, February",cdc_covid_19_n_a2,november_covid19_participant_experience_cope_surve,,text,How many times have you been tested?,,integer,1,100,[cdc_covid_19_9_xx25] = 'COPE_A_44',,,REGISTERED_QUESTION_SUPPRESSED,,REGISTERED_QUESTION_SUPPRESSED,
COPE,"November, December, February",cdc_covid_19_n_a3,november_covid19_participant_experience_cope_surve,,checkbox,Did you have difficulty with the following aspects of getting a test? Please select all that apply.,"cope_a_272, Finding a doctor (I didn't know where I could get the test) | cope_a_260, Getting an appointment at a convenient time | cope_a_261, Affording the test | cope_a_262, I don't have insurance | cope_a_263, My insurance doesn't cover the test | cope_a_264, The insurance co-pays/deductibles were too high | cope_a_265, Wait time for an available appointment | cope_a_266, Taking time off from work | cope_a_267, I did not have transportation | cope_a_268, I did not have childcare | cope_a_269, The test was not available at the doctor's office, clinic, or hospital | cope_a_270, I did not meet criteria to be tested | cope_a_271, I did not have any difficulty getting a test | COPE_A_204, Other",,,,[cdc_covid_19_9_xx25] = 'cope_a_326' or [cdc_covid_19_9_xx25] = 'COPE_A_44',,LV,REGISTERED_QUESTION_SUPPRESSED,,REGISTERED_QUESTION_SUPPRESSED,
COPE,"November, December, February",cdc_covid_19_n_a4,november_covid19_participant_experience_cope_surve,,text,Please specify:,,,,,[cdc_covid_19_n_a3(COPE_A_204)] = '1',,LV,REGISTERED_QUESTION_SUPPRESSED,,REGISTERED_QUESTION_SUPPRESSED,CONTROLLED_QUESTION_SUPPRESSED
COPE,"November, December, February",cdc_covid_19_n_a6,november_covid19_participant_experience_cope_surve,,checkbox,What was your reason(s) for testing? Please select all that apply.,"cope_a_314, I was experiencing COVID-19 symptoms | cope_a_308, I needed to get a test for work or school | cope_a_309, I needed to get a test in order to get other health care services | cope_a_310, I belong to a high-risk population (e.g., have an underlying health condition) | cope_a_311, I was in contact with someone who had or was suspected to have COVID-19 | cope_a_312, I had to comply with travel mandates (e.g., crossing state lines, international travel) | cope_a_313, I had no symptoms, but testing was available | COPE_A_204, Other",,,,[cdc_covid_19_9_xx25] = 'COPE_A_44',,LV,REGISTERED_QUESTION_SUPPRESSED,,REGISTERED_QUESTION_SUPPRESSED,
COPE,"November, December, February",cdc_covid_19_n_a8,november_covid19_participant_experience_cope_surve,,text,Please specify:,,,,,[cdc_covid_19_n_a6(COPE_A_204)] = '1',,LV,REGISTERED_QUESTION_SUPPRESSED,,REGISTERED_QUESTION_SUPPRESSED,CONTROLLED_QUESTION_SUPPRESSED
COPE,"November, December, February",cope_a_126,november_covid19_participant_experience_cope_surve,,text,What other breathing treatment did you receive? Please specify:,,,,,[copect_63_xx21(COPE_A_226)] = '1',,LV,REGISTERED_QUESTION_SUPPRESSED,,REGISTERED_QUESTION_SUPPRESSED,CONTROLLED_QUESTION_SUPPRESSED
COPE,"November, December, February",cope_aou_xx_1,november_covid19_participant_experience_cope_surve,,radio,Are you receiving prenatal care?,"COPE_A_44, Yes | COPE_A_13, No | COPE_A_30, Prefer not to answer",,,,[overallhealth_14b] = 'COPE_A_44',,LV,,,,
COPE,"November, December, February",cope_aou_xx_2,november_covid19_participant_experience_cope_surve,,checkbox,"How has your prenatal care changed since COVID-19? (If you became pregnant during COVID-19, compare to any prior pregnancies if relevant.) Select all that apply.","cope_a_274, It is the same as before COVID-19 | cope_a_275, Some visits are virtual (over the phone or computer) | cope_a_276, The visits are less frequent | cope_a_277, I have to go to the visits alone | cope_a_278, I became pregnant during COVID-19 and visits are similar | COPE_A_30, Prefer not to answer | COPE_A_204, Other",,,,[cope_aou_xx_1] = 'COPE_A_44',,LV,,,,
COPE,"November, December, February",cope_aou_xx_2_a,november_covid19_participant_experience_cope_surve,,text,Please specify:,,,,,[cope_aou_xx_2(COPE_A_204)] = '1',,LV,REGISTERED_QUESTION_SUPPRESSED,,REGISTERED_QUESTION_SUPPRESSED,CONTROLLED_QUESTION_SUPPRESSED
COPE,"November, December, February",copect_63_xx20,november_covid19_participant_experience_cope_surve,,checkbox,What medical care did you receive? Please select all that apply.,"COPE_A_141, I did not speak with a healthcare professional and recovered at home | COPE_A_77, I spoke with a healthcare professional and wasn't admitted to the hospital | COPE_A_9, I was admitted to the hospital for at least one night",,,,[cdc_covid_19_7_xx22] = 'COPE_A_44',,LV,REGISTERED_QUESTION_SUPPRESSED,,REGISTERED_QUESTION_SUPPRESSED,
COPE,"November, December, February",dmfs_28,november_covid19_participant_experience_cope_surve,,radio,Do you plan to get the flu vaccine this season?,"COPE_A_44, Yes | COPE_A_13, No | COPE_A_202, I'm not sure yet | COPE_A_329, No, I received it more than a month ago",,,,[cdc_covid_19_9b] = 'COPE_A_13',,LV,,,,
COPE,"November, December, February",dmfs_29,november_covid19_participant_experience_cope_surve,,checkbox,What factors might make you less likely to get the vaccine? Please select all that apply.,"cope_a_303, I will not get/am never sick. | cope_a_290, It is just a virus/not fatal/not necessary. | cope_a_291, I never get vaccinated. | cope_a_292, I do not trust the vaccine. | cope_a_293, I do not want to pay for it. | cope_a_294, My region is not a high risk area. | cope_a_295, Vaccination location is not convenient. | cope_a_288, It depends on the risks/adverse events. | cope_a_296, Vaccination is worse than being ill. | cope_a_297, I have not thought about it yet. | cope_a_298, I am not in a risk group with underlying conditions. | cope_a_299, I need more information first. | cope_a_300, It will not help. | cope_a_301, I have already had COVID-19 | cope_a_302, I am going to let others get it first (herd immunity) | COPE_A_202, Do not know yet | COPE_A_204, Other",,,,[dmfs_xx_1] = 'cope_a_317' or [dmfs_xx_1] = 'cope_a_273' or [dmfs_xx_1] = 'cope_a_315' or [dmfs_xx_1] = 'cope_a_316',,LV,REGISTERED_QUESTION_SUPPRESSED,,REGISTERED_QUESTION_SUPPRESSED,
COPE,"November, December, February",dmfs_29a,november_covid19_participant_experience_cope_surve,,text,Please specify:,,,,,[dmfs_29(COPE_A_204)] = '1',,LV,REGISTERED_QUESTION_SUPPRESSED,,REGISTERED_QUESTION_SUPPRESSED,CONTROLLED_QUESTION_SUPPRESSED
COPE,"November, December, February",dmfs_xx_1,november_covid19_participant_experience_cope_surve,,radio,"When a COVID-19 vaccine is available, how likely are you to want to receive vaccination?","cope_a_318, Very likely | cope_a_317, Likely | cope_a_273, I do not know yet | cope_a_315, Unlikely | cope_a_316, Very unlikely",,,,,,LV,,,,
COPE,"November, December, February",gad_7_1,november_covid19_participant_experience_cope_surve,"Anxiety and Mood
 
 In the next questions, you have an opportunity to share with us how you have been feeling in the past two weeks.",radio,"Over the last 2 weeks, how often have you been bothered by the following problem:
 Feeling nervous, anxious, or on edge","COPE_A_168, Not at all | COPE_A_111, Several days | COPE_A_75, More than half the days | COPE_A_161, Nearly every day",,,,,,LV,,,,
COPE,"November, December, February",gad_7_2,november_covid19_participant_experience_cope_surve,,radio,"Over the last 2 weeks, how often have you been bothered by the following problem:
 Not being able to stop or control worrying","COPE_A_168, Not at all | COPE_A_111, Several days | COPE_A_75, More than half the days | COPE_A_161, Nearly every day",,,,,,LV,,,,
COPE,"November, December, February",msds_10_a,november_covid19_participant_experience_cope_surve,,radio,How often did you wear a face mask or face covering?,"COPE_A_120, Never | COPE_A_158, Sometimes | COPE_A_102, Most of the time | COPE_A_129, Always | PMI_DoesNotApplyToMe, Not applicable",,,,[msds_10] = 'COPE_A_53' or [msds_10] = 'COPE_A_127' or [msds_10] = 'COPE_A_150',,LV,,,,
COPE,"November, December, February",msds_11_a,november_covid19_participant_experience_cope_surve,,radio,How often did you wear a face mask or face covering?,"COPE_A_120, Never | COPE_A_158, Sometimes | COPE_A_102, Most of the time | COPE_A_129, Always | PMI_DoesNotApplyToMe, Not applicable",,,,[msds_11] = 'COPE_A_53' or [msds_11] = 'COPE_A_127' or [msds_11] = 'COPE_A_150',,LV,,,,
COPE,"November, December, February",msds_12_a,november_covid19_participant_experience_cope_surve,,radio,How often did you wear a face mask or face covering?,"COPE_A_120, Never | COPE_A_158, Sometimes | COPE_A_102, Most of the time | COPE_A_129, Always | PMI_DoesNotApplyToMe, Not applicable",,,,[msds_12] = 'COPE_A_53' or [msds_12] = 'COPE_A_127' or [msds_12] = 'COPE_A_150',,LV,,,,
COPE,"November, December, February",msds_13_a,november_covid19_participant_experience_cope_surve,,radio,How often did you wear a face mask or face covering?,"COPE_A_120, Never | COPE_A_158, Sometimes | COPE_A_102, Most of the time | COPE_A_129, Always | PMI_DoesNotApplyToMe, Not applicable",,,,[msds_13] = 'COPE_A_53' or [msds_13] = 'COPE_A_127' or [msds_13] = 'COPE_A_150',,LV,,,,
COPE,"November, December, February",msds_14_a,november_covid19_participant_experience_cope_surve,,radio,How often did you wear a face mask or face covering?,"COPE_A_120, Never | COPE_A_158, Sometimes | COPE_A_102, Most of the time | COPE_A_129, Always | PMI_DoesNotApplyToMe, Not applicable",,,,[msds_14] = 'COPE_A_53' or [msds_14] = 'COPE_A_127' or [msds_14] = 'COPE_A_150',,LV,,,,
COPE,"November, December, February",msds_17,november_covid19_participant_experience_cope_surve,,radio,"Thinking about your current social habits, in the last 5 days:
 I have attended social gatherings of MORE than 50 people.","COPE_A_171, None of the days (0 days) | COPE_A_53, A few days (1-2 days) | COPE_A_127, Most days (3-4 days) | COPE_A_150, Every day",,,,[msds_9] = 'COPE_A_171' or [msds_9] = 'COPE_A_53' or [msds_9] = 'COPE_A_127',,LV,,,,
COPE,"November, December, February",msds_17_a,november_covid19_participant_experience_cope_surve,,radio,How often did you wear a face mask or face covering?,"COPE_A_120, Never | COPE_A_158, Sometimes | COPE_A_102, Most of the time | COPE_A_129, Always | PMI_DoesNotApplyToMe, Not applicable",,,,[msds_17] = 'COPE_A_53' or [msds_17] = 'COPE_A_127' or [msds_17] = 'COPE_A_150',,LV,,,,
COPE,"November, December, February",msds_17_b,november_covid19_participant_experience_cope_surve,,checkbox,What was the purpose of the large gathering? Select all that apply.,"cope_a_304, Family gathering (wedding, graduation, funeral, etc.) | cope_a_305, Religious/spiritual gathering | cope_a_306, Community events (concerts, sporting events, etc.) | cope_a_307, Political rally/protest | COPE_A_204, Other",,,,[msds_17] = 'COPE_A_53' or [msds_17] = 'COPE_A_127' or [msds_17] = 'COPE_A_150',,LV,,,,
COPE,"November, December, February",msds_17_c,november_covid19_participant_experience_cope_surve,,text,Please specify:,,,,,[msds_17_b(COPE_A_204)] = '1',,LV,REGISTERED_QUESTION_SUPPRESSED,,REGISTERED_QUESTION_SUPPRESSED,CONTROLLED_QUESTION_SUPPRESSED
COPE,"November, December, February",phq_9_1,november_covid19_participant_experience_cope_surve,,radio,"Over the last 2 weeks, how often have you been bothered by the following problem:
 Little interest or pleasure in doing things","COPE_A_168, Not at all | COPE_A_111, Several days | COPE_A_75, More than half the days | COPE_A_161, Nearly every day",,,,,,LV,,,,
COPE,"November, December, February",phq_9_2,november_covid19_participant_experience_cope_surve,,radio,"In the past 2 weeks, how often have you been bothered by the following problem:
 Feeling down, depressed, or hopeless","COPE_A_168, Not at all | COPE_A_111, Several days | COPE_A_75, More than half the days | COPE_A_161, Nearly every day",,,,,,LV,,,,
COPE,"November, December, February",phq_9_9,november_covid19_participant_experience_cope_surve,,radio,"Over the last 2 weeks, how often have you been bothered by the following problem:
 Thoughts that you would be better off dead or of hurting yourself in some way","COPE_A_168, Not at all | COPE_A_111, Several days | COPE_A_75, More than half the days | COPE_A_161, Nearly every day",,,,,,LV,,,,
COPE,"November, December, February",rand_alp_csq_1,november_covid19_participant_experience_cope_surve,"COVID-19 Related Impact
 
 The following questions ask about the social and financial impact of COVID-19 on your life during the past month. Please choose the answer that best applies to your situation.",radio,"Do you have a child that is currently enrolled in childcare centers, schools, or colleges?","COPE_A_44, Yes | COPE_A_13, No",,,,,,LV,,,,
COPE,"November, December, February",rand_alp_csq_2a,november_covid19_participant_experience_cope_surve,,radio,"Compared with when they were in person at school or a childcare center, how much time are you spending on care and supervision of your children?","cope_a_254, Much more | cope_a_250, A little more | cope_a_251, About the same | cope_a_252, A little less | cope_a_253, Much less",,,,[rand_alp_csq_xx_1] = 'cope_a_286' or [rand_alp_csq_xx_1] = 'cope_a_284',,LV,,,,
COPE,"November, December, February",rand_alp_csq_2b,november_covid19_participant_experience_cope_surve,,radio,"Compared with when they were in in person school or a childcare center, how much time are you spending on helping your children with learning activities provided by their schools or childcare center?","cope_a_254, Much more | cope_a_250, A little more | cope_a_251, About the same | cope_a_252, A little less | cope_a_253, Much less",,,,[rand_alp_csq_xx_1] = 'cope_a_286' or [rand_alp_csq_xx_1] = 'cope_a_284',,LV,,,,
COPE,"November, December, February",rand_alp_csq_xx_1,november_covid19_participant_experience_cope_surve,,radio,"In the past month, did you have a child enrolled in childcare centers, schools, or colleges that is learning remotely because of COVID-19?","cope_a_286, Yes, at home full time | cope_a_284, Yes, at home part of the time | cope_a_328, Yes, but not at home | cope_a_285, No, at care, school, or college full time",,,,[rand_alp_csq_1] = 'COPE_A_44',,LV,,,,
COPE,"November, December, February",section_participation,november_covid19_participant_experience_cope_surve,,radio,You can choose not to answer any question at any time. We expect this survey will take most people approximately 8 to 10 minutes to complete. It might take some people longer to complete the survey.,"COPE_A_44, Yes, I still want to take the survey. | COPE_A_231, Yes, I would like to take the survey at a later time. | COPE_A_13, No, I do not want to take the survey.",,,,,y,LV,REGISTERED_QUESTION_SUPPRESSED,,REGISTERED_QUESTION_SUPPRESSED,
Minute Survey on COVID-19 Vacci,Summer,cope_vaccine1,summer_minute_survey_on_covid19_vaccines,,descriptive,Summer Minute Survey on COVID-19 Vaccines,,,,,,,,,,,
Minute Survey on COVID-19 Vacci,"Summer, Fall, Winter, New Year",cdc_covid_xx_firstdose,summer_minute_survey_on_covid19_vaccines,"Thank you for being part of the <i>All of Us</i> Research Program. We are interested in addressing one of the most important health topics of our time, COVID-19 vaccination. Help us learn more by completing this short survey. Participating in this survey may help researchers around the world better understand the impact of COVID-19 during this challenging time. This survey will take about two minutes to complete.
 
 If possible, please have your vaccination card with you as you complete the survey.",radio,Did you receive the first dose of the COVID-19 vaccination?,"COPE_A_44, Yes | COPE_A_13, No | cope_a_334, Not sure, I participated in a COVID-19 vaccination trial",,,,,,,,,,
Minute Survey on COVID-19 Vacci,"Summer, Fall, Winter, New Year",cdc_covid_xx_a_date1,summer_minute_survey_on_covid19_vaccines,,text,"Enter date of vaccination. If you can't remember the exact date you received your vaccine, use your best guess.",,date_mdy,43891,,[cdc_covid_xx_firstdose] = 'COPE_A_44',,,,,REGISTERED_QUESTION_SUPPRESSED,
Minute Survey on COVID-19 Vacci,"Summer, Fall, Winter, New Year",cdc_covid_xx_b_firstdose,summer_minute_survey_on_covid19_vaccines,,radio,Which vaccine did you receive for your first dose of the COVID-19 vaccination?,"cope_a_335, AstraZeneca | cope_a_336, Johnson & Johnson (Janssen Pharmaceuticals) | cope_a_330, Pfizer (Pfizer-BioNTech) | cope_a_331, Moderna | COPE_A_204, Other | COPE_A_52, Not sure",,,,[cdc_covid_xx_firstdose] = 'COPE_A_44',,,,,,
Minute Survey on COVID-19 Vacci,"Summer, Fall, Winter, New Year",cdc_covid_xx_b_firstdose_other,summer_minute_survey_on_covid19_vaccines,,text,Please specify:,,,,,[cdc_covid_xx_b_firstdose] = 'COPE_A_204',,,,,REGISTERED_QUESTION_SUPPRESSED,CONTROLLED_QUESTION_SUPPRESSED
Minute Survey on COVID-19 Vacci,"Summer, Fall, Winter, New Year",cdc_covid_xx_symptom,summer_minute_survey_on_covid19_vaccines,,checkbox,"Since receiving your first COVID-19 vaccine, have you experienced any of the following adverse reactions? Please select all that apply.","cope_a_337, Swelling, redness, and/or pain at the injection site | cope_a_338, Fever | cope_a_339, Guillain-Barre syndrome | cope_a_340, Headache | cope_a_341, Tiredness | cope_a_342, Muscle pain | cope_a_343, Chills | cope_a_344, Nausea | cope_a_345, Severe allergic reaction (anaphylaxis) | cope_a_346, Fainting or dizziness | cope_a_347, Multisystem inflammatory syndrome | cope_a_348, COVID-19 infection | cope_a_349, Hospitalization | cope_a_350, Other complication or event following vaccination | COPE_A_236, None of the above",,,,[cdc_covid_xx_firstdose] = 'COPE_A_44',,,,,,
Minute Survey on COVID-19 Vacci,"Summer, Fall, Winter, New Year",cdc_covid_xx_symptom_cope_350,summer_minute_survey_on_covid19_vaccines,,text,Please specify:,,,,,[cdc_covid_xx_symptom(cope_a_350)] = '1',,,,,REGISTERED_QUESTION_SUPPRESSED,CONTROLLED_QUESTION_SUPPRESSED
Minute Survey on COVID-19 Vacci,"Summer, Fall, Winter, New Year",cdc_covid_xx_seconddose,summer_minute_survey_on_covid19_vaccines,,radio,Did you receive the second dose of the COVID-19 vaccination?,"COPE_A_44, Yes | COPE_A_13, No",,,,[cdc_covid_xx_b_firstdose] = 'cope_a_335' or [cdc_covid_xx_b_firstdose] = 'cope_a_330' or [cdc_covid_xx_b_firstdose] = 'cope_a_331' or [cdc_covid_xx_b_firstdose] = 'COPE_A_204' or [cdc_covid_xx_b_firstdose] = 'COPE_A_52',,,,,,
Minute Survey on COVID-19 Vacci,"Summer, Fall, Winter, New Year",cdc_covid_xx_a_date2,summer_minute_survey_on_covid19_vaccines,,text,"Enter date of vaccination. If you can't remember the exact date you received your vaccine, use your best guess.",,date_mdy,43891,,[cdc_covid_xx_seconddose] = 'COPE_A_44',,,,,REGISTERED_QUESTION_SUPPRESSED,
Minute Survey on COVID-19 Vacci,"Summer, Fall, Winter, New Year",cdc_covid_xx_b_seconddose,summer_minute_survey_on_covid19_vaccines,,radio,Which vaccine did you receive for your second dose of the COVID-19 vaccination?,"cope_a_335, AstraZeneca | cope_a_330, Pfizer (Pfizer-BioNTech) | cope_a_331, Moderna | COPE_A_204, Other | COPE_A_52, Not sure",,,,[cdc_covid_xx_seconddose] = 'COPE_A_44',,,,,,
Minute Survey on COVID-19 Vacci,"Summer, Fall, Winter, New Year",cdc_covid_xx_b_seconddose_other,summer_minute_survey_on_covid19_vaccines,,text,Please specify:,,,,,[cdc_covid_xx_b_seconddose] = 'COPE_A_204',,,,,REGISTERED_QUESTION_SUPPRESSED,CONTROLLED_QUESTION_SUPPRESSED
Minute Survey on COVID-19 Vacci,"Summer, Fall, Winter, New Year",cdc_covid_xx_symptom_seconddose,summer_minute_survey_on_covid19_vaccines,,checkbox,"Since receiving your second COVID-19 vaccine, have you experienced any of the following adverse reactions? Please select all that apply.","cope_a_337, Swelling, redness, and/or pain at the injection site | cope_a_338, Fever | cope_a_339, Guillain-Barre syndrome | cope_a_340, Headache | cope_a_341, Tiredness | cope_a_342, Muscle pain | cope_a_343, Chills | cope_a_344, Nausea | cope_a_345, Severe allergic reaction (anaphylaxis) | cope_a_346, Fainting or dizziness | cope_a_347, Multisystem inflammatory syndrome | cope_a_348, COVID-19 infection | cope_a_349, Hospitalization | cope_a_350, Other complication or event following vaccination | COPE_A_236, None of the above",,,,[cdc_covid_xx_seconddose] = 'COPE_A_44',,,,,,
Minute Survey on COVID-19 Vacci,"Summer, Fall, Winter, New Year",cdc_covid_xx_symptom_seconddose_cope_350,summer_minute_survey_on_covid19_vaccines,,text,Please specify:,,,,,[cdc_covid_xx_symptom_seconddose(cope_a_350)] = '1',,,,,REGISTERED_QUESTION_SUPPRESSED,CONTROLLED_QUESTION_SUPPRESSED
Minute Survey on COVID-19 Vacci,"Summer, Fall, Winter, New Year",dmfs_xx_1,summer_minute_survey_on_covid19_vaccines,,radio,"When a COVID-19 vaccine is available to you, how likely are you to get vaccinated?","cope_a_318, Very likely | cope_a_317, Likely | cope_a_273, I do not know yet | cope_a_315, Unlikely | cope_a_316, Very unlikely",,,,[cdc_covid_xx_firstdose] = 'COPE_A_13' or [cdc_covid_xx_firstdose] = 'cope_a_334',,,,,,
Minute Survey on COVID-19 Vacci,"Summer, Fall, Winter, New Year",dmfs_29,summer_minute_survey_on_covid19_vaccines,,checkbox,What factors might make you less likely to get the vaccine? Please select all that apply.,"cope_a_303, I will not get/am never sick. | cope_a_290, It is just a virus/not fatal/not necessary. | cope_a_291, I never get vaccinated. | cope_a_292, I do not trust the vaccine. | cope_a_293, I do not want to pay for it. | cope_a_295, Vaccination location is not convenient. | cope_a_354, Difficulty in making an appointment | cope_a_288, It depends on the risks/adverse events. | cope_a_297, I have not thought about it yet. | cope_a_298, I am not in a risk group with underlying conditions. | cope_a_299, I need more information first. | cope_a_301, I have already had COVID-19. | cope_a_302, I am going to let others get it first (herd immunity). | cope_a_351, I have had severe allergic reactions to vaccines in the past. | cope_a_352, I am concerned that it will not interact well with other medications/treatments that I am currently taking. | cope_a_353, I am currently pregnant, planning a pregnancy, or breastfeeding. | COPE_A_202, Do not know yet. | COPE_A_204, Other",,,,[dmfs_xx_1] = 'cope_a_317' or [dmfs_xx_1] = 'cope_a_273' or [dmfs_xx_1] = 'cope_a_315' or [dmfs_xx_1] = 'cope_a_316',,,,,,
Minute Survey on COVID-19 Vacci,"Summer, Fall, Winter, New Year",dmfs_29a,summer_minute_survey_on_covid19_vaccines,,text,Please specify:,,,,,[dmfs_29(COPE_A_204)] = '1',,,,,REGISTERED_QUESTION_SUPPRESSED,CONTROLLED_QUESTION_SUPPRESSED
Minute Survey on COVID-19 Vacci,"Summer, Fall, Winter, New Year",dmfs_xx_1_seconddose,summer_minute_survey_on_covid19_vaccines,,radio,"When a second COVID-19 vaccine is available to you, how likely are you to get vaccinated?","cope_a_318, Very likely | cope_a_317, Likely | cope_a_273, I do not know yet | cope_a_315, Unlikely | cope_a_316, Very unlikely",,,,[cdc_covid_xx_seconddose] = 'COPE_A_13' and ([cdc_covid_xx_b_firstdose] = 'cope_a_335' or [cdc_covid_xx_b_firstdose] = 'cope_a_330' or [cdc_covid_xx_b_firstdose] = 'cope_a_331' or [cdc_covid_xx_b_firstdose] = 'COPE_A_204'),,,,,,
Minute Survey on COVID-19 Vacci,"Summer, Fall, Winter, New Year",dmfs_29_seconddose,summer_minute_survey_on_covid19_vaccines,,checkbox,What factors might make you less likely to get the vaccine? Please select all that apply.,"cope_a_293, I do not want to pay for it. | cope_a_354, Difficulty in making an appointment. | cope_a_355, I had a severe adverse reaction to the first COVID-19 dose. | cope_a_356, I know family/friends that had a severe adverse reaction to the second COVID-19 dose. | cope_a_353, I am currently pregnant, planning a pregnancy, or breastfeeding. | COPE_A_204, Other",,,,[dmfs_xx_1_seconddose] = 'cope_a_317' or [dmfs_xx_1_seconddose] = 'cope_a_273' or [dmfs_xx_1_seconddose] = 'cope_a_315' or [dmfs_xx_1_seconddose] = 'cope_a_316',,,,,,
Minute Survey on COVID-19 Vacci,"Summer, Fall, Winter, New Year",dmfs_29_seconddose_other,summer_minute_survey_on_covid19_vaccines,,text,Please specify:,,,,,[dmfs_29_seconddose(COPE_A_204)] = '1',,,,,REGISTERED_QUESTION_SUPPRESSED,CONTROLLED_QUESTION_SUPPRESSED
Minute Survey on COVID-19 Vacci,Fall,cope_vaccine2,fall_minute_survey_on_covid19_vaccines,,descriptive,COVID-19 Vaccine Survey,,,,,,,,,,,
Minute Survey on COVID-19 Vacci,Winter,cope_vaccine3,winter_minute_survey_on_covid19_vaccines,,descriptive,COVID-19 Vaccine Survey,,,,,,,,,,,
Minute Survey on COVID-19 Vacci,"Winter, New Year",cdc_covid_xx_dose3,winter_minute_survey_on_covid19_vaccines,,radio,Did you receive an additional dose of the COVID-19 vaccination? This includes boosters or additional full doses of the COVID-19 vaccine.,"COPE_A_44, Yes | COPE_A_13, No | COPE_A_52, Not sure",,,,[cdc_covid_xx_b_firstdose] = 'cope_a_336' or ([cdc_covid_xx_b_firstdose] = 'cope_a_335' or [cdc_covid_xx_b_firstdose] = 'cope_a_330' or [cdc_covid_xx_b_firstdose] = 'cope_a_331' or [cdc_covid_xx_b_firstdose] = 'COPE_A_52' or [cdc_covid_xx_b_firstdose] = 'COPE_A_204') and ([cdc_covid_xx_b_seconddose] = 'cope_a_335' or [cdc_covid_xx_b_seconddose] = 'cope_a_330' or [cdc_covid_xx_b_seconddose] = 'cope_a_331' or [cdc_covid_xx_b_seconddose] = 'COPE_A_52' or [cdc_covid_xx_b_seconddose] = 'COPE_A_204'),,,,,,
Minute Survey on COVID-19 Vacci,"Winter, New Year",cdc_covid_xx_a_date3,winter_minute_survey_on_covid19_vaccines,,text,"Enter date of vaccination. If you can't remember the exact date you received your vaccine, use your best guess.",,date_mdy,43891,,[cdc_covid_xx_dose3] = 'COPE_A_44',,,,,REGISTERED_QUESTION_SUPPRESSED,
Minute Survey on COVID-19 Vacci,"Winter, New Year",cdc_covid_xx_b_dose3,winter_minute_survey_on_covid19_vaccines,,radio,Which vaccine did you receive for your additional dose of the COVID-19 vaccination?,"cope_a_335, AstraZeneca | cope_a_336, Johnson & Johnson (Janssen Pharmaceuticals) | cope_a_330, Pfizer (Pfizer-BioNTech) | cope_a_331, Moderna | COPE_A_204, Other | COPE_A_52, Not sure",,,,[cdc_covid_xx_dose3] = 'COPE_A_44',,,,,,
Minute Survey on COVID-19 Vacci,"Winter, New Year",cdc_covid_xx_b_dose3_other,winter_minute_survey_on_covid19_vaccines,,text,Please specify:,,,,,[cdc_covid_xx_b_dose3] = 'COPE_A_204',,,,,REGISTERED_QUESTION_SUPPRESSED,CONTROLLED_QUESTION_SUPPRESSED
Minute Survey on COVID-19 Vacci,"Winter, New Year",cdc_covid_xx_symptom_dose3,winter_minute_survey_on_covid19_vaccines,,checkbox,"Since receiving your additional COVID-19 vaccine, have you experienced any of the following adverse reactions related to the vaccine? Please select all that apply.","cope_a_337, Swelling, redness, and/or pain at the injection site | cope_a_338, Fever | cope_a_339, Guillain-Barre syndrome | cope_a_340, Headache | cope_a_341, Tiredness | cope_a_342, Muscle pain | cope_a_343, Chills | cope_a_344, Nausea | cope_a_345, Severe allergic reaction (anaphylaxis) | cope_a_346, Fainting or dizziness | cope_a_347, Multisystem inflammatory syndrome | cope_a_348, COVID-19 infection | cope_a_349, Hospitalization | cope_a_357, Myocarditis | cope_a_358, Thrombocytopenia | cope_a_350, Other complication or event following vaccination | COPE_A_236, None of the above",,,,[cdc_covid_xx_dose3] = 'COPE_A_44',,,,,,
Minute Survey on COVID-19 Vacci,"Winter, New Year",cdc_covid_xx_symptom_cope_350_dose3,winter_minute_survey_on_covid19_vaccines,,text,Please specify:,,,,,[cdc_covid_xx_symptom_dose3(cope_a_350)] = '1',,,,,REGISTERED_QUESTION_SUPPRESSED,CONTROLLED_QUESTION_SUPPRESSED
Minute Survey on COVID-19 Vacci,"Winter, New Year",cdc_covid_xx_type_dose3,winter_minute_survey_on_covid19_vaccines,,radio,What type of vaccine did you receive for the additional dose?,"cope_a_361, Booster dose | cope_a_362, Additional full dose | COPE_A_204, Other | COPE_A_52, Not sure",,,,[cdc_covid_xx_dose3] = 'COPE_A_44',,,,,,
Minute Survey on COVID-19 Vacci,"Winter, New Year",cdc_covid_xx_type_dose3_other,winter_minute_survey_on_covid19_vaccines,,text,Please specify:,,,,,[cdc_covid_xx_type_dose3] = 'COPE_A_204',,,,,REGISTERED_QUESTION_SUPPRESSED,CONTROLLED_QUESTION_SUPPRESSED
Minute Survey on COVID-19 Vacci,"Winter, New Year",dmfs_xx_1_additionaldose,winter_minute_survey_on_covid19_vaccines,,radio,"If an additional dose is available to you, how likely are you to get vaccinated?","cope_a_318, Very likely | cope_a_317, Likely | cope_a_273, I do not know yet | cope_a_363, Not likely now, but maybe later | cope_a_315, Unlikely | cope_a_316, Very unlikely",,,,[cdc_covid_xx_dose3] = 'COPE_A_13' or [cdc_covid_xx_dose3] = 'COPE_A_52',,,,,,
Minute Survey on COVID-19 Vacci,"Winter, New Year",dmfs_29_additionaldose,winter_minute_survey_on_covid19_vaccines,,checkbox,What factors might make you less likely to get an additional dose? Please select all that apply.,"cope_a_293, I do not want to pay for it. | cope_a_354, Difficulty making an appointment. | cope_a_355, I had a severe adverse reaction to the first or second COVID-19 dose. | cope_a_356, I know family/friends that had a severe adverse reaction to the first or second COVID-19 dose. | cope_a_353, I am currently or planning to be pregnant or breastfeeding | cope_a_359, There is not enough data on additional doses. | cope_a_360, I had COVID-19 after being fully vaccinated. | cope_a_364, I think I'm sufficiently protected against COVID-19. | cope_a_365, I think I should wait to get my booster until more people around the world can get vaccinated. | COPE_A_204, Other",,,,[dmfs_xx_1_additionaldose] = 'cope_a_317' or [dmfs_xx_1_additionaldose] = 'cope_a_273' or [dmfs_xx_1_additionaldose] = 'cope_a_315' or [dmfs_xx_1_additionaldose] = 'cope_a_316' or [dmfs_xx_1_additionaldose] = 'cope_a_363',,,,,,
Minute Survey on COVID-19 Vacci,"Winter, New Year",dmfs_29_additionaldose_other,winter_minute_survey_on_covid19_vaccines,,text,Please specify:,,,,,[dmfs_29_additionaldose(COPE_A_204)] = '1',,,,,REGISTERED_QUESTION_SUPPRESSED,CONTROLLED_QUESTION_SUPPRESSED
Minute Survey on COVID-19 Vacci,"Winter, New Year",cdc_covid_xx_dose4,winter_minute_survey_on_covid19_vaccines,,radio,Have you received a dose in addition to the one(s) previously indicated? This includes boosters or additional full doses of the COVID-19 vaccine.,"COPE_A_44, Yes | COPE_A_13, No | COPE_A_52, Not sure",,,,[cdc_covid_xx_dose3] = 'COPE_A_44',,,,,,
Minute Survey on COVID-19 Vacci,"Winter, New Year",cdc_covid_xx_a_date4,winter_minute_survey_on_covid19_vaccines,,text,"Enter date of vaccination. If you can't remember the exact date you received your vaccine, use your best guess.",,date_mdy,43891,,[cdc_covid_xx_dose4] = 'COPE_A_44',,,,,REGISTERED_QUESTION_SUPPRESSED,
Minute Survey on COVID-19 Vacci,"Winter, New Year",cdc_covid_xx_b_dose4,winter_minute_survey_on_covid19_vaccines,,radio,Which vaccine did you receive for your additional dose of the COVID-19 vaccination?,"cope_a_335, AstraZeneca | cope_a_336, Johnson & Johnson (Janssen Pharmaceuticals) | cope_a_330, Pfizer (Pfizer-BioNTech) | cope_a_331, Moderna | COPE_A_204, Other | COPE_A_52, Not sure",,,,[cdc_covid_xx_dose4] = 'COPE_A_44',,,,,,
Minute Survey on COVID-19 Vacci,"Winter, New Year",cdc_covid_xx_b_dose4_other,winter_minute_survey_on_covid19_vaccines,,text,Please specify:,,,,,[cdc_covid_xx_b_dose4] = 'COPE_A_204',,,,,REGISTERED_QUESTION_SUPPRESSED,CONTROLLED_QUESTION_SUPPRESSED
Minute Survey on COVID-19 Vacci,"Winter, New Year",cdc_covid_xx_symptom_dose4,winter_minute_survey_on_covid19_vaccines,,checkbox,"Since receiving your additional COVID-19 vaccine, have you experienced any of the following adverse reactions related to the vaccine? Please select all that apply.","cope_a_337, Swelling, redness, and/or pain at the injection site | cope_a_338, Fever | cope_a_339, Guillain-Barre syndrome | cope_a_340, Headache | cope_a_341, Tiredness | cope_a_342, Muscle pain | cope_a_343, Chills | cope_a_344, Nausea | cope_a_345, Severe allergic reaction (anaphylaxis) | cope_a_346, Fainting or dizziness | cope_a_347, Multisystem inflammatory syndrome | cope_a_348, COVID-19 infection | cope_a_349, Hospitalization | cope_a_357, Myocarditis | cope_a_358, Thrombocytopenia | cope_a_350, Other complication or event following vaccination | COPE_A_236, None of the above",,,,[cdc_covid_xx_dose4] = 'COPE_A_44',,,,,,
Minute Survey on COVID-19 Vacci,"Winter, New Year",cdc_covid_xx_symptom_cope_350_dose4,winter_minute_survey_on_covid19_vaccines,,text,Please specify:,,,,,[cdc_covid_xx_symptom_dose4(cope_a_350)] = '1',,,,,REGISTERED_QUESTION_SUPPRESSED,CONTROLLED_QUESTION_SUPPRESSED
Minute Survey on COVID-19 Vacci,"Winter, New Year",cdc_covid_xx_type_dose4,winter_minute_survey_on_covid19_vaccines,,radio,What type of vaccine did you receive for the additional dose?,"cope_a_361, Booster dose | cope_a_362, Additional full dose | COPE_A_204, Other | COPE_A_52, Not sure",,,,[cdc_covid_xx_dose4] = 'COPE_A_44',,,,,,
Minute Survey on COVID-19 Vacci,"Winter, New Year",cdc_covid_xx_type_dose4_other,winter_minute_survey_on_covid19_vaccines,,text,Please specify:,,,,,[cdc_covid_xx_type_dose4] = 'COPE_A_204',,,,,REGISTERED_QUESTION_SUPPRESSED,CONTROLLED_QUESTION_SUPPRESSED
Minute Survey on COVID-19 Vacci,"Winter, New Year",cdc_covid_xx_dose5,winter_minute_survey_on_covid19_vaccines,,radio,Have you received a dose in addition to the one(s) previously indicated? This includes boosters or additional full doses of the COVID-19 vaccine.,"COPE_A_44, Yes | COPE_A_13, No | COPE_A_52, Not sure",,,,[cdc_covid_xx_dose4] = 'COPE_A_44',,,,,,
Minute Survey on COVID-19 Vacci,"Winter, New Year",cdc_covid_xx_a_date5,winter_minute_survey_on_covid19_vaccines,,text,"Enter date of vaccination. If you can't remember the exact date you received your vaccine, use your best guess.",,date_mdy,43891,,[cdc_covid_xx_dose5] = 'COPE_A_44',,,,,REGISTERED_QUESTION_SUPPRESSED,
Minute Survey on COVID-19 Vacci,"Winter, New Year",cdc_covid_xx_b_dose5,winter_minute_survey_on_covid19_vaccines,,radio,Which vaccine did you receive for your additional dose of the COVID-19 vaccination?,"cope_a_335, AstraZeneca | cope_a_336, Johnson & Johnson (Janssen Pharmaceuticals) | cope_a_330, Pfizer (Pfizer-BioNTech) | cope_a_331, Moderna | COPE_A_204, Other | COPE_A_52, Not sure",,,,[cdc_covid_xx_dose5] = 'COPE_A_44',,,,,,
Minute Survey on COVID-19 Vacci,"Winter, New Year",cdc_covid_xx_b_dose5_other,winter_minute_survey_on_covid19_vaccines,,text,Please specify:,,,,,[cdc_covid_xx_b_dose5] = 'COPE_A_204',,,,,REGISTERED_QUESTION_SUPPRESSED,CONTROLLED_QUESTION_SUPPRESSED
Minute Survey on COVID-19 Vacci,"Winter, New Year",cdc_covid_xx_symptom_dose5,winter_minute_survey_on_covid19_vaccines,,checkbox,"Since receiving your additional COVID-19 vaccine, have you experienced any of the following adverse reactions related to the vaccine? Please select all that apply.","cope_a_337, Swelling, redness, and/or pain at the injection site | cope_a_338, Fever | cope_a_339, Guillain-Barre syndrome | cope_a_340, Headache | cope_a_341, Tiredness | cope_a_342, Muscle pain | cope_a_343, Chills | cope_a_344, Nausea | cope_a_345, Severe allergic reaction (anaphylaxis) | cope_a_346, Fainting or dizziness | cope_a_347, Multisystem inflammatory syndrome | cope_a_348, COVID-19 infection | cope_a_349, Hospitalization | cope_a_357, Myocarditis | cope_a_358, Thrombocytopenia | cope_a_350, Other complication or event following vaccination | COPE_A_236, None of the above",,,,[cdc_covid_xx_dose5] = 'COPE_A_44',,,,,,
Minute Survey on COVID-19 Vacci,"Winter, New Year",cdc_covid_xx_symptom_cope_350_dose5,winter_minute_survey_on_covid19_vaccines,,text,Please specify:,,,,,[cdc_covid_xx_symptom_dose5(cope_a_350)] = '1',,,,,REGISTERED_QUESTION_SUPPRESSED,CONTROLLED_QUESTION_SUPPRESSED
Minute Survey on COVID-19 Vacci,"Winter, New Year",cdc_covid_xx_type_dose5,winter_minute_survey_on_covid19_vaccines,,radio,What type of vaccine did you receive for the additional dose?,"cope_a_361, Booster dose | cope_a_362, Additional full dose | COPE_A_204, Other | COPE_A_52, Not sure",,,,[cdc_covid_xx_dose5] = 'COPE_A_44',,,,,,
Minute Survey on COVID-19 Vacci,"Winter, New Year",cdc_covid_xx_type_dose5_other,winter_minute_survey_on_covid19_vaccines,,text,Please specify:,,,,,[cdc_covid_xx_type_dose5] = 'COPE_A_204',,,,,REGISTERED_QUESTION_SUPPRESSED,CONTROLLED_QUESTION_SUPPRESSED
Minute Survey on COVID-19 Vacci,"Winter, New Year",cdc_covid_xx_dose6,winter_minute_survey_on_covid19_vaccines,,radio,Have you received a dose in addition to the one(s) previously indicated? This includes boosters or additional full doses of the COVID-19 vaccine.,"COPE_A_44, Yes | COPE_A_13, No | COPE_A_52, Not sure",,,,[cdc_covid_xx_dose5] = 'COPE_A_44',,,,,,
Minute Survey on COVID-19 Vacci,"Winter, New Year",cdc_covid_xx_a_date6,winter_minute_survey_on_covid19_vaccines,,text,"Enter date of vaccination. If you can't remember the exact date you received your vaccine, use your best guess.",,date_mdy,43891,,[cdc_covid_xx_dose6] = 'COPE_A_44',,,,,REGISTERED_QUESTION_SUPPRESSED,
Minute Survey on COVID-19 Vacci,"Winter, New Year",cdc_covid_xx_b_dose6,winter_minute_survey_on_covid19_vaccines,,radio,Which vaccine did you receive for your additional dose of the COVID-19 vaccination?,"cope_a_335, AstraZeneca | cope_a_336, Johnson & Johnson (Janssen Pharmaceuticals) | cope_a_330, Pfizer (Pfizer-BioNTech) | cope_a_331, Moderna | COPE_A_204, Other | COPE_A_52, Not sure",,,,[cdc_covid_xx_dose6] = 'COPE_A_44',,,,,,
Minute Survey on COVID-19 Vacci,"Winter, New Year",cdc_covid_xx_b_dose6_other,winter_minute_survey_on_covid19_vaccines,,text,Please specify:,,,,,[cdc_covid_xx_b_dose6] = 'COPE_A_204',,,,,REGISTERED_QUESTION_SUPPRESSED,CONTROLLED_QUESTION_SUPPRESSED
Minute Survey on COVID-19 Vacci,"Winter, New Year",cdc_covid_xx_symptom_dose6,winter_minute_survey_on_covid19_vaccines,,checkbox,"Since receiving your additional COVID-19 vaccine, have you experienced any of the following adverse reactions related to the vaccine? Please select all that apply.","cope_a_337, Swelling, redness, and/or pain at the injection site | cope_a_338, Fever | cope_a_339, Guillain-Barre syndrome | cope_a_340, Headache | cope_a_341, Tiredness | cope_a_342, Muscle pain | cope_a_343, Chills | cope_a_344, Nausea | cope_a_345, Severe allergic reaction (anaphylaxis) | cope_a_346, Fainting or dizziness | cope_a_347, Multisystem inflammatory syndrome | cope_a_348, COVID-19 infection | cope_a_349, Hospitalization | cope_a_357, Myocarditis | cope_a_358, Thrombocytopenia | cope_a_350, Other complication or event following vaccination | COPE_A_236, None of the above",,,,[cdc_covid_xx_dose6] = 'COPE_A_44',,,,,,
Minute Survey on COVID-19 Vacci,"Winter, New Year",cdc_covid_xx_symptom_cope_350_dose6,winter_minute_survey_on_covid19_vaccines,,text,Please specify:,,,,,[cdc_covid_xx_symptom_dose6(cope_a_350)] = '1',,,,,REGISTERED_QUESTION_SUPPRESSED,CONTROLLED_QUESTION_SUPPRESSED
Minute Survey on COVID-19 Vacci,"Winter, New Year",cdc_covid_xx_type_dose6,winter_minute_survey_on_covid19_vaccines,,radio,What type of vaccine did you receive for the additional dose?,"cope_a_361, Booster dose | cope_a_362, Additional full dose | COPE_A_204, Other | COPE_A_52, Not sure",,,,[cdc_covid_xx_dose6] = 'COPE_A_44',,,,,,
Minute Survey on COVID-19 Vacci,"Winter, New Year",cdc_covid_xx_type_dose6_other,winter_minute_survey_on_covid19_vaccines,,text,Please specify:,,,,,[cdc_covid_xx_type_dose6] = 'COPE_A_204',,,,,REGISTERED_QUESTION_SUPPRESSED,CONTROLLED_QUESTION_SUPPRESSED
Minute Survey on COVID-19 Vacci,"Winter, New Year",cdc_covid_xx_dose7,winter_minute_survey_on_covid19_vaccines,,radio,Have you received a dose in addition to the one(s) previously indicated? This includes boosters or additional full doses of the COVID-19 vaccine.,"COPE_A_44, Yes | COPE_A_13, No | COPE_A_52, Not sure",,,,[cdc_covid_xx_dose6] = 'COPE_A_44',,,,,,
Minute Survey on COVID-19 Vacci,"Winter, New Year",cdc_covid_xx_a_date7,winter_minute_survey_on_covid19_vaccines,,text,"Enter date of vaccination. If you can't remember the exact date you received your vaccine, use your best guess.",,date_mdy,43891,,[cdc_covid_xx_dose7] = 'COPE_A_44',,,,,REGISTERED_QUESTION_SUPPRESSED,
Minute Survey on COVID-19 Vacci,"Winter, New Year",cdc_covid_xx_b_dose7,winter_minute_survey_on_covid19_vaccines,,radio,Which vaccine did you receive for your additional dose of the COVID-19 vaccination?,"cope_a_335, AstraZeneca | cope_a_336, Johnson & Johnson (Janssen Pharmaceuticals) | cope_a_330, Pfizer (Pfizer-BioNTech) | cope_a_331, Moderna | COPE_A_204, Other | COPE_A_52, Not sure",,,,[cdc_covid_xx_dose7] = 'COPE_A_44',,,,,,
Minute Survey on COVID-19 Vacci,"Winter, New Year",cdc_covid_xx_b_dose7_other,winter_minute_survey_on_covid19_vaccines,,text,Please specify:,,,,,[cdc_covid_xx_b_dose7] = 'COPE_A_204',,,,,REGISTERED_QUESTION_SUPPRESSED,CONTROLLED_QUESTION_SUPPRESSED
Minute Survey on COVID-19 Vacci,"Winter, New Year",cdc_covid_xx_symptom_dose7,winter_minute_survey_on_covid19_vaccines,,checkbox,"Since receiving your additional COVID-19 vaccine, have you experienced any of the following adverse reactions related to the vaccine? Please select all that apply.","cope_a_337, Swelling, redness, and/or pain at the injection site | cope_a_338, Fever | cope_a_339, Guillain-Barre syndrome | cope_a_340, Headache | cope_a_341, Tiredness | cope_a_342, Muscle pain | cope_a_343, Chills | cope_a_344, Nausea | cope_a_345, Severe allergic reaction (anaphylaxis) | cope_a_346, Fainting or dizziness | cope_a_347, Multisystem inflammatory syndrome | cope_a_348, COVID-19 infection | cope_a_349, Hospitalization | cope_a_357, Myocarditis | cope_a_358, Thrombocytopenia | cope_a_350, Other complication or event following vaccination | COPE_A_236, None of the above",,,,[cdc_covid_xx_dose7] = 'COPE_A_44',,,,,,
Minute Survey on COVID-19 Vacci,"Winter, New Year",cdc_covid_xx_symptom_cope_350_dose7,winter_minute_survey_on_covid19_vaccines,,text,Please specify:,,,,,[cdc_covid_xx_symptom_dose7(cope_a_350)] = '1',,,,,REGISTERED_QUESTION_SUPPRESSED,CONTROLLED_QUESTION_SUPPRESSED
Minute Survey on COVID-19 Vacci,"Winter, New Year",cdc_covid_xx_type_dose7,winter_minute_survey_on_covid19_vaccines,,radio,What type of vaccine did you receive for the additional dose?,"cope_a_361, Booster dose | cope_a_362, Additional full dose | COPE_A_204, Other | COPE_A_52, Not sure",,,,[cdc_covid_xx_dose7] = 'COPE_A_44',,,,,,
Minute Survey on COVID-19 Vacci,"Winter, New Year",cdc_covid_xx_type_dose7_other,winter_minute_survey_on_covid19_vaccines,,text,Please specify:,,,,,[cdc_covid_xx_type_dose7] = 'COPE_A_204',,,,,REGISTERED_QUESTION_SUPPRESSED,CONTROLLED_QUESTION_SUPPRESSED
Minute Survey on COVID-19 Vacci,"Winter, New Year",cdc_covid_xx_dose8,winter_minute_survey_on_covid19_vaccines,,radio,Have you received a dose in addition to the one(s) previously indicated? This includes boosters or additional full doses of the COVID-19 vaccine.,"COPE_A_44, Yes | COPE_A_13, No | COPE_A_52, Not sure",,,,[cdc_covid_xx_dose7] = 'COPE_A_44',,,,,,
Minute Survey on COVID-19 Vacci,"Winter, New Year",cdc_covid_xx_a_date8,winter_minute_survey_on_covid19_vaccines,,text,"Enter date of vaccination. If you can't remember the exact date you received your vaccine, use your best guess.",,date_mdy,43891,,[cdc_covid_xx_dose8] = 'COPE_A_44',,,,,REGISTERED_QUESTION_SUPPRESSED,
Minute Survey on COVID-19 Vacci,"Winter, New Year",cdc_covid_xx_b_dose8,winter_minute_survey_on_covid19_vaccines,,radio,Which vaccine did you receive for your additional dose of the COVID-19 vaccination?,"cope_a_335, AstraZeneca | cope_a_336, Johnson & Johnson (Janssen Pharmaceuticals) | cope_a_330, Pfizer (Pfizer-BioNTech) | cope_a_331, Moderna | COPE_A_204, Other | COPE_A_52, Not sure",,,,[cdc_covid_xx_dose8] = 'COPE_A_44',,,,,,
Minute Survey on COVID-19 Vacci,"Winter, New Year",cdc_covid_xx_b_dose8_other,winter_minute_survey_on_covid19_vaccines,,text,Please specify:,,,,,[cdc_covid_xx_b_dose8] = 'COPE_A_204',,,,,REGISTERED_QUESTION_SUPPRESSED,CONTROLLED_QUESTION_SUPPRESSED
Minute Survey on COVID-19 Vacci,"Winter, New Year",cdc_covid_xx_symptom_dose8,winter_minute_survey_on_covid19_vaccines,,checkbox,"Since receiving your additional COVID-19 vaccine, have you experienced any of the following adverse reactions related to the vaccine? Please select all that apply.","cope_a_337, Swelling, redness, and/or pain at the injection site | cope_a_338, Fever | cope_a_339, Guillain-Barre syndrome | cope_a_340, Headache | cope_a_341, Tiredness | cope_a_342, Muscle pain | cope_a_343, Chills | cope_a_344, Nausea | cope_a_345, Severe allergic reaction (anaphylaxis) | cope_a_346, Fainting or dizziness | cope_a_347, Multisystem inflammatory syndrome | cope_a_348, COVID-19 infection | cope_a_349, Hospitalization | cope_a_357, Myocarditis | cope_a_358, Thrombocytopenia | cope_a_350, Other complication or event following vaccination | COPE_A_236, None of the above",,,,[cdc_covid_xx_dose8] = 'COPE_A_44',,,,,,
Minute Survey on COVID-19 Vacci,"Winter, New Year",cdc_covid_xx_symptom_cope_350_dose8,winter_minute_survey_on_covid19_vaccines,,text,Please specify:,,,,,[cdc_covid_xx_symptom_dose8(cope_a_350)] = '1',,,,,REGISTERED_QUESTION_SUPPRESSED,CONTROLLED_QUESTION_SUPPRESSED
Minute Survey on COVID-19 Vacci,"Winter, New Year",cdc_covid_xx_type_dose8,winter_minute_survey_on_covid19_vaccines,,radio,What type of vaccine did you receive for the additional dose?,"cope_a_361, Booster dose | cope_a_362, Additional full dose | COPE_A_204, Other | COPE_A_52, Not sure",,,,[cdc_covid_xx_dose8] = 'COPE_A_44',,,,,,
Minute Survey on COVID-19 Vacci,"Winter, New Year",cdc_covid_xx_type_dose8_other,winter_minute_survey_on_covid19_vaccines,,text,Please specify:,,,,,[cdc_covid_xx_type_dose8] = 'COPE_A_204',,,,,REGISTERED_QUESTION_SUPPRESSED,CONTROLLED_QUESTION_SUPPRESSED
Minute Survey on COVID-19 Vacci,"Winter, New Year",cdc_covid_xx_dose9,winter_minute_survey_on_covid19_vaccines,,radio,Have you received a dose in addition to the one(s) previously indicated? This includes boosters or additional full doses of the COVID-19 vaccine.,"COPE_A_44, Yes | COPE_A_13, No | COPE_A_52, Not sure",,,,[cdc_covid_xx_dose8] = 'COPE_A_44',,,,,,
Minute Survey on COVID-19 Vacci,"Winter, New Year",cdc_covid_xx_a_date9,winter_minute_survey_on_covid19_vaccines,,text,"Enter date of vaccination. If you can't remember the exact date you received your vaccine, use your best guess.",,date_mdy,43891,,[cdc_covid_xx_dose9] = 'COPE_A_44',,,,,REGISTERED_QUESTION_SUPPRESSED,
Minute Survey on COVID-19 Vacci,"Winter, New Year",cdc_covid_xx_b_dose9,winter_minute_survey_on_covid19_vaccines,,radio,Which vaccine did you receive for your additional dose of the COVID-19 vaccination?,"cope_a_335, AstraZeneca | cope_a_336, Johnson & Johnson (Janssen Pharmaceuticals) | cope_a_330, Pfizer (Pfizer-BioNTech) | cope_a_331, Moderna | COPE_A_204, Other | COPE_A_52, Not sure",,,,[cdc_covid_xx_dose9] = 'COPE_A_44',,,,,,
Minute Survey on COVID-19 Vacci,"Winter, New Year",cdc_covid_xx_b_dose9_other,winter_minute_survey_on_covid19_vaccines,,text,Please specify:,,,,,[cdc_covid_xx_b_dose9] = 'COPE_A_204',,,,,REGISTERED_QUESTION_SUPPRESSED,CONTROLLED_QUESTION_SUPPRESSED
Minute Survey on COVID-19 Vacci,"Winter, New Year",cdc_covid_xx_symptom_dose9,winter_minute_survey_on_covid19_vaccines,,checkbox,"Since receiving your additional COVID-19 vaccine, have you experienced any of the following adverse reactions related to the vaccine? Please select all that apply.","cope_a_337, Swelling, redness, and/or pain at the injection site | cope_a_338, Fever | cope_a_339, Guillain-Barre syndrome | cope_a_340, Headache | cope_a_341, Tiredness | cope_a_342, Muscle pain | cope_a_343, Chills | cope_a_344, Nausea | cope_a_345, Severe allergic reaction (anaphylaxis) | cope_a_346, Fainting or dizziness | cope_a_347, Multisystem inflammatory syndrome | cope_a_348, COVID-19 infection | cope_a_349, Hospitalization | cope_a_357, Myocarditis | cope_a_358, Thrombocytopenia | cope_a_350, Other complication or event following vaccination | COPE_A_236, None of the above",,,,[cdc_covid_xx_dose9] = 'COPE_A_44',,,,,,
Minute Survey on COVID-19 Vacci,"Winter, New Year",cdc_covid_xx_symptom_cope_350_dose9,winter_minute_survey_on_covid19_vaccines,,text,Please specify:,,,,,[cdc_covid_xx_symptom_dose9(cope_a_350)] = '1',,,,,REGISTERED_QUESTION_SUPPRESSED,CONTROLLED_QUESTION_SUPPRESSED
Minute Survey on COVID-19 Vacci,"Winter, New Year",cdc_covid_xx_type_dose9,winter_minute_survey_on_covid19_vaccines,,radio,What type of vaccine did you receive for the additional dose?,"cope_a_361, Booster dose | cope_a_362, Additional full dose | COPE_A_204, Other | COPE_A_52, Not sure",,,,[cdc_covid_xx_dose9] = 'COPE_A_44',,,,,,
Minute Survey on COVID-19 Vacci,"Winter, New Year",cdc_covid_xx_type_dose9_other,winter_minute_survey_on_covid19_vaccines,,text,Please specify:,,,,,[cdc_covid_xx_type_dose9] = 'COPE_A_204',,,,,REGISTERED_QUESTION_SUPPRESSED,CONTROLLED_QUESTION_SUPPRESSED
Minute Survey on COVID-19 Vacci,"Winter, New Year",cdc_covid_xx_dose10,winter_minute_survey_on_covid19_vaccines,,radio,Have you received a dose in addition to the one(s) previously indicated? This includes boosters or additional full doses of the COVID-19 vaccine.,"COPE_A_44, Yes | COPE_A_13, No | COPE_A_52, Not sure",,,,[cdc_covid_xx_dose9] = 'COPE_A_44',,,,,,
Minute Survey on COVID-19 Vacci,"Winter, New Year",cdc_covid_xx_a_date10,winter_minute_survey_on_covid19_vaccines,,text,"Enter date of vaccination. If you can't remember the exact date you received your vaccine, use your best guess.",,date_mdy,43891,,[cdc_covid_xx_dose10] = 'COPE_A_44',,,,,REGISTERED_QUESTION_SUPPRESSED,
Minute Survey on COVID-19 Vacci,"Winter, New Year",cdc_covid_xx_b_dose10,winter_minute_survey_on_covid19_vaccines,,radio,Which vaccine did you receive for your additional dose of the COVID-19 vaccination?,"cope_a_335, AstraZeneca | cope_a_336, Johnson & Johnson (Janssen Pharmaceuticals) | cope_a_330, Pfizer (Pfizer-BioNTech) | cope_a_331, Moderna | COPE_A_204, Other | COPE_A_52, Not sure",,,,[cdc_covid_xx_dose10] = 'COPE_A_44',,,,,,
Minute Survey on COVID-19 Vacci,"Winter, New Year",cdc_covid_xx_b_dose10_other,winter_minute_survey_on_covid19_vaccines,,text,Please specify:,,,,,[cdc_covid_xx_b_dose10] = 'COPE_A_204',,,,,REGISTERED_QUESTION_SUPPRESSED,CONTROLLED_QUESTION_SUPPRESSED
Minute Survey on COVID-19 Vacci,"Winter, New Year",cdc_covid_xx_symptom_dose10,winter_minute_survey_on_covid19_vaccines,,checkbox,"Since receiving your additional COVID-19 vaccine, have you experienced any of the following adverse reactions related to the vaccine? Please select all that apply.","cope_a_337, Swelling, redness, and/or pain at the injection site | cope_a_338, Fever | cope_a_339, Guillain-Barre syndrome | cope_a_340, Headache | cope_a_341, Tiredness | cope_a_342, Muscle pain | cope_a_343, Chills | cope_a_344, Nausea | cope_a_345, Severe allergic reaction (anaphylaxis) | cope_a_346, Fainting or dizziness | cope_a_347, Multisystem inflammatory syndrome | cope_a_348, COVID-19 infection | cope_a_349, Hospitalization | cope_a_357, Myocarditis | cope_a_358, Thrombocytopenia | cope_a_350, Other complication or event following vaccination | COPE_A_236, None of the above",,,,[cdc_covid_xx_dose10] = 'COPE_A_44',,,,,,
Minute Survey on COVID-19 Vacci,"Winter, New Year",cdc_covid_xx_symptom_cope_350_dose10,winter_minute_survey_on_covid19_vaccines,,text,Please specify:,,,,,[cdc_covid_xx_symptom_dose10(cope_a_350)] = '1',,,,,REGISTERED_QUESTION_SUPPRESSED,CONTROLLED_QUESTION_SUPPRESSED
Minute Survey on COVID-19 Vacci,"Winter, New Year",cdc_covid_xx_type_dose10,winter_minute_survey_on_covid19_vaccines,,radio,What type of vaccine did you receive for the additional dose?,"cope_a_361, Booster dose | cope_a_362, Additional full dose | COPE_A_204, Other | COPE_A_52, Not sure",,,,[cdc_covid_xx_dose10] = 'COPE_A_44',,,,,,
Minute Survey on COVID-19 Vacci,"Winter, New Year",cdc_covid_xx_type_dose10_other,winter_minute_survey_on_covid19_vaccines,,text,Please specify:,,,,,[cdc_covid_xx_type_dose10] = 'COPE_A_204',,,,,REGISTERED_QUESTION_SUPPRESSED,CONTROLLED_QUESTION_SUPPRESSED
Minute Survey on COVID-19 Vacci,"Winter, New Year",cdc_covid_xx_dose11,winter_minute_survey_on_covid19_vaccines,,radio,Have you received a dose in addition to the one(s) previously indicated? This includes boosters or additional full doses of the COVID-19 vaccine.,"COPE_A_44, Yes | COPE_A_13, No | COPE_A_52, Not sure",,,,[cdc_covid_xx_dose10] = 'COPE_A_44',,,,,,
Minute Survey on COVID-19 Vacci,"Winter, New Year",cdc_covid_xx_a_date11,winter_minute_survey_on_covid19_vaccines,,text,"Enter date of vaccination. If you can't remember the exact date you received your vaccine, use your best guess.",,date_mdy,43891,,[cdc_covid_xx_dose11] = 'COPE_A_44',,,,,REGISTERED_QUESTION_SUPPRESSED,
Minute Survey on COVID-19 Vacci,"Winter, New Year",cdc_covid_xx_b_dose11,winter_minute_survey_on_covid19_vaccines,,radio,Which vaccine did you receive for your additional dose of the COVID-19 vaccination?,"cope_a_335, AstraZeneca | cope_a_336, Johnson & Johnson (Janssen Pharmaceuticals) | cope_a_330, Pfizer (Pfizer-BioNTech) | cope_a_331, Moderna | COPE_A_204, Other | COPE_A_52, Not sure",,,,[cdc_covid_xx_dose11] = 'COPE_A_44',,,,,,
Minute Survey on COVID-19 Vacci,"Winter, New Year",cdc_covid_xx_b_dose11_other,winter_minute_survey_on_covid19_vaccines,,text,Please specify:,,,,,[cdc_covid_xx_b_dose11] = 'COPE_A_204',,,,,REGISTERED_QUESTION_SUPPRESSED,CONTROLLED_QUESTION_SUPPRESSED
Minute Survey on COVID-19 Vacci,"Winter, New Year",cdc_covid_xx_symptom_dose11,winter_minute_survey_on_covid19_vaccines,,checkbox,"Since receiving your additional COVID-19 vaccine, have you experienced any of the following adverse reactions related to the vaccine? Please select all that apply.","cope_a_337, Swelling, redness, and/or pain at the injection site | cope_a_338, Fever | cope_a_339, Guillain-Barre syndrome | cope_a_340, Headache | cope_a_341, Tiredness | cope_a_342, Muscle pain | cope_a_343, Chills | cope_a_344, Nausea | cope_a_345, Severe allergic reaction (anaphylaxis) | cope_a_346, Fainting or dizziness | cope_a_347, Multisystem inflammatory syndrome | cope_a_348, COVID-19 infection | cope_a_349, Hospitalization | cope_a_357, Myocarditis | cope_a_358, Thrombocytopenia | cope_a_350, Other complication or event following vaccination | COPE_A_236, None of the above",,,,[cdc_covid_xx_dose11] = 'COPE_A_44',,,,,,
Minute Survey on COVID-19 Vacci,"Winter, New Year",cdc_covid_xx_symptom_cope_350_dose11,winter_minute_survey_on_covid19_vaccines,,text,Please specify:,,,,,[cdc_covid_xx_symptom_dose11(cope_a_350)] = '1',,,,,REGISTERED_QUESTION_SUPPRESSED,CONTROLLED_QUESTION_SUPPRESSED
Minute Survey on COVID-19 Vacci,"Winter, New Year",cdc_covid_xx_type_dose11,winter_minute_survey_on_covid19_vaccines,,radio,What type of vaccine did you receive for the additional dose?,"cope_a_361, Booster dose | cope_a_362, Additional full dose | COPE_A_204, Other | COPE_A_52, Not sure",,,,[cdc_covid_xx_dose11] = 'COPE_A_44',,,,,,
Minute Survey on COVID-19 Vacci,"Winter, New Year",cdc_covid_xx_type_dose11_other,winter_minute_survey_on_covid19_vaccines,,text,Please specify:,,,,,[cdc_covid_xx_type_dose11] = 'COPE_A_204',,,,,REGISTERED_QUESTION_SUPPRESSED,CONTROLLED_QUESTION_SUPPRESSED
Minute Survey on COVID-19 Vacci,"Winter, New Year",cdc_covid_xx_dose12,winter_minute_survey_on_covid19_vaccines,,radio,Have you received a dose in addition to the one(s) previously indicated? This includes boosters or additional full doses of the COVID-19 vaccine.,"COPE_A_44, Yes | COPE_A_13, No | COPE_A_52, Not sure",,,,[cdc_covid_xx_dose11] = 'COPE_A_44',,,,,,
Minute Survey on COVID-19 Vacci,"Winter, New Year",cdc_covid_xx_a_date12,winter_minute_survey_on_covid19_vaccines,,text,"Enter date of vaccination. If you can't remember the exact date you received your vaccine, use your best guess.",,date_mdy,43891,,[cdc_covid_xx_dose12] = 'COPE_A_44',,,,,REGISTERED_QUESTION_SUPPRESSED,
Minute Survey on COVID-19 Vacci,"Winter, New Year",cdc_covid_xx_b_dose12,winter_minute_survey_on_covid19_vaccines,,radio,Which vaccine did you receive for your additional dose of the COVID-19 vaccination?,"cope_a_335, AstraZeneca | cope_a_336, Johnson & Johnson (Janssen Pharmaceuticals) | cope_a_330, Pfizer (Pfizer-BioNTech) | cope_a_331, Moderna | COPE_A_204, Other | COPE_A_52, Not sure",,,,[cdc_covid_xx_dose12] = 'COPE_A_44',,,,,,
Minute Survey on COVID-19 Vacci,"Winter, New Year",cdc_covid_xx_b_dose12_other,winter_minute_survey_on_covid19_vaccines,,text,Please specify:,,,,,[cdc_covid_xx_b_dose12] = 'COPE_A_204',,,,,REGISTERED_QUESTION_SUPPRESSED,CONTROLLED_QUESTION_SUPPRESSED
Minute Survey on COVID-19 Vacci,"Winter, New Year",cdc_covid_xx_symptom_dose12,winter_minute_survey_on_covid19_vaccines,,checkbox,"Since receiving your additional COVID-19 vaccine, have you experienced any of the following adverse reactions related to the vaccine? Please select all that apply.","cope_a_337, Swelling, redness, and/or pain at the injection site | cope_a_338, Fever | cope_a_339, Guillain-Barre syndrome | cope_a_340, Headache | cope_a_341, Tiredness | cope_a_342, Muscle pain | cope_a_343, Chills | cope_a_344, Nausea | cope_a_345, Severe allergic reaction (anaphylaxis) | cope_a_346, Fainting or dizziness | cope_a_347, Multisystem inflammatory syndrome | cope_a_348, COVID-19 infection | cope_a_349, Hospitalization | cope_a_357, Myocarditis | cope_a_358, Thrombocytopenia | cope_a_350, Other complication or event following vaccination | COPE_A_236, None of the above",,,,[cdc_covid_xx_dose12] = 'COPE_A_44',,,,,,
Minute Survey on COVID-19 Vacci,"Winter, New Year",cdc_covid_xx_symptom_cope_350_dose12,winter_minute_survey_on_covid19_vaccines,,text,Please specify:,,,,,[cdc_covid_xx_symptom_dose12(cope_a_350)] = '1',,,,,REGISTERED_QUESTION_SUPPRESSED,CONTROLLED_QUESTION_SUPPRESSED
Minute Survey on COVID-19 Vacci,"Winter, New Year",cdc_covid_xx_type_dose12,winter_minute_survey_on_covid19_vaccines,,radio,What type of vaccine did you receive for the additional dose?,"cope_a_361, Booster dose | cope_a_362, Additional full dose | COPE_A_204, Other | COPE_A_52, Not sure",,,,[cdc_covid_xx_dose12] = 'COPE_A_44',,,,,,
Minute Survey on COVID-19 Vacci,"Winter, New Year",cdc_covid_xx_type_dose12_other,winter_minute_survey_on_covid19_vaccines,,text,Please specify:,,,,,[cdc_covid_xx_type_dose12] = 'COPE_A_204',,,,,REGISTERED_QUESTION_SUPPRESSED,CONTROLLED_QUESTION_SUPPRESSED
Minute Survey on COVID-19 Vacci,"Winter, New Year",cdc_covid_xx_dose13,winter_minute_survey_on_covid19_vaccines,,radio,Have you received a dose in addition to the one(s) previously indicated? This includes boosters or additional full doses of the COVID-19 vaccine.,"COPE_A_44, Yes | COPE_A_13, No | COPE_A_52, Not sure",,,,[cdc_covid_xx_dose12] = 'COPE_A_44',,,,,,
Minute Survey on COVID-19 Vacci,"Winter, New Year",cdc_covid_xx_a_date13,winter_minute_survey_on_covid19_vaccines,,text,"Enter date of vaccination. If you can't remember the exact date you received your vaccine, use your best guess.",,date_mdy,43891,,[cdc_covid_xx_dose13] = 'COPE_A_44',,,,,REGISTERED_QUESTION_SUPPRESSED,
Minute Survey on COVID-19 Vacci,"Winter, New Year",cdc_covid_xx_b_dose13,winter_minute_survey_on_covid19_vaccines,,radio,Which vaccine did you receive for your additional dose of the COVID-19 vaccination?,"cope_a_335, AstraZeneca | cope_a_336, Johnson & Johnson (Janssen Pharmaceuticals) | cope_a_330, Pfizer (Pfizer-BioNTech) | cope_a_331, Moderna | COPE_A_204, Other | COPE_A_52, Not sure",,,,[cdc_covid_xx_dose13] = 'COPE_A_44',,,,,,
Minute Survey on COVID-19 Vacci,"Winter, New Year",cdc_covid_xx_b_dose13_other,winter_minute_survey_on_covid19_vaccines,,text,Please specify:,,,,,[cdc_covid_xx_b_dose13] = 'COPE_A_204',,,,,REGISTERED_QUESTION_SUPPRESSED,CONTROLLED_QUESTION_SUPPRESSED
Minute Survey on COVID-19 Vacci,"Winter, New Year",cdc_covid_xx_symptom_dose13,winter_minute_survey_on_covid19_vaccines,,checkbox,"Since receiving your additional COVID-19 vaccine, have you experienced any of the following adverse reactions related to the vaccine? Please select all that apply.","cope_a_337, Swelling, redness, and/or pain at the injection site | cope_a_338, Fever | cope_a_339, Guillain-Barre syndrome | cope_a_340, Headache | cope_a_341, Tiredness | cope_a_342, Muscle pain | cope_a_343, Chills | cope_a_344, Nausea | cope_a_345, Severe allergic reaction (anaphylaxis) | cope_a_346, Fainting or dizziness | cope_a_347, Multisystem inflammatory syndrome | cope_a_348, COVID-19 infection | cope_a_349, Hospitalization | cope_a_357, Myocarditis | cope_a_358, Thrombocytopenia | cope_a_350, Other complication or event following vaccination | COPE_A_236, None of the above",,,,[cdc_covid_xx_dose13] = 'COPE_A_44',,,,,,
Minute Survey on COVID-19 Vacci,"Winter, New Year",cdc_covid_xx_symptom_cope_350_dose13,winter_minute_survey_on_covid19_vaccines,,text,Please specify:,,,,,[cdc_covid_xx_symptom_dose13(cope_a_350)] = '1',,,,,REGISTERED_QUESTION_SUPPRESSED,CONTROLLED_QUESTION_SUPPRESSED
Minute Survey on COVID-19 Vacci,"Winter, New Year",cdc_covid_xx_type_dose13,winter_minute_survey_on_covid19_vaccines,,radio,What type of vaccine did you receive for the additional dose?,"cope_a_361, Booster dose | cope_a_362, Additional full dose | COPE_A_204, Other | COPE_A_52, Not sure",,,,[cdc_covid_xx_dose13] = 'COPE_A_44',,,,,,
Minute Survey on COVID-19 Vacci,"Winter, New Year",cdc_covid_xx_type_dose13_other,winter_minute_survey_on_covid19_vaccines,,text,Please specify:,,,,,[cdc_covid_xx_type_dose13] = 'COPE_A_204',,,,,REGISTERED_QUESTION_SUPPRESSED,CONTROLLED_QUESTION_SUPPRESSED
Minute Survey on COVID-19 Vacci,"Winter, New Year",cdc_covid_xx_dose14,winter_minute_survey_on_covid19_vaccines,,radio,Have you received a dose in addition to the one(s) previously indicated? This includes boosters or additional full doses of the COVID-19 vaccine.,"COPE_A_44, Yes | COPE_A_13, No | COPE_A_52, Not sure",,,,[cdc_covid_xx_dose13] = 'COPE_A_44',,,,,,
Minute Survey on COVID-19 Vacci,"Winter, New Year",cdc_covid_xx_a_date14,winter_minute_survey_on_covid19_vaccines,,text,"Enter date of vaccination. If you can't remember the exact date you received your vaccine, use your best guess.",,date_mdy,43891,,[cdc_covid_xx_dose14] = 'COPE_A_44',,,,,REGISTERED_QUESTION_SUPPRESSED,
Minute Survey on COVID-19 Vacci,"Winter, New Year",cdc_covid_xx_b_dose14,winter_minute_survey_on_covid19_vaccines,,radio,Which vaccine did you receive for your additional dose of the COVID-19 vaccination?,"cope_a_335, AstraZeneca | cope_a_336, Johnson & Johnson (Janssen Pharmaceuticals) | cope_a_330, Pfizer (Pfizer-BioNTech) | cope_a_331, Moderna | COPE_A_204, Other | COPE_A_52, Not sure",,,,[cdc_covid_xx_dose14] = 'COPE_A_44',,,,,,
Minute Survey on COVID-19 Vacci,"Winter, New Year",cdc_covid_xx_b_dose14_other,winter_minute_survey_on_covid19_vaccines,,text,Please specify:,,,,,[cdc_covid_xx_b_dose14] = 'COPE_A_204',,,,,REGISTERED_QUESTION_SUPPRESSED,CONTROLLED_QUESTION_SUPPRESSED
Minute Survey on COVID-19 Vacci,"Winter, New Year",cdc_covid_xx_symptom_dose14,winter_minute_survey_on_covid19_vaccines,,checkbox,"Since receiving your additional COVID-19 vaccine, have you experienced any of the following adverse reactions related to the vaccine? Please select all that apply.","cope_a_337, Swelling, redness, and/or pain at the injection site | cope_a_338, Fever | cope_a_339, Guillain-Barre syndrome | cope_a_340, Headache | cope_a_341, Tiredness | cope_a_342, Muscle pain | cope_a_343, Chills | cope_a_344, Nausea | cope_a_345, Severe allergic reaction (anaphylaxis) | cope_a_346, Fainting or dizziness | cope_a_347, Multisystem inflammatory syndrome | cope_a_348, COVID-19 infection | cope_a_349, Hospitalization | cope_a_357, Myocarditis | cope_a_358, Thrombocytopenia | cope_a_350, Other complication or event following vaccination | COPE_A_236, None of the above",,,,[cdc_covid_xx_dose14] = 'COPE_A_44',,,,,,
Minute Survey on COVID-19 Vacci,"Winter, New Year",cdc_covid_xx_symptom_cope_350_dose14,winter_minute_survey_on_covid19_vaccines,,text,Please specify:,,,,,[cdc_covid_xx_symptom_dose14(cope_a_350)] = '1',,,,,REGISTERED_QUESTION_SUPPRESSED,CONTROLLED_QUESTION_SUPPRESSED
Minute Survey on COVID-19 Vacci,"Winter, New Year",cdc_covid_xx_type_dose14,winter_minute_survey_on_covid19_vaccines,,radio,What type of vaccine did you receive for the additional dose?,"cope_a_361, Booster dose | cope_a_362, Additional full dose | COPE_A_204, Other | COPE_A_52, Not sure",,,,[cdc_covid_xx_dose14] = 'COPE_A_44',,,,,,
Minute Survey on COVID-19 Vacci,"Winter, New Year",cdc_covid_xx_type_dose14_other,winter_minute_survey_on_covid19_vaccines,,text,Please specify:,,,,,[cdc_covid_xx_type_dose14] = 'COPE_A_204',,,,,REGISTERED_QUESTION_SUPPRESSED,CONTROLLED_QUESTION_SUPPRESSED
Minute Survey on COVID-19 Vacci,"Winter, New Year",cdc_covid_xx_dose15,winter_minute_survey_on_covid19_vaccines,,radio,Have you received a dose in addition to the one(s) previously indicated? This includes boosters or additional full doses of the COVID-19 vaccine.,"COPE_A_44, Yes | COPE_A_13, No | COPE_A_52, Not sure",,,,[cdc_covid_xx_dose14] = 'COPE_A_44',,,,,,
Minute Survey on COVID-19 Vacci,"Winter, New Year",cdc_covid_xx_a_date15,winter_minute_survey_on_covid19_vaccines,,text,"Enter date of vaccination. If you can't remember the exact date you received your vaccine, use your best guess.",,date_mdy,43891,,[cdc_covid_xx_dose15] = 'COPE_A_44',,,,,REGISTERED_QUESTION_SUPPRESSED,
Minute Survey on COVID-19 Vacci,"Winter, New Year",cdc_covid_xx_b_dose15,winter_minute_survey_on_covid19_vaccines,,radio,Which vaccine did you receive for your additional dose of the COVID-19 vaccination?,"cope_a_335, AstraZeneca | cope_a_336, Johnson & Johnson (Janssen Pharmaceuticals) | cope_a_330, Pfizer (Pfizer-BioNTech) | cope_a_331, Moderna | COPE_A_204, Other | COPE_A_52, Not sure",,,,[cdc_covid_xx_dose15] = 'COPE_A_44',,,,,,
Minute Survey on COVID-19 Vacci,"Winter, New Year",cdc_covid_xx_b_dose15_other,winter_minute_survey_on_covid19_vaccines,,text,Please specify:,,,,,[cdc_covid_xx_b_dose15] = 'COPE_A_204',,,,,REGISTERED_QUESTION_SUPPRESSED,CONTROLLED_QUESTION_SUPPRESSED
Minute Survey on COVID-19 Vacci,"Winter, New Year",cdc_covid_xx_symptom_dose15,winter_minute_survey_on_covid19_vaccines,,checkbox,"Since receiving your additional COVID-19 vaccine, have you experienced any of the following adverse reactions related to the vaccine? Please select all that apply.","cope_a_337, Swelling, redness, and/or pain at the injection site | cope_a_338, Fever | cope_a_339, Guillain-Barre syndrome | cope_a_340, Headache | cope_a_341, Tiredness | cope_a_342, Muscle pain | cope_a_343, Chills | cope_a_344, Nausea | cope_a_345, Severe allergic reaction (anaphylaxis) | cope_a_346, Fainting or dizziness | cope_a_347, Multisystem inflammatory syndrome | cope_a_348, COVID-19 infection | cope_a_349, Hospitalization | cope_a_357, Myocarditis | cope_a_358, Thrombocytopenia | cope_a_350, Other complication or event following vaccination | COPE_A_236, None of the above",,,,[cdc_covid_xx_dose15] = 'COPE_A_44',,,,,,
Minute Survey on COVID-19 Vacci,"Winter, New Year",cdc_covid_xx_symptom_cope_350_dose15,winter_minute_survey_on_covid19_vaccines,,text,Please specify:,,,,,[cdc_covid_xx_symptom_dose15(cope_a_350)] = '1',,,,,REGISTERED_QUESTION_SUPPRESSED,CONTROLLED_QUESTION_SUPPRESSED
Minute Survey on COVID-19 Vacci,"Winter, New Year",cdc_covid_xx_type_dose15,winter_minute_survey_on_covid19_vaccines,,radio,What type of vaccine did you receive for the additional dose?,"cope_a_361, Booster dose | cope_a_362, Additional full dose | COPE_A_204, Other | COPE_A_52, Not sure",,,,[cdc_covid_xx_dose15] = 'COPE_A_44',,,,,,
Minute Survey on COVID-19 Vacci,"Winter, New Year",cdc_covid_xx_type_dose15_other,winter_minute_survey_on_covid19_vaccines,,text,Please specify:,,,,,[cdc_covid_xx_type_dose15] = 'COPE_A_204',,,,,REGISTERED_QUESTION_SUPPRESSED,CONTROLLED_QUESTION_SUPPRESSED
Minute Survey on COVID-19 Vacci,"Winter, New Year",cdc_covid_xx_dose16,winter_minute_survey_on_covid19_vaccines,,radio,Have you received a dose in addition to the one(s) previously indicated? This includes boosters or additional full doses of the COVID-19 vaccine.,"COPE_A_44, Yes | COPE_A_13, No | COPE_A_52, Not sure",,,,[cdc_covid_xx_dose15] = 'COPE_A_44',,,,,,
Minute Survey on COVID-19 Vacci,"Winter, New Year",cdc_covid_xx_a_date16,winter_minute_survey_on_covid19_vaccines,,text,"Enter date of vaccination. If you can't remember the exact date you received your vaccine, use your best guess.",,date_mdy,43891,,[cdc_covid_xx_dose16] = 'COPE_A_44',,,,,REGISTERED_QUESTION_SUPPRESSED,
Minute Survey on COVID-19 Vacci,"Winter, New Year",cdc_covid_xx_b_dose16,winter_minute_survey_on_covid19_vaccines,,radio,Which vaccine did you receive for your additional dose of the COVID-19 vaccination?,"cope_a_335, AstraZeneca | cope_a_336, Johnson & Johnson (Janssen Pharmaceuticals) | cope_a_330, Pfizer (Pfizer-BioNTech) | cope_a_331, Moderna | COPE_A_204, Other | COPE_A_52, Not sure",,,,[cdc_covid_xx_dose16] = 'COPE_A_44',,,,,,
Minute Survey on COVID-19 Vacci,"Winter, New Year",cdc_covid_xx_b_dose16_other,winter_minute_survey_on_covid19_vaccines,,text,Please specify:,,,,,[cdc_covid_xx_b_dose16] = 'COPE_A_204',,,,,REGISTERED_QUESTION_SUPPRESSED,CONTROLLED_QUESTION_SUPPRESSED
Minute Survey on COVID-19 Vacci,"Winter, New Year",cdc_covid_xx_symptom_dose16,winter_minute_survey_on_covid19_vaccines,,checkbox,"Since receiving your additional COVID-19 vaccine, have you experienced any of the following adverse reactions related to the vaccine? Please select all that apply.","cope_a_337, Swelling, redness, and/or pain at the injection site | cope_a_338, Fever | cope_a_339, Guillain-Barre syndrome | cope_a_340, Headache | cope_a_341, Tiredness | cope_a_342, Muscle pain | cope_a_343, Chills | cope_a_344, Nausea | cope_a_345, Severe allergic reaction (anaphylaxis) | cope_a_346, Fainting or dizziness | cope_a_347, Multisystem inflammatory syndrome | cope_a_348, COVID-19 infection | cope_a_349, Hospitalization | cope_a_357, Myocarditis | cope_a_358, Thrombocytopenia | cope_a_350, Other complication or event following vaccination | COPE_A_236, None of the above",,,,[cdc_covid_xx_dose16] = 'COPE_A_44',,,,,,
Minute Survey on COVID-19 Vacci,"Winter, New Year",cdc_covid_xx_symptom_cope_350_dose16,winter_minute_survey_on_covid19_vaccines,,text,Please specify:,,,,,[cdc_covid_xx_symptom_dose16(cope_a_350)] = '1',,,,,REGISTERED_QUESTION_SUPPRESSED,CONTROLLED_QUESTION_SUPPRESSED
Minute Survey on COVID-19 Vacci,"Winter, New Year",cdc_covid_xx_type_dose16,winter_minute_survey_on_covid19_vaccines,,radio,What type of vaccine did you receive for the additional dose?,"cope_a_361, Booster dose | cope_a_362, Additional full dose | COPE_A_204, Other | COPE_A_52, Not sure",,,,[cdc_covid_xx_dose16] = 'COPE_A_44',,,,,,
Minute Survey on COVID-19 Vacci,"Winter, New Year",cdc_covid_xx_type_dose16_other,winter_minute_survey_on_covid19_vaccines,,text,Please specify:,,,,,[cdc_covid_xx_type_dose16] = 'COPE_A_204',,,,,REGISTERED_QUESTION_SUPPRESSED,CONTROLLED_QUESTION_SUPPRESSED
Minute Survey on COVID-19 Vacci,"Winter, New Year",cdc_covid_xx_dose17,winter_minute_survey_on_covid19_vaccines,,radio,Have you received a dose in addition to the one(s) previously indicated? This includes boosters or additional full doses of the COVID-19 vaccine.,"COPE_A_44, Yes | COPE_A_13, No | COPE_A_52, Not sure",,,,[cdc_covid_xx_dose16] = 'COPE_A_44',,,,,,
Minute Survey on COVID-19 Vacci,"Winter, New Year",cdc_covid_xx_a_date17,winter_minute_survey_on_covid19_vaccines,,text,"Enter date of vaccination. If you can't remember the exact date you received your vaccine, use your best guess.",,date_mdy,43891,,[cdc_covid_xx_dose17] = 'COPE_A_44',,,,,REGISTERED_QUESTION_SUPPRESSED,
Minute Survey on COVID-19 Vacci,"Winter, New Year",cdc_covid_xx_b_dose17,winter_minute_survey_on_covid19_vaccines,,radio,Which vaccine did you receive for your additional dose of the COVID-19 vaccination?,"cope_a_335, AstraZeneca | cope_a_336, Johnson & Johnson (Janssen Pharmaceuticals) | cope_a_330, Pfizer (Pfizer-BioNTech) | cope_a_331, Moderna | COPE_A_204, Other | COPE_A_52, Not sure",,,,[cdc_covid_xx_dose17] = 'COPE_A_44',,,,,,
Minute Survey on COVID-19 Vacci,"Winter, New Year",cdc_covid_xx_b_dose17_other,winter_minute_survey_on_covid19_vaccines,,text,Please specify:,,,,,[cdc_covid_xx_b_dose17] = 'COPE_A_204',,,,,REGISTERED_QUESTION_SUPPRESSED,CONTROLLED_QUESTION_SUPPRESSED
Minute Survey on COVID-19 Vacci,"Winter, New Year",cdc_covid_xx_symptom_dose17,winter_minute_survey_on_covid19_vaccines,,checkbox,"Since receiving your additional COVID-19 vaccine, have you experienced any of the following adverse reactions related to the vaccine? Please select all that apply.","cope_a_337, Swelling, redness, and/or pain at the injection site | cope_a_338, Fever | cope_a_339, Guillain-Barre syndrome | cope_a_340, Headache | cope_a_341, Tiredness | cope_a_342, Muscle pain | cope_a_343, Chills | cope_a_344, Nausea | cope_a_345, Severe allergic reaction (anaphylaxis) | cope_a_346, Fainting or dizziness | cope_a_347, Multisystem inflammatory syndrome | cope_a_348, COVID-19 infection | cope_a_349, Hospitalization | cope_a_357, Myocarditis | cope_a_358, Thrombocytopenia | cope_a_350, Other complication or event following vaccination | COPE_A_236, None of the above",,,,[cdc_covid_xx_dose17] = 'COPE_A_44',,,,,,
Minute Survey on COVID-19 Vacci,"Winter, New Year",cdc_covid_xx_symptom_cope_350_dose17,winter_minute_survey_on_covid19_vaccines,,text,Please specify:,,,,,[cdc_covid_xx_symptom_dose17(cope_a_350)] = '1',,,,,REGISTERED_QUESTION_SUPPRESSED,CONTROLLED_QUESTION_SUPPRESSED
Minute Survey on COVID-19 Vacci,"Winter, New Year",cdc_covid_xx_type_dose17,winter_minute_survey_on_covid19_vaccines,,radio,What type of vaccine did you receive for the additional dose?,"cope_a_361, Booster dose | cope_a_362, Additional full dose | COPE_A_204, Other | COPE_A_52, Not sure",,,,[cdc_covid_xx_dose17] = 'COPE_A_44',,,,,,
Minute Survey on COVID-19 Vacci,"Winter, New Year",cdc_covid_xx_type_dose17_other,winter_minute_survey_on_covid19_vaccines,,text,Please specify:,,,,,[cdc_covid_xx_type_dose17] = 'COPE_A_204',,,,,REGISTERED_QUESTION_SUPPRESSED,CONTROLLED_QUESTION_SUPPRESSED
Minute Survey on COVID-19 Vacci,New Year,cope_vaccine4,new_year_survey_on_covid19_vaccines,,descriptive,COVID-19 Vaccine Survey,,,,,,,,,,,
